molecule,view,geometry_id,column_index,eigenvalue
LiH,Run1_exact,001,0,-9.304761282249547e-17
LiH,Run1_exact,001,1,6.140617626051334e-19
LiH,Run1_exact,001,2,8.704761780552117e-17
LiH,Run1_exact,001,3,0.02477415965048326
LiH,Run1_exact,001,4,2.0000000000000013
LiH,Run1_exact,002,0,-1.5644721038772392e-16
LiH,Run1_exact,002,1,-5.005413034466713e-19
LiH,Run1_exact,002,2,6.829850609181497e-17
LiH,Run1_exact,002,3,0.02488526733997596
LiH,Run1_exact,002,4,1.9999999999999998
LiH,Run1_exact,003,0,-1.7764885550183692e-16
LiH,Run1_exact,003,1,-2.3912356489108776e-19
LiH,Run1_exact,003,2,1.8721019080748015e-16
LiH,Run1_exact,003,3,0.025016183550695244
LiH,Run1_exact,003,4,2.0000000000000018
LiH,Run1_exact,004,0,-2.1652116946184325e-19
LiH,Run1_exact,004,1,1.2885298340567845e-16
LiH,Run1_exact,004,2,2.1267709755277432e-16
LiH,Run1_exact,004,3,0.02516426752575295
LiH,Run1_exact,004,4,1.999999999999996
LiH,Run1_exact,005,0,-1.3250463100911958e-16
LiH,Run1_exact,005,1,-4.7662727929990244e-20
LiH,Run1_exact,005,2,1.4324371728860271e-16
LiH,Run1_exact,005,3,0.025327094620456507
LiH,Run1_exact,005,4,1.999999999999997
LiH,Run1_exact,006,0,-7.680426017540016e-17
LiH,Run1_exact,006,1,2.16001295502943e-20
LiH,Run1_exact,006,2,1.5356884867445953e-16
LiH,Run1_exact,006,3,0.02550244296376723
LiH,Run1_exact,006,4,2.000000000000003
LiH,Run1_exact,007,0,-1.8870298000291225e-16
LiH,Run1_exact,007,1,-1.2467330755764006e-17
LiH,Run1_exact,007,2,-9.964302535108816e-20
LiH,Run1_exact,007,3,0.02568828087209604
LiH,Run1_exact,007,4,1.9999999999999982
LiH,Run1_exact,008,0,6.37305550972344e-19
LiH,Run1_exact,008,1,1.1473432739334949e-17
LiH,Run1_exact,008,2,1.175954488131593e-16
LiH,Run1_exact,008,3,0.025882754913093064
LiH,Run1_exact,008,4,1.9999999999999982
LiH,Run1_exact,009,0,-8.675227331911928e-17
LiH,Run1_exact,009,1,2.294751246142947e-19
LiH,Run1_exact,009,2,1.1610149955911765e-16
LiH,Run1_exact,009,3,0.02608417854559278
LiH,Run1_exact,009,4,1.999999999999999
LiH,Run1_exact,010,0,-5.3066686587695703e-17
LiH,Run1_exact,010,1,-1.2251555108638187e-19
LiH,Run1_exact,010,2,1.4923706601263095e-17
LiH,Run1_exact,010,3,0.02629102126964618
LiH,Run1_exact,010,4,1.999999999999997
LiH,Run1_exact,011,0,-1.5310303428326917e-16
LiH,Run1_exact,011,1,-3.820355210055847e-19
LiH,Run1_exact,011,2,1.57184076516961e-16
LiH,Run1_exact,011,3,0.02650189824503509
LiH,Run1_exact,011,4,1.9999999999999987
LiH,Run1_exact,012,0,-2.668614127913215e-16
LiH,Run1_exact,012,1,8.346696005764528e-20
LiH,Run1_exact,012,2,1.2198391202582061e-16
LiH,Run1_exact,012,3,0.026715560346295814
LiH,Run1_exact,012,4,1.9999999999999996
LiH,Run1_exact,013,0,-1.3170645124576142e-16
LiH,Run1_exact,013,1,-1.9526616595107935e-19
LiH,Run1_exact,013,2,1.4085826261851727e-17
LiH,Run1_exact,013,3,0.02693088463412942
LiH,Run1_exact,013,4,1.9999999999999996
LiH,Run1_exact,014,0,-3.8208729559911974e-20
LiH,Run1_exact,014,1,3.9083156658104324e-17
LiH,Run1_exact,014,2,2.6891276330386263e-16
LiH,Run1_exact,014,3,0.02714686523154713
LiH,Run1_exact,014,4,2.0000000000000044
LiH,Run1_exact,015,0,-1.9238243176626315e-16
LiH,Run1_exact,015,1,-7.01184214236742e-17
LiH,Run1_exact,015,2,1.1716910570248177e-19
LiH,Run1_exact,015,3,0.02736260459998431
LiH,Run1_exact,015,4,2.0
LiH,Run1_exact,016,0,-1.1918805294757766e-16
LiH,Run1_exact,016,1,-2.383805270127174e-19
LiH,Run1_exact,016,2,2.3389053702843683e-17
LiH,Run1_exact,016,3,0.02757730521172516
LiH,Run1_exact,016,4,2.000000000000001
LiH,Run1_exact,017,0,-6.076002368727845e-17
LiH,Run1_exact,017,1,-1.3141282489478393e-19
LiH,Run1_exact,017,2,1.1569264521629248e-16
LiH,Run1_exact,017,3,0.02779026162224028
LiH,Run1_exact,017,4,1.9999999999999987
LiH,Run1_exact,018,0,-1.2913359725210986e-16
LiH,Run1_exact,018,1,1.3279732334535464e-19
LiH,Run1_exact,018,2,4.220448344782519e-17
LiH,Run1_exact,018,3,0.02800085294179469
LiH,Run1_exact,018,4,2.000000000000002
LiH,Run1_exact,019,0,-2.0417897087755632e-16
LiH,Run1_exact,019,1,1.0050903921304995e-19
LiH,Run1_exact,019,2,5.0156855313038056e-17
LiH,Run1_exact,019,3,0.028208535708450486
LiH,Run1_exact,019,4,1.9999999999999982
LiH,Run1_exact,020,0,-8.204271405945912e-20
LiH,Run1_exact,020,1,4.398622888095374e-17
LiH,Run1_exact,020,2,5.5416349148356675e-17
LiH,Run1_exact,020,3,0.028412837162376456
LiH,Run1_exact,020,4,2.000000000000002
LiH,Run1_exact,021,0,-8.748815428485975e-17
LiH,Run1_exact,021,1,-2.9922828335935e-20
LiH,Run1_exact,021,2,2.752398606827614e-16
LiH,Run1_exact,021,3,0.028613348919741585
LiH,Run1_exact,021,4,1.9999999999999973
LiH,Run1_exact,022,0,-1.3178686241126874e-19
LiH,Run1_exact,022,1,4.81230869883365e-17
LiH,Run1_exact,022,2,1.0069834749383374e-16
LiH,Run1_exact,022,3,0.028809721042660965
LiH,Run1_exact,022,4,2.000000000000001
LiH,Run1_exact,023,0,-2.8505446107540383e-16
LiH,Run1_exact,023,1,-7.32390215417974e-18
LiH,Run1_exact,023,2,-7.765511785521918e-21
LiH,Run1_exact,023,3,0.029001656499078887
LiH,Run1_exact,023,4,1.9999999999999996
LiH,Run1_exact,024,0,-1.7709665391875536e-16
LiH,Run1_exact,024,1,-2.0158555825645762e-17
LiH,Run1_exact,024,2,3.944974481040816e-20
LiH,Run1_exact,024,3,0.02918890600458753
LiH,Run1_exact,024,4,1.9999999999999967
LiH,Run1_exact,025,0,-1.5201294848072235e-16
LiH,Run1_exact,025,1,-5.868603317241786e-20
LiH,Run1_exact,025,2,5.738393214760649e-17
LiH,Run1_exact,025,3,0.029371263235943985
LiH,Run1_exact,025,4,1.9999999999999951
LiH,Run1_exact,026,0,-8.116850052746626e-17
LiH,Run1_exact,026,1,-1.1137865182264142e-19
LiH,Run1_exact,026,2,8.396313974899263e-17
LiH,Run1_exact,026,3,0.02954856040415436
LiH,Run1_exact,026,4,1.9999999999999991
LiH,Run1_exact,027,0,-3.689893041699178e-17
LiH,Run1_exact,027,1,5.1646962567302925e-20
LiH,Run1_exact,027,2,1.807537690934613e-16
LiH,Run1_exact,027,3,0.0297206641733487
LiH,Run1_exact,027,4,2.0000000000000036
LiH,Run1_exact,028,0,-6.833471527754314e-17
LiH,Run1_exact,028,1,8.875417747118552e-21
LiH,Run1_exact,028,2,3.5479171243983297e-17
LiH,Run1_exact,028,3,0.029887471910410395
LiH,Run1_exact,028,4,1.9999999999999996
LiH,Run1_exact,029,0,-6.274143399553091e-17
LiH,Run1_exact,029,1,6.023782919089302e-20
LiH,Run1_exact,029,2,1.3628785109308842e-17
LiH,Run1_exact,029,3,0.03004890824912891
LiH,Run1_exact,029,4,2.0000000000000036
LiH,Run1_exact,030,0,-1.8085790961116213e-16
LiH,Run1_exact,030,1,-1.9775703106513514e-17
LiH,Run1_exact,030,2,5.544288941313697e-20
LiH,Run1_exact,030,3,0.03020492195201857
LiH,Run1_exact,030,4,2.0000000000000004
BeH2,Run1_exact,001,0,-1.920140691115947e-16
BeH2,Run1_exact,001,1,4.9756502196130133e-17
BeH2,Run1_exact,001,2,3.4912066274649268e-16
BeH2,Run1_exact,001,3,0.00982694662093019
BeH2,Run1_exact,001,4,1.9999999999999971
BeH2,Run1_exact,001,5,1.9999999999999978
BeH2,Run1_exact,002,0,-6.21586884645846e-17
BeH2,Run1_exact,002,1,-2.741747136556183e-17
BeH2,Run1_exact,002,2,1.7959178447368112e-16
BeH2,Run1_exact,002,3,0.010204172049327206
BeH2,Run1_exact,002,4,1.9999999999999993
BeH2,Run1_exact,002,5,1.9999999999999996
BeH2,Run1_exact,003,0,-4.769551566610729e-17
BeH2,Run1_exact,003,1,1.0271747084083896e-16
BeH2,Run1_exact,003,2,2.7497709765313936e-16
BeH2,Run1_exact,003,3,0.010576546034458234
BeH2,Run1_exact,003,4,1.9999999999999991
BeH2,Run1_exact,003,5,2.0000000000000004
BeH2,Run1_exact,004,0,-2.4650980407945003e-16
BeH2,Run1_exact,004,1,-1.1254571046664962e-16
BeH2,Run1_exact,004,2,2.78030556019993e-17
BeH2,Run1_exact,004,3,0.010943722842010395
BeH2,Run1_exact,004,4,1.9999999999999971
BeH2,Run1_exact,004,5,2.000000000000005
BeH2,Run1_exact,005,0,-2.4504436619317888e-18
BeH2,Run1_exact,005,1,6.754253469877959e-17
BeH2,Run1_exact,005,2,8.15217563736958e-17
BeH2,Run1_exact,005,3,0.011305392528216496
BeH2,Run1_exact,005,4,1.9999999999999991
BeH2,Run1_exact,005,5,2.0000000000000044
BeH2,Run1_exact,006,0,-6.338786284396006e-17
BeH2,Run1_exact,006,1,5.4617018268748873e-17
BeH2,Run1_exact,006,2,1.285370947351721e-16
BeH2,Run1_exact,006,3,0.01166127903984937
BeH2,Run1_exact,006,4,1.9999999999999971
BeH2,Run1_exact,006,5,2.0000000000000013
BeH2,Run1_exact,007,0,-1.8020563813919505e-16
BeH2,Run1_exact,007,1,-1.0233959674327243e-16
BeH2,Run1_exact,007,2,9.107291143200558e-17
BeH2,Run1_exact,007,3,0.012011138357997015
BeH2,Run1_exact,007,4,1.999999999999996
BeH2,Run1_exact,007,5,1.999999999999997
BeH2,Run1_exact,008,0,7.21451334244309e-17
BeH2,Run1_exact,008,1,8.327099869507685e-17
BeH2,Run1_exact,008,2,3.495874405842454e-16
BeH2,Run1_exact,008,3,0.01235475668681274
BeH2,Run1_exact,008,4,2.0
BeH2,Run1_exact,008,5,2.0000000000000053
BeH2,Run1_exact,009,0,-1.388701031664505e-16
BeH2,Run1_exact,009,1,2.2744140236199772e-17
BeH2,Run1_exact,009,2,5.0581290661354836e-17
BeH2,Run1_exact,009,3,0.012691948688699162
BeH2,Run1_exact,009,4,1.9999999999999964
BeH2,Run1_exact,009,5,2.000000000000004
BeH2,Run1_exact,010,0,-9.51540440291116e-17
BeH2,Run1_exact,010,1,4.023316768774796e-17
BeH2,Run1_exact,010,2,1.4405446701212296e-16
BeH2,Run1_exact,010,3,0.013022555767470356
BeH2,Run1_exact,010,4,1.9999999999999982
BeH2,Run1_exact,010,5,2.000000000000002
BeH2,Run1_exact,011,0,-5.0256416667675534e-17
BeH2,Run1_exact,011,1,-4.433621351882183e-17
BeH2,Run1_exact,011,2,2.3472672600974646e-16
BeH2,Run1_exact,011,3,0.013346444401115765
BeH2,Run1_exact,011,4,1.9999999999999973
BeH2,Run1_exact,011,5,1.9999999999999993
BeH2,Run1_exact,012,0,1.055675479895567e-18
BeH2,Run1_exact,012,1,9.392006674038274e-17
BeH2,Run1_exact,012,2,1.0813826143954965e-16
BeH2,Run1_exact,012,3,0.013663504525782466
BeH2,Run1_exact,012,4,2.0000000000000004
BeH2,Run1_exact,012,5,2.0000000000000084
BeH2,Run1_exact,013,0,-3.1192841596141527e-16
BeH2,Run1_exact,013,1,2.8065080147121184e-18
BeH2,Run1_exact,013,2,1.7127615665550337e-16
BeH2,Run1_exact,013,3,0.013973647972432834
BeH2,Run1_exact,013,4,1.9999999999999962
BeH2,Run1_exact,013,5,1.9999999999999987
BeH2,Run1_exact,014,0,-2.79030813630364e-16
BeH2,Run1_exact,014,1,1.7360063823826917e-16
BeH2,Run1_exact,014,2,2.425847807692896e-16
BeH2,Run1_exact,014,3,0.014276806957559396
BeH2,Run1_exact,014,4,2.0000000000000004
BeH2,Run1_exact,014,5,2.0000000000000036
BeH2,Run1_exact,015,0,-4.282947129389009e-17
BeH2,Run1_exact,015,1,3.527895102076773e-17
BeH2,Run1_exact,015,2,1.542599557801414e-16
BeH2,Run1_exact,015,3,0.014572932629099021
BeH2,Run1_exact,015,4,1.9999999999999982
BeH2,Run1_exact,015,5,1.9999999999999998
BeH2,Run1_exact,016,0,-1.051389134863233e-16
BeH2,Run1_exact,016,1,4.148080680970943e-17
BeH2,Run1_exact,016,2,1.309416553146585e-16
BeH2,Run1_exact,016,3,0.014861993668514553
BeH2,Run1_exact,016,4,1.9999999999999987
BeH2,Run1_exact,016,5,2.0
BeH2,Run1_exact,017,0,-8.877059888427867e-17
BeH2,Run1_exact,017,1,-1.0763644352632812e-18
BeH2,Run1_exact,017,2,2.835844717027728e-16
BeH2,Run1_exact,017,3,0.015143974949763495
BeH2,Run1_exact,017,4,1.9999999999999978
BeH2,Run1_exact,017,5,2.000000000000001
BeH2,Run1_exact,018,0,-1.2350480645170015e-16
BeH2,Run1_exact,018,1,-8.774646071355858e-17
BeH2,Run1_exact,018,2,1.1042113524615746e-16
BeH2,Run1_exact,018,3,0.015418876255587577
BeH2,Run1_exact,018,4,1.9999999999999982
BeH2,Run1_exact,018,5,1.9999999999999991
BeH2,Run1_exact,019,0,-4.914418396073504e-17
BeH2,Run1_exact,019,1,9.068534990333661e-17
BeH2,Run1_exact,019,2,1.4795633671174677e-16
BeH2,Run1_exact,019,3,0.015686711051435778
BeH2,Run1_exact,019,4,1.9999999999999993
BeH2,Run1_exact,019,5,2.0
BeH2,Run1_exact,020,0,-1.090266313061624e-16
BeH2,Run1_exact,020,1,3.499763555566273e-17
BeH2,Run1_exact,020,2,4.209214814085682e-17
BeH2,Run1_exact,020,3,0.01594750531689245
BeH2,Run1_exact,020,4,2.0000000000000013
BeH2,Run1_exact,020,5,2.0000000000000018
BeH2,Run1_exact,021,0,-1.6241680183846516e-16
BeH2,Run1_exact,021,1,8.019233093543037e-18
BeH2,Run1_exact,021,2,2.1033623372917776e-16
BeH2,Run1_exact,021,3,0.01620129643445493
BeH2,Run1_exact,021,4,1.999999999999999
BeH2,Run1_exact,021,5,2.0
BeH2,Run1_exact,022,0,-2.0798094255390578e-16
BeH2,Run1_exact,022,1,-2.6871248765267697e-17
BeH2,Run1_exact,022,2,1.4364688807248922e-16
BeH2,Run1_exact,022,3,0.01644813213507601
BeH2,Run1_exact,022,4,1.9999999999999967
BeH2,Run1_exact,022,5,1.9999999999999998
BeH2,Run1_exact,023,0,-8.651171797303728e-17
BeH2,Run1_exact,023,1,-3.744102590332748e-17
BeH2,Run1_exact,023,2,1.6505582892725843e-16
BeH2,Run1_exact,023,3,0.01668806949987589
BeH2,Run1_exact,023,4,1.9999999999999953
BeH2,Run1_exact,023,5,1.9999999999999984
BeH2,Run1_exact,024,0,-1.1517451359376265e-16
BeH2,Run1_exact,024,1,9.847759853460233e-17
BeH2,Run1_exact,024,2,2.401384092630361e-16
BeH2,Run1_exact,024,3,0.016921174017009877
BeH2,Run1_exact,024,4,2.000000000000001
BeH2,Run1_exact,024,5,2.0000000000000044
BeH2,Run1_exact,025,0,-1.238392172970465e-16
BeH2,Run1_exact,025,1,-9.393309271206923e-17
BeH2,Run1_exact,025,2,3.3638937179837846e-18
BeH2,Run1_exact,025,3,0.017147518692627983
BeH2,Run1_exact,025,4,1.9999999999999993
BeH2,Run1_exact,025,5,2.000000000000002
BeH2,Run1_exact,026,0,-2.1531531946436625e-16
BeH2,Run1_exact,026,1,-3.82679054839752e-17
BeH2,Run1_exact,026,2,5.264826641783103e-18
BeH2,Run1_exact,026,3,0.01736718321484143
BeH2,Run1_exact,026,4,1.9999999999999991
BeH2,Run1_exact,026,5,2.0000000000000013
BeH2,Run1_exact,027,0,2.4174752712454692e-17
BeH2,Run1_exact,027,1,1.324526859984974e-16
BeH2,Run1_exact,027,2,1.769782647739078e-16
BeH2,Run1_exact,027,3,0.01758025316895373
BeH2,Run1_exact,027,4,2.0000000000000013
BeH2,Run1_exact,027,5,2.000000000000005
BeH2,Run1_exact,028,0,-1.8982196880022984e-17
BeH2,Run1_exact,028,1,2.7697947944814486e-17
BeH2,Run1_exact,028,2,8.868993095440648e-17
BeH2,Run1_exact,028,3,0.017786819302857193
BeH2,Run1_exact,028,4,1.9999999999999991
BeH2,Run1_exact,028,5,2.000000000000001
BeH2,Run1_exact,029,0,-2.9793560660226053e-16
BeH2,Run1_exact,029,1,1.036460059593611e-17
BeH2,Run1_exact,029,2,1.7501767269755427e-16
BeH2,Run1_exact,029,3,0.017986976840666413
BeH2,Run1_exact,029,4,1.9999999999999987
BeH2,Run1_exact,029,5,2.0000000000000013
BeH2,Run1_exact,030,0,-4.677789200441644e-17
BeH2,Run1_exact,030,1,-4.328501165703662e-17
BeH2,Run1_exact,030,2,2.885524159617291e-16
BeH2,Run1_exact,030,3,0.01818082484297734
BeH2,Run1_exact,030,4,1.9999999999999987
BeH2,Run1_exact,030,5,2.000000000000005
H2O,Run1_exact,001,0,-5.050395767924505e-31
H2O,Run1_exact,001,1,0.004017510702164939
H2O,Run1_exact,001,2,1.9999999999999953
H2O,Run1_exact,001,3,1.999999999999997
H2O,Run1_exact,001,4,2.0000000000000013
H2O,Run1_exact,001,5,2.000000000000003
H2O,Run1_exact,002,0,-6.857841327068138e-52
H2O,Run1_exact,002,1,0.004007930058450856
H2O,Run1_exact,002,2,1.9999999999999987
H2O,Run1_exact,002,3,1.9999999999999996
H2O,Run1_exact,002,4,2.0000000000000013
H2O,Run1_exact,002,5,2.0000000000000027
H2O,Run1_exact,003,0,-4.440892098500626e-16
H2O,Run1_exact,003,1,0.0039962772431309905
H2O,Run1_exact,003,2,1.9999999999999953
H2O,Run1_exact,003,3,1.999999999999999
H2O,Run1_exact,003,4,1.9999999999999998
H2O,Run1_exact,003,5,2.0000000000000013
H2O,Run1_exact,004,0,4.440892098500614e-16
H2O,Run1_exact,004,1,0.003982629784319958
H2O,Run1_exact,004,2,1.9999999999999942
H2O,Run1_exact,004,3,1.9999999999999971
H2O,Run1_exact,004,4,2.0000000000000004
H2O,Run1_exact,004,5,2.000000000000002
H2O,Run1_exact,005,0,-1.0039343179779868e-49
H2O,Run1_exact,005,1,0.003967064815973926
H2O,Run1_exact,005,2,1.999999999999999
H2O,Run1_exact,005,3,2.0
H2O,Run1_exact,005,4,2.000000000000002
H2O,Run1_exact,005,5,2.0000000000000067
H2O,Run1_exact,006,0,-1.889340864297311e-16
H2O,Run1_exact,006,1,0.003949658966969527
H2O,Run1_exact,006,2,1.999999999999996
H2O,Run1_exact,006,3,1.9999999999999978
H2O,Run1_exact,006,4,2.000000000000003
H2O,Run1_exact,006,5,2.0000000000000036
H2O,Run1_exact,007,0,-2.220446049250325e-16
H2O,Run1_exact,007,1,0.003930488256872033
H2O,Run1_exact,007,2,1.9999999999999947
H2O,Run1_exact,007,3,1.9999999999999956
H2O,Run1_exact,007,4,1.999999999999997
H2O,Run1_exact,007,5,2.0
H2O,Run1_exact,008,0,-2.2204460492503343e-16
H2O,Run1_exact,008,1,0.003909627998215592
H2O,Run1_exact,008,2,1.9999999999999944
H2O,Run1_exact,008,3,1.9999999999999953
H2O,Run1_exact,008,4,1.9999999999999967
H2O,Run1_exact,008,5,1.9999999999999976
H2O,Run1_exact,009,0,-2.531244850738112e-31
H2O,Run1_exact,009,1,0.0038871527051811405
H2O,Run1_exact,009,2,1.999999999999995
H2O,Run1_exact,009,3,1.9999999999999971
H2O,Run1_exact,009,4,1.999999999999999
H2O,Run1_exact,009,5,2.000000000000001
H2O,Run1_exact,010,0,-1.0624302381787517e-16
H2O,Run1_exact,010,1,0.00386313600853594
H2O,Run1_exact,010,2,1.9999999999999987
H2O,Run1_exact,010,3,1.9999999999999991
H2O,Run1_exact,010,4,2.000000000000001
H2O,Run1_exact,010,5,2.0000000000000027
H2O,Run1_exact,011,0,-4.440892098500694e-16
H2O,Run1_exact,011,1,0.0038376505767190316
H2O,Run1_exact,011,2,1.9999999999999973
H2O,Run1_exact,011,3,2.000000000000001
H2O,Run1_exact,011,4,2.0000000000000018
H2O,Run1_exact,011,5,2.0000000000000058
H2O,Run1_exact,012,0,2.2204460492502137e-16
H2O,Run1_exact,012,1,0.0038107680429149138
H2O,Run1_exact,012,2,1.999999999999992
H2O,Run1_exact,012,3,1.9999999999999967
H2O,Run1_exact,012,4,1.9999999999999982
H2O,Run1_exact,012,5,2.000000000000003
H2O,Run1_exact,013,0,-5.0024472019605115e-79
H2O,Run1_exact,013,1,0.003782558937976269
H2O,Run1_exact,013,2,1.9999999999999973
H2O,Run1_exact,013,3,2.000000000000001
H2O,Run1_exact,013,4,2.0000000000000018
H2O,Run1_exact,013,5,2.000000000000004
H2O,Run1_exact,014,0,-6.9383609923504035e-31
H2O,Run1_exact,014,1,0.0037530926290474387
H2O,Run1_exact,014,2,1.9999999999999947
H2O,Run1_exact,014,3,1.9999999999999993
H2O,Run1_exact,014,4,2.0000000000000018
H2O,Run1_exact,014,5,2.0000000000000027
H2O,Run1_exact,015,0,-8.413180691562218e-32
H2O,Run1_exact,015,1,0.003722437263708578
H2O,Run1_exact,015,2,1.9999999999999933
H2O,Run1_exact,015,3,1.9999999999999964
H2O,Run1_exact,015,4,1.9999999999999973
H2O,Run1_exact,015,5,2.0000000000000013
H2O,Run1_exact,016,0,4.4408920985006247e-16
H2O,Run1_exact,016,1,0.003690659719455036
H2O,Run1_exact,016,2,1.9999999999999951
H2O,Run1_exact,016,3,1.999999999999997
H2O,Run1_exact,016,4,1.999999999999998
H2O,Run1_exact,016,5,2.000000000000005
H2O,Run1_exact,017,0,-2.2204460492503486e-16
H2O,Run1_exact,017,1,0.0036578255583401553
H2O,Run1_exact,017,2,1.9999999999999973
H2O,Run1_exact,017,3,2.000000000000001
H2O,Run1_exact,017,4,2.000000000000002
H2O,Run1_exact,017,5,2.000000000000003
H2O,Run1_exact,018,0,-2.2204460492503185e-16
H2O,Run1_exact,018,1,0.0036239989865760602
H2O,Run1_exact,018,2,1.9999999999999964
H2O,Run1_exact,018,3,1.9999999999999971
H2O,Run1_exact,018,4,2.000000000000002
H2O,Run1_exact,018,5,2.0000000000000053
H2O,Run1_exact,019,0,-2.220446049250313e-16
H2O,Run1_exact,019,1,0.0035892428188781145
H2O,Run1_exact,019,2,1.9999999999999971
H2O,Run1_exact,019,3,1.9999999999999976
H2O,Run1_exact,019,4,2.0
H2O,Run1_exact,019,5,2.0000000000000044
H2O,Run1_exact,020,0,-3.673624708139219e-30
H2O,Run1_exact,020,1,0.003553618447362128
H2O,Run1_exact,020,2,1.9999999999999958
H2O,Run1_exact,020,3,1.9999999999999998
H2O,Run1_exact,020,4,2.0000000000000004
H2O,Run1_exact,020,5,2.0000000000000013
H2O,Run1_exact,021,0,-2.005753490627968e-31
H2O,Run1_exact,021,1,0.0035171858147642343
H2O,Run1_exact,021,2,1.9999999999999976
H2O,Run1_exact,021,3,2.0000000000000004
H2O,Run1_exact,021,4,2.000000000000002
H2O,Run1_exact,021,5,2.0000000000000036
H2O,Run1_exact,022,0,-8.977324179231608e-55
H2O,Run1_exact,022,1,0.003480003391774913
H2O,Run1_exact,022,2,1.9999999999999971
H2O,Run1_exact,022,3,2.0000000000000004
H2O,Run1_exact,022,4,2.0000000000000027
H2O,Run1_exact,022,5,2.000000000000005
H2O,Run1_exact,023,0,-3.753446102642324e-30
H2O,Run1_exact,023,1,0.003442128158297253
H2O,Run1_exact,023,2,1.9999999999999962
H2O,Run1_exact,023,3,2.0000000000000004
H2O,Run1_exact,023,4,2.0000000000000018
H2O,Run1_exact,023,5,2.0000000000000027
H2O,Run1_exact,024,0,-4.440892098500626e-16
H2O,Run1_exact,024,1,0.003403615588339015
H2O,Run1_exact,024,2,1.9999999999999964
H2O,Run1_exact,024,3,1.9999999999999998
H2O,Run1_exact,024,4,2.0000000000000027
H2O,Run1_exact,024,5,2.000000000000005
H2O,Run1_exact,025,0,-4.440892098500762e-16
H2O,Run1_exact,025,1,0.0033645196384632925
H2O,Run1_exact,025,2,1.9999999999999998
H2O,Run1_exact,025,3,2.0000000000000013
H2O,Run1_exact,025,4,2.000000000000003
H2O,Run1_exact,025,5,2.000000000000006
H2O,Run1_exact,026,0,4.4408920985006163e-16
H2O,Run1_exact,026,1,0.0033248927394573524
H2O,Run1_exact,026,2,1.9999999999999984
H2O,Run1_exact,026,3,1.9999999999999996
H2O,Run1_exact,026,4,2.0000000000000013
H2O,Run1_exact,026,5,2.000000000000004
H2O,Run1_exact,027,0,-4.440892098500626e-16
H2O,Run1_exact,027,1,0.0032847857911078027
H2O,Run1_exact,027,2,1.9999999999999993
H2O,Run1_exact,027,3,2.0
H2O,Run1_exact,027,4,2.000000000000002
H2O,Run1_exact,027,5,2.000000000000005
H2O,Run1_exact,028,0,-2.4975572763296795e-16
H2O,Run1_exact,028,1,0.0032442481598662825
H2O,Run1_exact,028,2,1.9999999999999942
H2O,Run1_exact,028,3,1.9999999999999987
H2O,Run1_exact,028,4,2.000000000000004
H2O,Run1_exact,028,5,2.000000000000008
H2O,Run1_exact,029,0,-2.220446049250397e-16
H2O,Run1_exact,029,1,0.0032033276792082788
H2O,Run1_exact,029,2,1.9999999999999956
H2O,Run1_exact,029,3,1.9999999999999993
H2O,Run1_exact,029,4,2.0000000000000004
H2O,Run1_exact,029,5,2.0000000000000018
H2O,Run1_exact,030,0,-4.440892098500634e-16
H2O,Run1_exact,030,1,0.0031620706525639086
H2O,Run1_exact,030,2,1.999999999999995
H2O,Run1_exact,030,3,2.0000000000000013
H2O,Run1_exact,030,4,2.0000000000000013
H2O,Run1_exact,030,5,2.0000000000000067
NH3,Run1_exact,001,0,-6.300685007122478e-16
NH3,Run1_exact,001,1,1.859792908621852e-16
NH3,Run1_exact,001,2,0.007184817883627348
NH3,Run1_exact,001,3,1.999999999999997
NH3,Run1_exact,001,4,1.9999999999999982
NH3,Run1_exact,001,5,2.000000000000002
NH3,Run1_exact,001,6,2.0000000000000058
NH3,Run1_exact,002,0,-1.3626926139654926e-17
NH3,Run1_exact,002,1,1.3626926139654926e-17
NH3,Run1_exact,002,2,0.007220064682645244
NH3,Run1_exact,002,3,1.999999999999997
NH3,Run1_exact,002,4,1.9999999999999991
NH3,Run1_exact,002,5,2.0000000000000027
NH3,Run1_exact,002,6,2.0000000000000075
NH3,Run1_exact,003,0,-5.625788467681443e-16
NH3,Run1_exact,003,1,-1.035549680069496e-16
NH3,Run1_exact,003,2,0.007252215957005204
NH3,Run1_exact,003,3,1.9999999999999973
NH3,Run1_exact,003,4,1.9999999999999996
NH3,Run1_exact,003,5,2.000000000000001
NH3,Run1_exact,003,6,2.000000000000006
NH3,Run1_exact,004,0,-2.3347718799252187e-16
NH3,Run1_exact,004,1,1.1432583067490547e-17
NH3,Run1_exact,004,2,0.007281301160123821
NH3,Run1_exact,004,3,1.9999999999999922
NH3,Run1_exact,004,4,1.9999999999999947
NH3,Run1_exact,004,5,1.9999999999999978
NH3,Run1_exact,004,6,2.000000000000003
NH3,Run1_exact,005,0,-1.5812535816251802e-16
NH3,Run1_exact,005,1,1.5812535816251802e-16
NH3,Run1_exact,005,2,0.007307351757152247
NH3,Run1_exact,005,3,1.9999999999999991
NH3,Run1_exact,005,4,2.0000000000000004
NH3,Run1_exact,005,5,2.0000000000000027
NH3,Run1_exact,005,6,2.000000000000004
NH3,Run1_exact,006,0,1.9752680395784146e-16
NH3,Run1_exact,006,1,6.906516157422838e-16
NH3,Run1_exact,006,2,0.007330401144306942
NH3,Run1_exact,006,3,1.9999999999999916
NH3,Run1_exact,006,4,1.999999999999997
NH3,Run1_exact,006,5,1.9999999999999993
NH3,Run1_exact,006,6,2.000000000000003
NH3,Run1_exact,007,0,-2.6103619978683183e-16
NH3,Run1_exact,007,1,4.830808047118631e-16
NH3,Run1_exact,007,2,0.007350484569515592
NH3,Run1_exact,007,3,1.9999999999999944
NH3,Run1_exact,007,4,1.9999999999999978
NH3,Run1_exact,007,5,2.0000000000000018
NH3,Run1_exact,007,6,2.000000000000004
NH3,Run1_exact,008,0,-7.660704934489007e-17
NH3,Run1_exact,008,1,5.206962591949527e-16
NH3,Run1_exact,008,2,0.007367639054254749
NH3,Run1_exact,008,3,1.9999999999999944
NH3,Run1_exact,008,4,2.000000000000003
NH3,Run1_exact,008,5,2.000000000000004
NH3,Run1_exact,008,6,2.000000000000007
NH3,Run1_exact,009,0,-7.936772129611837e-17
NH3,Run1_exact,009,1,7.936772129611837e-17
NH3,Run1_exact,009,2,0.007381903316602756
NH3,Run1_exact,009,3,1.9999999999999956
NH3,Run1_exact,009,4,2.0000000000000004
NH3,Run1_exact,009,5,2.000000000000003
NH3,Run1_exact,009,6,2.0000000000000044
NH3,Run1_exact,010,0,-5.442420378929728e-16
NH3,Run1_exact,010,1,5.442420378929728e-16
NH3,Run1_exact,010,2,0.007393317695282509
NH3,Run1_exact,010,3,1.9999999999999996
NH3,Run1_exact,010,4,2.000000000000002
NH3,Run1_exact,010,5,2.000000000000004
NH3,Run1_exact,010,6,2.0000000000000067
NH3,Run1_exact,011,0,-3.1958482673545847e-18
NH3,Run1_exact,011,1,4.472850581174172e-16
NH3,Run1_exact,011,2,0.007401924074747601
NH3,Run1_exact,011,3,1.999999999999997
NH3,Run1_exact,011,4,1.9999999999999996
NH3,Run1_exact,011,5,2.000000000000001
NH3,Run1_exact,011,6,2.0000000000000018
NH3,Run1_exact,012,0,-1.0224073983321555e-16
NH3,Run1_exact,012,1,5.463299496832781e-16
NH3,Run1_exact,012,2,0.007407765811256743
NH3,Run1_exact,012,3,1.9999999999999976
NH3,Run1_exact,012,4,2.0
NH3,Run1_exact,012,5,2.0000000000000018
NH3,Run1_exact,012,6,2.000000000000002
NH3,Run1_exact,013,0,3.8196690901830825e-16
NH3,Run1_exact,013,1,5.06211510681817e-16
NH3,Run1_exact,013,2,0.007410887659808685
NH3,Run1_exact,013,3,1.9999999999999956
NH3,Run1_exact,013,4,2.000000000000001
NH3,Run1_exact,013,5,2.000000000000002
NH3,Run1_exact,013,6,2.000000000000003
NH3,Run1_exact,014,0,-3.816984051209833e-17
NH3,Run1_exact,014,1,9.263482602122236e-16
NH3,Run1_exact,014,2,0.0074113357019898185
NH3,Run1_exact,014,3,1.9999999999999933
NH3,Run1_exact,014,4,1.9999999999999987
NH3,Run1_exact,014,5,2.0000000000000044
NH3,Run1_exact,014,6,2.000000000000006
NH3,Run1_exact,015,0,-9.570460431928681e-17
NH3,Run1_exact,015,1,5.397938141693494e-16
NH3,Run1_exact,015,2,0.007409157274667955
NH3,Run1_exact,015,3,2.000000000000001
NH3,Run1_exact,015,4,2.0000000000000018
NH3,Run1_exact,015,5,2.0000000000000018
NH3,Run1_exact,015,6,2.000000000000005
NH3,Run1_exact,016,0,-6.755788122289376e-16
NH3,Run1_exact,016,1,4.535342073039064e-16
NH3,Run1_exact,016,2,0.007404400899493124
NH3,Run1_exact,016,3,1.9999999999999971
NH3,Run1_exact,016,4,2.0000000000000036
NH3,Run1_exact,016,5,2.000000000000004
NH3,Run1_exact,016,6,2.0000000000000044
NH3,Run1_exact,017,0,2.4535887852133497e-16
NH3,Run1_exact,017,1,6.428195411787903e-16
NH3,Run1_exact,017,2,0.007397116213197869
NH3,Run1_exact,017,3,1.9999999999999996
NH3,Run1_exact,017,4,2.000000000000001
NH3,Run1_exact,017,5,2.0000000000000013
NH3,Run1_exact,017,6,2.0000000000000027
NH3,Run1_exact,018,0,-2.342128136773347e-18
NH3,Run1_exact,018,1,4.464313379868359e-16
NH3,Run1_exact,018,2,0.00738735389866485
NH3,Run1_exact,018,3,1.9999999999999956
NH3,Run1_exact,018,4,1.9999999999999987
NH3,Run1_exact,018,5,1.9999999999999996
NH3,Run1_exact,018,6,2.000000000000004
NH3,Run1_exact,019,0,-2.3944099125280277e-17
NH3,Run1_exact,019,1,4.680333089753429e-16
NH3,Run1_exact,019,2,0.007375165616740145
NH3,Run1_exact,019,3,1.9999999999999976
NH3,Run1_exact,019,4,2.0
NH3,Run1_exact,019,5,2.0000000000000018
NH3,Run1_exact,019,6,2.000000000000004
NH3,Run1_exact,020,0,-6.365982612632371e-17
NH3,Run1_exact,020,1,6.365982612632371e-17
NH3,Run1_exact,020,2,0.007360603938792787
NH3,Run1_exact,020,3,1.9999999999999973
NH3,Run1_exact,020,4,2.000000000000001
NH3,Run1_exact,020,5,2.000000000000002
NH3,Run1_exact,020,6,2.0000000000000044
NH3,Run1_exact,021,0,-4.927493067208592e-16
NH3,Run1_exact,021,1,4.8660096870796647e-17
NH3,Run1_exact,021,2,0.00734372227998592
NH3,Run1_exact,021,3,1.9999999999999947
NH3,Run1_exact,021,4,1.9999999999999973
NH3,Run1_exact,021,5,2.0000000000000018
NH3,Run1_exact,021,6,2.000000000000003
NH3,Run1_exact,022,0,-4.555404664353177e-16
NH3,Run1_exact,022,1,4.555404664353177e-16
NH3,Run1_exact,022,2,0.007324574833251329
NH3,Run1_exact,022,3,1.999999999999994
NH3,Run1_exact,022,4,1.9999999999999982
NH3,Run1_exact,022,5,2.0000000000000004
NH3,Run1_exact,022,6,2.000000000000004
NH3,Run1_exact,023,0,-4.928810469798749e-16
NH3,Run1_exact,023,1,4.928810469798749e-16
NH3,Run1_exact,023,2,0.007303216503959931
NH3,Run1_exact,023,3,1.9999999999999964
NH3,Run1_exact,023,4,2.0000000000000004
NH3,Run1_exact,023,5,2.0000000000000018
NH3,Run1_exact,023,6,2.0000000000000067
NH3,Run1_exact,024,0,-2.2228302405670802e-17
NH3,Run1_exact,024,1,2.442729073307021e-16
NH3,Run1_exact,024,2,0.007279702845280234
NH3,Run1_exact,024,3,1.999999999999997
NH3,Run1_exact,024,4,1.9999999999999998
NH3,Run1_exact,024,5,2.0000000000000036
NH3,Run1_exact,024,6,2.000000000000004
NH3,Run1_exact,025,0,-4.503274383614828e-16
NH3,Run1_exact,025,1,4.503274383614828e-16
NH3,Run1_exact,025,2,0.007254089994207069
NH3,Run1_exact,025,3,1.9999999999999987
NH3,Run1_exact,025,4,2.0000000000000004
NH3,Run1_exact,025,5,2.000000000000001
NH3,Run1_exact,025,6,2.000000000000006
NH3,Run1_exact,026,0,-2.499819251516468e-16
NH3,Run1_exact,026,1,2.793732022661547e-17
NH3,Run1_exact,026,2,0.0072264346082639985
NH3,Run1_exact,026,3,1.9999999999999978
NH3,Run1_exact,026,4,1.9999999999999998
NH3,Run1_exact,026,5,2.0000000000000004
NH3,Run1_exact,026,6,2.000000000000003
NH3,Run1_exact,027,0,-2.546089467051645e-16
NH3,Run1_exact,027,1,3.25643417801332e-17
NH3,Run1_exact,027,2,0.0071967938028734135
NH3,Run1_exact,027,3,1.9999999999999958
NH3,Run1_exact,027,4,1.9999999999999998
NH3,Run1_exact,027,5,2.0000000000000018
NH3,Run1_exact,027,6,2.0000000000000027
NH3,Run1_exact,028,0,-2.654434186072236e-16
NH3,Run1_exact,028,1,2.654434186072236e-16
NH3,Run1_exact,028,2,0.007165225089388487
NH3,Run1_exact,028,3,2.0
NH3,Run1_exact,028,4,2.0000000000000004
NH3,Run1_exact,028,5,2.000000000000002
NH3,Run1_exact,028,6,2.0000000000000067
NH3,Run1_exact,029,0,-5.414846700140408e-16
NH3,Run1_exact,029,1,-3.4669374968608447e-16
NH3,Run1_exact,029,2,0.0071317863137956294
NH3,Run1_exact,029,3,1.9999999999999976
NH3,Run1_exact,029,4,2.0000000000000013
NH3,Run1_exact,029,5,2.000000000000003
NH3,Run1_exact,029,6,2.0000000000000053
NH3,Run1_exact,030,0,-1.301969188293857e-16
NH3,Run1_exact,030,1,5.742861286794482e-16
NH3,Run1_exact,030,2,0.0070965355960947996
NH3,Run1_exact,030,3,1.9999999999999964
NH3,Run1_exact,030,4,2.0000000000000013
NH3,Run1_exact,030,5,2.0000000000000018
NH3,Run1_exact,030,6,2.0000000000000036
N2,Run1_exact,001,0,-8.979997486515879e-16
N2,Run1_exact,001,1,9.821328951462624e-18
N2,Run1_exact,001,2,0.004713738862327288
N2,Run1_exact,001,3,1.999999999999994
N2,Run1_exact,001,4,1.9999999999999967
N2,Run1_exact,001,5,1.9999999999999991
N2,Run1_exact,001,6,2.000000000000002
N2,Run1_exact,001,7,2.0000000000000027
N2,Run1_exact,002,0,-1.2086793092163382e-16
N2,Run1_exact,002,1,1.2086793092163382e-16
N2,Run1_exact,002,2,0.0047803282057699015
N2,Run1_exact,002,3,1.9999999999999891
N2,Run1_exact,002,4,1.9999999999999973
N2,Run1_exact,002,5,2.000000000000001
N2,Run1_exact,002,6,2.0000000000000013
N2,Run1_exact,002,7,2.000000000000007
N2,Run1_exact,003,0,-9.040337887047592e-16
N2,Run1_exact,003,1,4.599445788546964e-16
N2,Run1_exact,003,2,0.0048447537178069044
N2,Run1_exact,003,3,1.9999999999999898
N2,Run1_exact,003,4,1.9999999999999953
N2,Run1_exact,003,5,1.9999999999999978
N2,Run1_exact,003,6,2.0000000000000004
N2,Run1_exact,003,7,2.000000000000003
N2,Run1_exact,004,0,-2.2250038675266483e-16
N2,Run1_exact,004,1,4.55781827633496e-19
N2,Run1_exact,004,2,0.0049069948485358506
N2,Run1_exact,004,3,1.99999999999999
N2,Run1_exact,004,4,1.9999999999999953
N2,Run1_exact,004,5,1.9999999999999987
N2,Run1_exact,004,6,2.0
N2,Run1_exact,004,7,2.0000000000000027
N2,Run1_exact,005,0,-2.2859822144278285e-16
N2,Run1_exact,005,1,4.506428263678142e-16
N2,Run1_exact,005,2,0.004967034448213115
N2,Run1_exact,005,3,1.999999999999994
N2,Run1_exact,005,4,1.999999999999995
N2,Run1_exact,005,5,1.9999999999999958
N2,Run1_exact,005,6,1.9999999999999987
N2,Run1_exact,005,7,1.9999999999999996
N2,Run1_exact,006,0,-1.4717734279161983e-16
N2,Run1_exact,006,1,3.6922194771665114e-16
N2,Run1_exact,006,2,0.00502485865922031
N2,Run1_exact,006,3,1.9999999999999947
N2,Run1_exact,006,4,1.9999999999999984
N2,Run1_exact,006,5,2.0000000000000004
N2,Run1_exact,006,6,2.0000000000000013
N2,Run1_exact,006,7,2.0000000000000027
N2,Run1_exact,007,0,-2.9986324962827805e-16
N2,Run1_exact,007,1,2.9986324962827805e-16
N2,Run1_exact,007,2,0.005080456807007971
N2,Run1_exact,007,3,1.9999999999999916
N2,Run1_exact,007,4,1.9999999999999956
N2,Run1_exact,007,5,1.9999999999999971
N2,Run1_exact,007,6,1.999999999999999
N2,Run1_exact,007,7,2.000000000000001
N2,Run1_exact,008,0,-1.0790888989790582e-17
N2,Run1_exact,008,1,1.0790888989790582e-17
N2,Run1_exact,008,2,0.0051338212903095926
N2,Run1_exact,008,3,1.999999999999992
N2,Run1_exact,008,4,1.9999999999999953
N2,Run1_exact,008,5,1.9999999999999998
N2,Run1_exact,008,6,2.0000000000000013
N2,Run1_exact,008,7,2.000000000000007
N2,Run1_exact,009,0,-2.458301431170743e-16
N2,Run1_exact,009,1,-1.9825906673298833e-16
N2,Run1_exact,009,2,0.005184947470875834
N2,Run1_exact,009,3,1.999999999999992
N2,Run1_exact,009,4,1.9999999999999967
N2,Run1_exact,009,5,1.9999999999999982
N2,Run1_exact,009,6,1.9999999999999993
N2,Run1_exact,009,7,2.000000000000006
N2,Run1_exact,010,0,-3.754055326057212e-17
N2,Run1_exact,010,1,4.816297631106347e-16
N2,Run1_exact,010,2,0.005233833563027757
N2,Run1_exact,010,3,1.9999999999999882
N2,Run1_exact,010,4,1.9999999999999987
N2,Run1_exact,010,5,2.0000000000000018
N2,Run1_exact,010,6,2.000000000000003
N2,Run1_exact,010,7,2.0000000000000036
N2,Run1_exact,011,0,-4.479508947024433e-16
N2,Run1_exact,011,1,4.479508947024433e-16
N2,Run1_exact,011,2,0.005280480523228714
N2,Run1_exact,011,3,1.9999999999999927
N2,Run1_exact,011,4,1.9999999999999962
N2,Run1_exact,011,5,1.999999999999997
N2,Run1_exact,011,6,2.0000000000000004
N2,Run1_exact,011,7,2.000000000000003
N2,Run1_exact,012,0,-8.894677142467606e-16
N2,Run1_exact,012,1,1.2892945466353243e-18
N2,Run1_exact,012,2,0.005324891939938681
N2,Run1_exact,012,3,1.9999999999999867
N2,Run1_exact,012,4,1.9999999999999967
N2,Run1_exact,012,5,1.9999999999999982
N2,Run1_exact,012,6,1.9999999999999991
N2,Run1_exact,012,7,2.0000000000000018
N2,Run1_exact,013,0,-1.954242845472883e-16
N2,Run1_exact,013,1,1.954242845472883e-16
N2,Run1_exact,013,2,0.005367073923943311
N2,Run1_exact,013,3,1.9999999999999887
N2,Run1_exact,013,4,1.9999999999999964
N2,Run1_exact,013,5,1.9999999999999973
N2,Run1_exact,013,6,2.0000000000000018
N2,Run1_exact,013,7,2.0000000000000027
N2,Run1_exact,014,0,-4.813122155087907e-16
N2,Run1_exact,014,1,4.813122155087907e-16
N2,Run1_exact,014,2,0.005407034999361793
N2,Run1_exact,014,3,1.9999999999999858
N2,Run1_exact,014,4,1.9999999999999973
N2,Run1_exact,014,5,2.0
N2,Run1_exact,014,6,2.000000000000001
N2,Run1_exact,014,7,2.000000000000002
N2,Run1_exact,015,0,-4.452824218571986e-16
N2,Run1_exact,015,1,1.193212007136027e-18
N2,Run1_exact,015,2,0.005444785995532151
N2,Run1_exact,015,3,1.999999999999993
N2,Run1_exact,015,4,1.9999999999999964
N2,Run1_exact,015,5,1.9999999999999964
N2,Run1_exact,015,6,1.9999999999999971
N2,Run1_exact,015,7,2.0000000000000013
N2,Run1_exact,016,0,-3.0250175975500586e-17
N2,Run1_exact,016,1,2.522947809005319e-16
N2,Run1_exact,016,2,0.0054803399399054875
N2,Run1_exact,016,3,1.9999999999999902
N2,Run1_exact,016,4,1.9999999999999936
N2,Run1_exact,016,5,1.9999999999999958
N2,Run1_exact,016,6,1.9999999999999993
N2,Run1_exact,016,7,2.000000000000001
N2,Run1_exact,017,0,-4.624532390898153e-17
N2,Run1_exact,017,1,4.903345337590441e-16
N2,Run1_exact,017,2,0.00551371195217909
N2,Run1_exact,017,3,1.9999999999999962
N2,Run1_exact,017,4,1.999999999999997
N2,Run1_exact,017,5,1.9999999999999993
N2,Run1_exact,017,6,2.0
N2,Run1_exact,017,7,2.000000000000001
N2,Run1_exact,018,0,-2.3996147033907824e-16
N2,Run1_exact,018,1,4.6200607526410955e-16
N2,Run1_exact,018,2,0.005544919139746307
N2,Run1_exact,018,3,1.9999999999999947
N2,Run1_exact,018,4,1.9999999999999953
N2,Run1_exact,018,5,1.9999999999999991
N2,Run1_exact,018,6,2.000000000000002
N2,Run1_exact,018,7,2.0000000000000027
N2,Run1_exact,019,0,2.7003488724900367e-16
N2,Run1_exact,019,1,6.181435324511216e-16
N2,Run1_exact,019,2,0.00557398049463953
N2,Run1_exact,019,3,1.9999999999999865
N2,Run1_exact,019,4,1.9999999999999962
N2,Run1_exact,019,5,1.9999999999999976
N2,Run1_exact,019,6,2.000000000000001
N2,Run1_exact,019,7,2.0000000000000036
N2,Run1_exact,020,0,-5.113002770928261e-16
N2,Run1_exact,020,1,-1.5483353768226784e-16
N2,Run1_exact,020,2,0.005600916792064314
N2,Run1_exact,020,3,1.9999999999999931
N2,Run1_exact,020,4,1.999999999999998
N2,Run1_exact,020,5,1.9999999999999998
N2,Run1_exact,020,6,2.000000000000001
N2,Run1_exact,020,7,2.000000000000002
N2,Run1_exact,021,0,-4.609133667960249e-16
N2,Run1_exact,021,1,4.609133667960249e-16
N2,Run1_exact,021,2,0.00562575049066627
N2,Run1_exact,021,3,1.9999999999999873
N2,Run1_exact,021,4,1.9999999999999944
N2,Run1_exact,021,5,1.999999999999995
N2,Run1_exact,021,6,1.999999999999999
N2,Run1_exact,021,7,2.0000000000000004
N2,Run1_exact,022,0,-2.880807994755681e-16
N2,Run1_exact,022,1,-1.560084103744945e-16
N2,Run1_exact,022,2,0.005648505634598733
N2,Run1_exact,022,3,1.9999999999999838
N2,Run1_exact,022,4,1.9999999999999944
N2,Run1_exact,022,5,1.9999999999999973
N2,Run1_exact,022,6,1.9999999999999987
N2,Run1_exact,022,7,2.000000000000014
N2,Run1_exact,023,0,-1.6778994094360876e-16
N2,Run1_exact,023,1,1.6778994094360876e-16
N2,Run1_exact,023,2,0.005669207757510897
N2,Run1_exact,023,3,1.9999999999999876
N2,Run1_exact,023,4,1.9999999999999978
N2,Run1_exact,023,5,1.9999999999999996
N2,Run1_exact,023,6,2.0000000000000004
N2,Run1_exact,023,7,2.000000000000006
N2,Run1_exact,024,0,-4.460255863107355e-16
N2,Run1_exact,024,1,4.460255863107355e-16
N2,Run1_exact,024,2,0.005687883788511483
N2,Run1_exact,024,3,1.9999999999999887
N2,Run1_exact,024,4,1.9999999999999984
N2,Run1_exact,024,5,2.000000000000001
N2,Run1_exact,024,6,2.000000000000003
N2,Run1_exact,024,7,2.0000000000000093
N2,Run1_exact,025,0,-2.221808673570769e-16
N2,Run1_exact,025,1,1.3626243204558713e-19
N2,Run1_exact,025,2,0.005704561960208521
N2,Run1_exact,025,3,1.9999999999999891
N2,Run1_exact,025,4,1.9999999999999947
N2,Run1_exact,025,5,1.9999999999999962
N2,Run1_exact,025,6,1.9999999999999984
N2,Run1_exact,025,7,2.0000000000000004
N2,Run1_exact,026,0,-2.3838773023234496e-16
N2,Run1_exact,026,1,1.6343125307313645e-17
N2,Run1_exact,026,2,0.0057192717188609965
N2,Run1_exact,026,3,1.9999999999999916
N2,Run1_exact,026,4,1.9999999999999964
N2,Run1_exact,026,5,1.999999999999997
N2,Run1_exact,026,6,1.9999999999999996
N2,Run1_exact,026,7,2.0000000000000018
N2,Run1_exact,027,0,-8.063063531975683e-18
N2,Run1_exact,027,1,2.3010766845700703e-16
N2,Run1_exact,027,2,0.005732043636718953
N2,Run1_exact,027,3,1.9999999999999891
N2,Run1_exact,027,4,1.9999999999999931
N2,Run1_exact,027,5,1.9999999999999951
N2,Run1_exact,027,6,1.999999999999999
N2,Run1_exact,027,7,2.0000000000000013
N2,Run1_exact,028,0,-8.89176414168635e-16
N2,Run1_exact,028,1,8.89176414168635e-16
N2,Run1_exact,028,2,0.005742909326587942
N2,Run1_exact,028,3,1.9999999999999951
N2,Run1_exact,028,4,1.9999999999999987
N2,Run1_exact,028,5,2.0
N2,Run1_exact,028,6,2.000000000000002
N2,Run1_exact,028,7,2.0000000000000036
N2,Run1_exact,029,0,-8.992940224176588e-16
N2,Run1_exact,029,1,4.552048125675963e-16
N2,Run1_exact,029,2,0.005751901358652001
N2,Run1_exact,029,3,1.9999999999999931
N2,Run1_exact,029,4,1.9999999999999976
N2,Run1_exact,029,5,2.0
N2,Run1_exact,029,6,2.0000000000000013
N2,Run1_exact,029,7,2.0000000000000067
N2,Run1_exact,030,0,-2.2207380837634675e-16
N2,Run1_exact,030,1,2.9203451315429844e-20
N2,Run1_exact,030,2,0.005759053179615448
N2,Run1_exact,030,3,1.9999999999999951
N2,Run1_exact,030,4,1.9999999999999978
N2,Run1_exact,030,5,1.9999999999999984
N2,Run1_exact,030,6,2.000000000000003
N2,Run1_exact,030,7,2.0000000000000058
CO,Run1_exact,001,0,-3.7759955008108545e-17
CO,Run1_exact,001,1,4.818491648581712e-16
CO,Run1_exact,001,2,0.0051950521266224126
CO,Run1_exact,001,3,1.9999999999999898
CO,Run1_exact,001,4,1.9999999999999936
CO,Run1_exact,001,5,1.9999999999999984
CO,Run1_exact,001,6,1.9999999999999998
CO,Run1_exact,001,7,2.0000000000000013
CO,Run1_exact,002,0,-2.741597229261468e-16
CO,Run1_exact,002,1,5.211511800111552e-17
CO,Run1_exact,002,2,0.0052692990386140615
CO,Run1_exact,002,3,1.9999999999999942
CO,Run1_exact,002,4,1.9999999999999984
CO,Run1_exact,002,5,1.9999999999999987
CO,Run1_exact,002,6,2.0
CO,Run1_exact,002,7,2.000000000000003
CO,Run1_exact,003,0,-3.025509174258873e-16
CO,Run1_exact,003,1,8.050631250085601e-17
CO,Run1_exact,003,2,0.005341192369880954
CO,Run1_exact,003,3,1.999999999999992
CO,Run1_exact,003,4,1.999999999999996
CO,Run1_exact,003,5,1.9999999999999987
CO,Run1_exact,003,6,1.999999999999999
CO,Run1_exact,003,7,2.000000000000001
CO,Run1_exact,004,0,-4.096888243267301e-17
CO,Run1_exact,004,1,4.096888243267301e-17
CO,Run1_exact,004,2,0.005410702749537588
CO,Run1_exact,004,3,1.9999999999999927
CO,Run1_exact,004,4,1.9999999999999962
CO,Run1_exact,004,5,2.0
CO,Run1_exact,004,6,2.0000000000000036
CO,Run1_exact,004,7,2.0000000000000036
CO,Run1_exact,005,0,-6.782644242895087e-17
CO,Run1_exact,005,1,2.8987104735398217e-16
CO,Run1_exact,005,2,0.005477805094311616
CO,Run1_exact,005,3,1.9999999999999951
CO,Run1_exact,005,4,1.9999999999999984
CO,Run1_exact,005,5,1.9999999999999987
CO,Run1_exact,005,6,2.0000000000000036
CO,Run1_exact,005,7,2.0000000000000058
CO,Run1_exact,006,0,-2.926416439814838e-16
CO,Run1_exact,006,1,7.059703905645252e-17
CO,Run1_exact,006,2,0.005542478460770717
CO,Run1_exact,006,3,1.999999999999996
CO,Run1_exact,006,4,1.999999999999998
CO,Run1_exact,006,5,2.0000000000000013
CO,Run1_exact,006,6,2.000000000000002
CO,Run1_exact,006,7,2.000000000000004
CO,Run1_exact,007,0,-4.497768455136502e-16
CO,Run1_exact,007,1,4.497768455136502e-16
CO,Run1_exact,007,2,0.0056047058966917085
CO,Run1_exact,007,3,1.99999999999999
CO,Run1_exact,007,4,1.9999999999999944
CO,Run1_exact,007,5,1.9999999999999984
CO,Run1_exact,007,6,2.0000000000000013
CO,Run1_exact,007,7,2.0000000000000027
CO,Run1_exact,008,0,-9.079371653503584e-16
CO,Run1_exact,008,1,1.975874565023319e-17
CO,Run1_exact,008,2,0.005664474292017108
CO,Run1_exact,008,3,1.9999999999999902
CO,Run1_exact,008,4,1.9999999999999998
CO,Run1_exact,008,5,2.000000000000001
CO,Run1_exact,008,6,2.000000000000003
CO,Run1_exact,008,7,2.000000000000006
CO,Run1_exact,009,0,-2.797145334264372e-17
CO,Run1_exact,009,1,2.797145334264372e-17
CO,Run1_exact,009,2,0.00572177422981035
CO,Run1_exact,009,3,1.999999999999991
CO,Run1_exact,009,4,1.9999999999999942
CO,Run1_exact,009,5,1.9999999999999964
CO,Run1_exact,009,6,1.9999999999999996
CO,Run1_exact,009,7,1.9999999999999996
CO,Run1_exact,010,0,-1.4987248933898924e-16
CO,Run1_exact,010,1,1.4987248933898924e-16
CO,Run1_exact,010,2,0.005776599837575613
CO,Run1_exact,010,3,1.9999999999999907
CO,Run1_exact,010,4,1.9999999999999927
CO,Run1_exact,010,5,1.9999999999999993
CO,Run1_exact,010,6,2.000000000000001
CO,Run1_exact,010,7,2.000000000000001
CO,Run1_exact,011,0,-2.372521669845905e-16
CO,Run1_exact,011,1,1.5207562059559185e-17
CO,Run1_exact,011,2,0.005828948639312603
CO,Run1_exact,011,3,1.9999999999999911
CO,Run1_exact,011,4,1.999999999999998
CO,Run1_exact,011,5,1.9999999999999987
CO,Run1_exact,011,6,2.0
CO,Run1_exact,011,7,2.000000000000001
CO,Run1_exact,012,0,-2.854239668519544e-16
CO,Run1_exact,012,1,5.074685717769857e-16
CO,Run1_exact,012,2,0.005878821408611179
CO,Run1_exact,012,3,1.9999999999999916
CO,Run1_exact,012,4,1.9999999999999958
CO,Run1_exact,012,5,1.9999999999999982
CO,Run1_exact,012,6,2.000000000000001
CO,Run1_exact,012,7,2.000000000000001
CO,Run1_exact,013,0,-4.7870599531733866e-17
CO,Run1_exact,013,1,4.919598093817965e-16
CO,Run1_exact,013,2,0.005926222023094896
CO,Run1_exact,013,3,1.9999999999999931
CO,Run1_exact,013,4,1.9999999999999971
CO,Run1_exact,013,5,2.000000000000001
CO,Run1_exact,013,6,2.0000000000000018
CO,Run1_exact,013,7,2.000000000000005
CO,Run1_exact,014,0,-1.979291834325409e-19
CO,Run1_exact,014,1,4.442871390334952e-16
CO,Run1_exact,014,2,0.005971157320479259
CO,Run1_exact,014,3,1.999999999999996
CO,Run1_exact,014,4,1.9999999999999982
CO,Run1_exact,014,5,2.0
CO,Run1_exact,014,6,2.0000000000000013
CO,Run1_exact,014,7,2.0000000000000053
CO,Run1_exact,015,0,-4.578426845904923e-16
CO,Run1_exact,015,1,4.578426845904923e-16
CO,Run1_exact,015,2,0.006013636956487822
CO,Run1_exact,015,3,1.999999999999995
CO,Run1_exact,015,4,1.999999999999996
CO,Run1_exact,015,5,2.0000000000000013
CO,Run1_exact,015,6,2.0000000000000044
CO,Run1_exact,015,7,2.0000000000000067
CO,Run1_exact,016,0,-2.8058052088184754e-17
CO,Run1_exact,016,1,4.721472619382473e-16
CO,Run1_exact,016,2,0.006053673264853732
CO,Run1_exact,016,3,1.999999999999995
CO,Run1_exact,016,4,1.999999999999998
CO,Run1_exact,016,5,1.9999999999999996
CO,Run1_exact,016,6,2.0000000000000013
CO,Run1_exact,016,7,2.0000000000000036
CO,Run1_exact,017,0,-1.7292207664634688e-17
CO,Run1_exact,017,1,1.7292207664634688e-17
CO,Run1_exact,017,2,0.006091281119598542
CO,Run1_exact,017,3,1.9999999999999967
CO,Run1_exact,017,4,1.9999999999999984
CO,Run1_exact,017,5,1.9999999999999993
CO,Run1_exact,017,6,2.0000000000000004
CO,Run1_exact,017,7,2.000000000000002
CO,Run1_exact,018,0,-1.2938503506741559e-17
CO,Run1_exact,018,1,4.570277133568042e-16
CO,Run1_exact,018,2,0.006126477799770491
CO,Run1_exact,018,3,1.9999999999999962
CO,Run1_exact,018,4,1.999999999999998
CO,Run1_exact,018,5,1.9999999999999996
CO,Run1_exact,018,6,2.0000000000000013
CO,Run1_exact,018,7,2.0000000000000027
CO,Run1_exact,019,0,2.1886810278126736e-16
CO,Run1_exact,019,1,2.2522110706879526e-16
CO,Run1_exact,019,2,0.006159282856794235
CO,Run1_exact,019,3,1.9999999999999944
CO,Run1_exact,019,4,1.999999999999995
CO,Run1_exact,019,5,1.9999999999999964
CO,Run1_exact,019,6,1.9999999999999967
CO,Run1_exact,019,7,1.9999999999999993
CO,Run1_exact,020,0,-5.581809417214256e-17
CO,Run1_exact,020,1,5.581809417214256e-17
CO,Run1_exact,020,2,0.006189717984573795
CO,Run1_exact,020,3,1.9999999999999925
CO,Run1_exact,020,4,1.999999999999999
CO,Run1_exact,020,5,1.9999999999999991
CO,Run1_exact,020,6,2.000000000000002
CO,Run1_exact,020,7,2.000000000000004
CO,Run1_exact,021,0,-1.5144798107602992e-17
CO,Run1_exact,021,1,4.592340079576656e-16
CO,Run1_exact,021,2,0.006217806892457212
CO,Run1_exact,021,3,1.9999999999999938
CO,Run1_exact,021,4,1.9999999999999978
CO,Run1_exact,021,5,1.9999999999999987
CO,Run1_exact,021,6,2.0000000000000018
CO,Run1_exact,021,7,2.0000000000000058
CO,Run1_exact,022,0,-4.2831267451307934e-17
CO,Run1_exact,022,1,4.2831267451307934e-17
CO,Run1_exact,022,2,0.006243575181166916
CO,Run1_exact,022,3,1.9999999999999962
CO,Run1_exact,022,4,2.0
CO,Run1_exact,022,5,2.0000000000000027
CO,Run1_exact,022,6,2.0000000000000036
CO,Run1_exact,022,7,2.0000000000000058
CO,Run1_exact,023,0,-4.449091839953961e-16
CO,Run1_exact,023,1,8.199741453334851e-19
CO,Run1_exact,023,2,0.006267050221792747
CO,Run1_exact,023,3,1.9999999999999951
CO,Run1_exact,023,4,1.999999999999997
CO,Run1_exact,023,5,1.9999999999999982
CO,Run1_exact,023,6,1.9999999999999987
CO,Run1_exact,023,7,2.0000000000000013
CO,Run1_exact,024,0,-4.502633312834526e-16
CO,Run1_exact,024,1,6.174121433389909e-18
CO,Run1_exact,024,2,0.006288261037891152
CO,Run1_exact,024,3,1.9999999999999942
CO,Run1_exact,024,4,1.9999999999999978
CO,Run1_exact,024,5,1.9999999999999991
CO,Run1_exact,024,6,2.0000000000000013
CO,Run1_exact,024,7,2.0000000000000044
CO,Run1_exact,025,0,-4.496042431747836e-16
CO,Run1_exact,025,1,5.515033324721059e-18
CO,Run1_exact,025,2,0.006307238190766951
CO,Run1_exact,025,3,1.9999999999999918
CO,Run1_exact,025,4,1.9999999999999967
CO,Run1_exact,025,5,2.0000000000000004
CO,Run1_exact,025,6,2.000000000000002
CO,Run1_exact,025,7,2.0000000000000044
CO,Run1_exact,026,0,-1.7535905910244373e-17
CO,Run1_exact,026,1,4.61625115760307e-16
CO,Run1_exact,026,2,0.006324013667967643
CO,Run1_exact,026,3,1.9999999999999967
CO,Run1_exact,026,4,1.999999999999997
CO,Run1_exact,026,5,1.999999999999999
CO,Run1_exact,026,6,1.9999999999999996
CO,Run1_exact,026,7,2.0000000000000036
CO,Run1_exact,027,0,-4.947725101445589e-16
CO,Run1_exact,027,1,5.0683300294496273e-17
CO,Run1_exact,027,2,0.006338620775023118
CO,Run1_exact,027,3,1.999999999999996
CO,Run1_exact,027,4,1.9999999999999973
CO,Run1_exact,027,5,1.999999999999999
CO,Run1_exact,027,6,2.000000000000001
CO,Run1_exact,027,7,2.0000000000000013
CO,Run1_exact,028,0,-5.385010863928929e-16
CO,Run1_exact,028,1,9.441187654283026e-17
CO,Run1_exact,028,2,0.006351094030444759
CO,Run1_exact,028,3,1.9999999999999973
CO,Run1_exact,028,4,1.999999999999999
CO,Run1_exact,028,5,1.9999999999999991
CO,Run1_exact,028,6,1.9999999999999996
CO,Run1_exact,028,7,2.0000000000000027
CO,Run1_exact,029,0,-1.2237125330601407e-17
CO,Run1_exact,029,1,1.2237125330601407e-17
CO,Run1_exact,029,2,0.006361469064001403
CO,Run1_exact,029,3,1.9999999999999944
CO,Run1_exact,029,4,1.9999999999999962
CO,Run1_exact,029,5,1.9999999999999991
CO,Run1_exact,029,6,2.000000000000001
CO,Run1_exact,029,7,2.000000000000003
CO,Run1_exact,030,0,-2.6514727777035627e-16
CO,Run1_exact,030,1,4.871918826953875e-16
CO,Run1_exact,030,2,0.006369782518254485
CO,Run1_exact,030,3,1.9999999999999956
CO,Run1_exact,030,4,1.9999999999999976
CO,Run1_exact,030,5,1.999999999999999
CO,Run1_exact,030,6,2.000000000000003
CO,Run1_exact,030,7,2.000000000000004
HF,Run1_exact,001,0,0.001880248800040608
HF,Run1_exact,001,1,1.9999999999999978
HF,Run1_exact,001,2,1.9999999999999996
HF,Run1_exact,001,3,2.0
HF,Run1_exact,001,4,2.0000000000000036
HF,Run1_exact,002,0,0.0018605745609313242
HF,Run1_exact,002,1,1.9999999999999964
HF,Run1_exact,002,2,1.9999999999999982
HF,Run1_exact,002,3,1.9999999999999991
HF,Run1_exact,002,4,2.000000000000001
HF,Run1_exact,003,0,0.0018398121616351
HF,Run1_exact,003,1,1.9999999999999973
HF,Run1_exact,003,2,1.9999999999999996
HF,Run1_exact,003,3,2.0
HF,Run1_exact,003,4,2.0000000000000018
HF,Run1_exact,004,0,0.0018180592300044529
HF,Run1_exact,004,1,1.9999999999999973
HF,Run1_exact,004,2,1.9999999999999991
HF,Run1_exact,004,3,2.000000000000002
HF,Run1_exact,004,4,2.000000000000004
HF,Run1_exact,005,0,0.0017954076072636046
HF,Run1_exact,005,1,1.9999999999999962
HF,Run1_exact,005,2,1.9999999999999982
HF,Run1_exact,005,3,1.9999999999999996
HF,Run1_exact,005,4,2.0000000000000004
HF,Run1_exact,006,0,0.0017719436599211286
HF,Run1_exact,006,1,1.9999999999999958
HF,Run1_exact,006,2,1.9999999999999973
HF,Run1_exact,006,3,1.9999999999999984
HF,Run1_exact,006,4,2.0000000000000004
HF,Run1_exact,007,0,0.0017477485896614214
HF,Run1_exact,007,1,1.999999999999996
HF,Run1_exact,007,2,1.999999999999997
HF,Run1_exact,007,3,1.9999999999999991
HF,Run1_exact,007,4,2.000000000000001
HF,Run1_exact,008,0,0.001722898737385051
HF,Run1_exact,008,1,1.999999999999996
HF,Run1_exact,008,2,1.9999999999999971
HF,Run1_exact,008,3,1.9999999999999991
HF,Run1_exact,008,4,2.0000000000000018
HF,Run1_exact,009,0,0.0016974658784210666
HF,Run1_exact,009,1,1.9999999999999991
HF,Run1_exact,009,2,1.9999999999999998
HF,Run1_exact,009,3,2.0000000000000004
HF,Run1_exact,009,4,2.000000000000004
HF,Run1_exact,010,0,0.0016715175065984452
HF,Run1_exact,010,1,1.999999999999993
HF,Run1_exact,010,2,2.0
HF,Run1_exact,010,3,2.0000000000000004
HF,Run1_exact,010,4,2.0000000000000018
HF,Run1_exact,011,0,0.0016451171054747082
HF,Run1_exact,011,1,2.0
HF,Run1_exact,011,2,2.0
HF,Run1_exact,011,3,2.000000000000002
HF,Run1_exact,011,4,2.000000000000003
HF,Run1_exact,012,0,0.0016183244054966094
HF,Run1_exact,012,1,1.9999999999999982
HF,Run1_exact,012,2,2.0
HF,Run1_exact,012,3,2.0000000000000018
HF,Run1_exact,012,4,2.0000000000000027
HF,Run1_exact,013,0,0.0015911956263334904
HF,Run1_exact,013,1,1.9999999999999962
HF,Run1_exact,013,2,1.9999999999999973
HF,Run1_exact,013,3,1.9999999999999996
HF,Run1_exact,013,4,2.0000000000000018
HF,Run1_exact,014,0,0.0015637837039102315
HF,Run1_exact,014,1,1.9999999999999982
HF,Run1_exact,014,2,1.9999999999999991
HF,Run1_exact,014,3,2.0000000000000004
HF,Run1_exact,014,4,2.000000000000001
HF,Run1_exact,015,0,0.001536138502030513
HF,Run1_exact,015,1,1.9999999999999953
HF,Run1_exact,015,2,1.9999999999999971
HF,Run1_exact,015,3,1.9999999999999996
HF,Run1_exact,015,4,2.0000000000000004
HF,Run1_exact,016,0,0.0015083070086762025
HF,Run1_exact,016,1,1.9999999999999947
HF,Run1_exact,016,2,1.9999999999999984
HF,Run1_exact,016,3,1.9999999999999998
HF,Run1_exact,016,4,2.0000000000000044
HF,Run1_exact,017,0,0.0014803335173035179
HF,Run1_exact,017,1,1.9999999999999964
HF,Run1_exact,017,2,2.0000000000000004
HF,Run1_exact,017,3,2.0000000000000004
HF,Run1_exact,017,4,2.0000000000000013
HF,Run1_exact,018,0,0.0014522597935875767
HF,Run1_exact,018,1,1.9999999999999971
HF,Run1_exact,018,2,1.9999999999999998
HF,Run1_exact,018,3,2.0000000000000004
HF,Run1_exact,018,4,2.0000000000000013
HF,Run1_exact,019,0,0.0014241252282347972
HF,Run1_exact,019,1,1.9999999999999982
HF,Run1_exact,019,2,1.9999999999999996
HF,Run1_exact,019,3,2.0000000000000004
HF,Run1_exact,019,4,2.000000000000002
HF,Run1_exact,020,0,0.0013959669765400157
HF,Run1_exact,020,1,1.9999999999999973
HF,Run1_exact,020,2,2.0
HF,Run1_exact,020,3,2.000000000000001
HF,Run1_exact,020,4,2.0000000000000013
HF,Run1_exact,021,0,0.001367820085491168
HF,Run1_exact,021,1,1.9999999999999953
HF,Run1_exact,021,2,1.999999999999999
HF,Run1_exact,021,3,1.9999999999999998
HF,Run1_exact,021,4,2.0000000000000004
HF,Run1_exact,022,0,0.0013397176092249297
HF,Run1_exact,022,1,1.9999999999999984
HF,Run1_exact,022,2,1.999999999999999
HF,Run1_exact,022,3,2.0
HF,Run1_exact,022,4,2.000000000000001
HF,Run1_exact,023,0,0.0013116907137171836
HF,Run1_exact,023,1,1.9999999999999996
HF,Run1_exact,023,2,2.0000000000000004
HF,Run1_exact,023,3,2.0000000000000027
HF,Run1_exact,023,4,2.0000000000000053
HF,Run1_exact,024,0,0.00128376877157219
HF,Run1_exact,024,1,1.999999999999997
HF,Run1_exact,024,2,1.9999999999999998
HF,Run1_exact,024,3,2.0000000000000004
HF,Run1_exact,024,4,2.0000000000000013
HF,Run1_exact,025,0,0.0012559794478142928
HF,Run1_exact,025,1,1.9999999999999982
HF,Run1_exact,025,2,1.9999999999999991
HF,Run1_exact,025,3,2.0000000000000004
HF,Run1_exact,025,4,2.0000000000000018
HF,Run1_exact,026,0,0.0012283487775372505
HF,Run1_exact,026,1,1.9999999999999953
HF,Run1_exact,026,2,1.9999999999999993
HF,Run1_exact,026,3,2.0000000000000013
HF,Run1_exact,026,4,2.000000000000002
HF,Run1_exact,027,0,0.001200901236274724
HF,Run1_exact,027,1,1.9999999999999967
HF,Run1_exact,027,2,1.9999999999999996
HF,Run1_exact,027,3,2.0
HF,Run1_exact,027,4,2.0000000000000018
HF,Run1_exact,028,0,0.001173659803908152
HF,Run1_exact,028,1,1.9999999999999982
HF,Run1_exact,028,2,1.999999999999999
HF,Run1_exact,028,3,2.0
HF,Run1_exact,028,4,2.0000000000000013
HF,Run1_exact,029,0,0.0011466460229007957
HF,Run1_exact,029,1,1.999999999999996
HF,Run1_exact,029,2,1.9999999999999987
HF,Run1_exact,029,3,2.0
HF,Run1_exact,029,4,2.000000000000003
HF,Run1_exact,030,0,0.0011198800515978696
HF,Run1_exact,030,1,1.9999999999999982
HF,Run1_exact,030,2,2.000000000000001
HF,Run1_exact,030,3,2.0000000000000013
HF,Run1_exact,030,4,2.000000000000005
H2S,saved_6AO_diagnostic,001,0,0.028062287803305663
H2S,saved_6AO_diagnostic,001,1,0.035962139238866486
H2S,saved_6AO_diagnostic,001,2,1.9999999999999936
H2S,saved_6AO_diagnostic,001,3,1.9999999999999984
H2S,saved_6AO_diagnostic,001,4,2.0000000000000004
H2S,saved_6AO_diagnostic,001,5,2.0000000000000018
H2S,saved_6AO_diagnostic,002,0,0.02833739212984887
H2S,saved_6AO_diagnostic,002,1,0.036121138329846314
H2S,saved_6AO_diagnostic,002,2,1.999999999999992
H2S,saved_6AO_diagnostic,002,3,1.999999999999997
H2S,saved_6AO_diagnostic,002,4,1.9999999999999973
H2S,saved_6AO_diagnostic,002,5,2.0000000000000027
H2S,saved_6AO_diagnostic,003,0,0.02860453656779248
H2S,saved_6AO_diagnostic,003,1,0.036274102666168595
H2S,saved_6AO_diagnostic,003,2,1.9999999999999958
H2S,saved_6AO_diagnostic,003,3,1.9999999999999978
H2S,saved_6AO_diagnostic,003,4,2.000000000000003
H2S,saved_6AO_diagnostic,003,5,2.000000000000006
H2S,saved_6AO_diagnostic,004,0,0.028863803128342136
H2S,saved_6AO_diagnostic,004,1,0.036421153576297716
H2S,saved_6AO_diagnostic,004,2,1.999999999999999
H2S,saved_6AO_diagnostic,004,3,1.9999999999999998
H2S,saved_6AO_diagnostic,004,4,2.000000000000001
H2S,saved_6AO_diagnostic,004,5,2.0000000000000018
H2S,saved_6AO_diagnostic,005,0,0.029115282614285753
H2S,saved_6AO_diagnostic,005,1,0.036562412962494406
H2S,saved_6AO_diagnostic,005,2,2.0000000000000018
H2S,saved_6AO_diagnostic,005,3,2.0000000000000036
H2S,saved_6AO_diagnostic,005,4,2.000000000000005
H2S,saved_6AO_diagnostic,005,5,2.0000000000000053
H2S,saved_6AO_diagnostic,006,0,0.029359073803669977
H2S,saved_6AO_diagnostic,006,1,0.03669800313517824
H2S,saved_6AO_diagnostic,006,2,1.9999999999999978
H2S,saved_6AO_diagnostic,006,3,1.9999999999999987
H2S,saved_6AO_diagnostic,006,4,2.0
H2S,saved_6AO_diagnostic,006,5,2.000000000000001
H2S,saved_6AO_diagnostic,007,0,0.029595282675464407
H2S,saved_6AO_diagnostic,007,1,0.03682804665385353
H2S,saved_6AO_diagnostic,007,2,1.9999999999999956
H2S,saved_6AO_diagnostic,007,3,1.9999999999999993
H2S,saved_6AO_diagnostic,007,4,2.0000000000000004
H2S,saved_6AO_diagnostic,007,5,2.000000000000001
H2S,saved_6AO_diagnostic,008,0,0.02982402167637188
H2S,saved_6AO_diagnostic,008,1,0.03695266617469306
H2S,saved_6AO_diagnostic,008,2,1.9999999999999967
H2S,saved_6AO_diagnostic,008,3,1.9999999999999996
H2S,saved_6AO_diagnostic,008,4,2.0000000000000018
H2S,saved_6AO_diagnostic,008,5,2.0000000000000036
H2S,saved_6AO_diagnostic,009,0,0.030045409027340986
H2S,saved_6AO_diagnostic,009,1,0.037071984305258265
H2S,saved_6AO_diagnostic,009,2,1.9999999999999942
H2S,saved_6AO_diagnostic,009,3,1.9999999999999978
H2S,saved_6AO_diagnostic,009,4,1.9999999999999998
H2S,saved_6AO_diagnostic,009,5,2.0000000000000004
H2S,saved_6AO_diagnostic,010,0,0.030259568068861986
H2S,saved_6AO_diagnostic,010,1,0.03718612346619321
H2S,saved_6AO_diagnostic,010,2,1.9999999999999933
H2S,saved_6AO_diagnostic,010,3,1.9999999999999976
H2S,saved_6AO_diagnostic,010,4,1.9999999999999996
H2S,saved_6AO_diagnostic,010,5,2.0000000000000004
H2S,saved_6AO_diagnostic,011,0,0.030466626643558925
H2S,saved_6AO_diagnostic,011,1,0.03729520576020873
H2S,saved_6AO_diagnostic,011,2,1.9999999999999976
H2S,saved_6AO_diagnostic,011,3,2.000000000000004
H2S,saved_6AO_diagnostic,011,4,2.000000000000005
H2S,saved_6AO_diagnostic,011,5,2.000000000000009
H2S,saved_6AO_diagnostic,012,0,0.030666716514919923
H2S,saved_6AO_diagnostic,012,1,0.037399352848235035
H2S,saved_6AO_diagnostic,012,2,1.9999999999999973
H2S,saved_6AO_diagnostic,012,3,1.9999999999999998
H2S,saved_6AO_diagnostic,012,4,2.0000000000000004
H2S,saved_6AO_diagnostic,012,5,2.000000000000005
H2S,saved_6AO_diagnostic,013,0,0.030859972820870718
H2S,saved_6AO_diagnostic,013,1,0.03749868583264937
H2S,saved_6AO_diagnostic,013,2,1.999999999999998
H2S,saved_6AO_diagnostic,013,3,1.9999999999999984
H2S,saved_6AO_diagnostic,013,4,2.0000000000000027
H2S,saved_6AO_diagnostic,013,5,2.0000000000000053
H2S,saved_6AO_diagnostic,014,0,0.031046533560802832
H2S,saved_6AO_diagnostic,014,1,0.03759332514754909
H2S,saved_6AO_diagnostic,014,2,1.999999999999996
H2S,saved_6AO_diagnostic,014,3,1.9999999999999971
H2S,saved_6AO_diagnostic,014,4,2.0
H2S,saved_6AO_diagnostic,014,5,2.000000000000002
H2S,saved_6AO_diagnostic,015,0,0.031226539114833862
H2S,saved_6AO_diagnostic,015,1,0.0376833904558036
H2S,saved_6AO_diagnostic,015,2,1.999999999999997
H2S,saved_6AO_diagnostic,015,3,1.999999999999998
H2S,saved_6AO_diagnostic,015,4,1.9999999999999996
H2S,saved_6AO_diagnostic,015,5,2.000000000000005
H2S,saved_6AO_diagnostic,016,0,0.03140013179388812
H2S,saved_6AO_diagnostic,016,1,0.03776900055280952
H2S,saved_6AO_diagnostic,016,2,1.9999999999999971
H2S,saved_6AO_diagnostic,016,3,1.9999999999999991
H2S,saved_6AO_diagnostic,016,4,2.0000000000000004
H2S,saved_6AO_diagnostic,016,5,2.0000000000000067
H2S,saved_6AO_diagnostic,017,0,0.031567455419399426
H2S,saved_6AO_diagnostic,017,1,0.03785027327663126
H2S,saved_6AO_diagnostic,017,2,1.9999999999999938
H2S,saved_6AO_diagnostic,017,3,1.9999999999999958
H2S,saved_6AO_diagnostic,017,4,1.9999999999999996
H2S,saved_6AO_diagnostic,017,5,2.0000000000000013
H2S,saved_6AO_diagnostic,018,0,0.031728654931192146
H2S,saved_6AO_diagnostic,018,1,0.037927325424331304
H2S,saved_6AO_diagnostic,018,2,1.9999999999999976
H2S,saved_6AO_diagnostic,018,3,2.0000000000000013
H2S,saved_6AO_diagnostic,018,4,2.000000000000004
H2S,saved_6AO_diagnostic,018,5,2.0000000000000044
H2S,saved_6AO_diagnostic,019,0,0.03188387602236875
H2S,saved_6AO_diagnostic,019,1,0.03800027267418016
H2S,saved_6AO_diagnostic,019,2,1.9999999999999976
H2S,saved_6AO_diagnostic,019,3,1.9999999999999993
H2S,saved_6AO_diagnostic,019,4,2.0000000000000018
H2S,saved_6AO_diagnostic,019,5,2.000000000000005
H2S,saved_6AO_diagnostic,020,0,0.0320332647999233
H2S,saved_6AO_diagnostic,020,1,0.03806922951362579
H2S,saved_6AO_diagnostic,020,2,1.9999999999999916
H2S,saved_6AO_diagnostic,020,3,1.999999999999997
H2S,saved_6AO_diagnostic,020,4,1.9999999999999993
H2S,saved_6AO_diagnostic,020,5,2.0000000000000018
H2S,saved_6AO_diagnostic,021,0,0.03217696746984888
H2S,saved_6AO_diagnostic,021,1,0.0381343091725046
H2S,saved_6AO_diagnostic,021,2,1.9999999999999982
H2S,saved_6AO_diagnostic,021,3,1.9999999999999987
H2S,saved_6AO_diagnostic,021,4,2.0
H2S,saved_6AO_diagnostic,021,5,2.0000000000000004
H2S,saved_6AO_diagnostic,022,0,0.03231513004548603
H2S,saved_6AO_diagnostic,022,1,0.03819562356147399
H2S,saved_6AO_diagnostic,022,2,1.9999999999999947
H2S,saved_6AO_diagnostic,022,3,2.0000000000000004
H2S,saved_6AO_diagnostic,022,4,2.0000000000000013
H2S,saved_6AO_diagnostic,022,5,2.0000000000000044
H2S,saved_6AO_diagnostic,023,0,0.03244789807802238
H2S,saved_6AO_diagnostic,023,1,0.03825328321522958
H2S,saved_6AO_diagnostic,023,2,1.9999999999999984
H2S,saved_6AO_diagnostic,023,3,2.0000000000000004
H2S,saved_6AO_diagnostic,023,4,2.0000000000000013
H2S,saved_6AO_diagnostic,023,5,2.000000000000005
H2S,saved_6AO_diagnostic,024,0,0.03257541640793993
H2S,saved_6AO_diagnostic,024,1,0.038307397240325836
H2S,saved_6AO_diagnostic,024,2,1.9999999999999984
H2S,saved_6AO_diagnostic,024,3,1.9999999999999998
H2S,saved_6AO_diagnostic,024,4,2.0000000000000036
H2S,saved_6AO_diagnostic,024,5,2.0000000000000093
H2S,saved_6AO_diagnostic,025,0,0.032697828936435185
H2S,saved_6AO_diagnostic,025,1,0.03835807326727281
H2S,saved_6AO_diagnostic,025,2,1.9999999999999956
H2S,saved_6AO_diagnostic,025,3,1.9999999999999964
H2S,saved_6AO_diagnostic,025,4,1.999999999999998
H2S,saved_6AO_diagnostic,025,5,2.000000000000001
H2S,saved_6AO_diagnostic,026,0,0.032815278415564864
H2S,saved_6AO_diagnostic,026,1,0.038405417406757625
H2S,saved_6AO_diagnostic,026,2,1.9999999999999958
H2S,saved_6AO_diagnostic,026,3,1.9999999999999987
H2S,saved_6AO_diagnostic,026,4,2.0
H2S,saved_6AO_diagnostic,026,5,2.0000000000000018
H2S,saved_6AO_diagnostic,027,0,0.03292790625633213
H2S,saved_6AO_diagnostic,027,1,0.03844953420964736
H2S,saved_6AO_diagnostic,027,2,1.9999999999999891
H2S,saved_6AO_diagnostic,027,3,1.999999999999991
H2S,saved_6AO_diagnostic,027,4,1.999999999999999
H2S,saved_6AO_diagnostic,027,5,2.0000000000000018
H2S,saved_6AO_diagnostic,028,0,0.033035852353403665
H2S,saved_6AO_diagnostic,028,1,0.03849052663076824
H2S,saved_6AO_diagnostic,028,2,1.9999999999999951
H2S,saved_6AO_diagnostic,028,3,1.9999999999999984
H2S,saved_6AO_diagnostic,028,4,2.0000000000000018
H2S,saved_6AO_diagnostic,028,5,2.000000000000005
H2S,saved_6AO_diagnostic,029,0,0.033139254926022765
H2S,saved_6AO_diagnostic,029,1,0.03852849599584762
H2S,saved_6AO_diagnostic,029,2,1.999999999999996
H2S,saved_6AO_diagnostic,029,3,1.9999999999999964
H2S,saved_6AO_diagnostic,029,4,1.9999999999999998
H2S,saved_6AO_diagnostic,029,5,2.0000000000000036
H2S,saved_6AO_diagnostic,030,0,0.033238250373682776
H2S,saved_6AO_diagnostic,030,1,0.038563541971926796
H2S,saved_6AO_diagnostic,030,2,1.9999999999999962
H2S,saved_6AO_diagnostic,030,3,1.9999999999999967
H2S,saved_6AO_diagnostic,030,4,1.9999999999999976
H2S,saved_6AO_diagnostic,030,5,2.0000000000000027
H2S,intended_10AO_diagnostic,001,0,-1.4463985231295866e-29
H2S,intended_10AO_diagnostic,001,1,0.00040664404191503856
H2S,intended_10AO_diagnostic,001,2,1.9999999999999938
H2S,intended_10AO_diagnostic,001,3,1.9999999999999958
H2S,intended_10AO_diagnostic,001,4,1.9999999999999976
H2S,intended_10AO_diagnostic,001,5,1.9999999999999982
H2S,intended_10AO_diagnostic,001,6,1.999999999999999
H2S,intended_10AO_diagnostic,001,7,2.000000000000001
H2S,intended_10AO_diagnostic,001,8,2.000000000000004
H2S,intended_10AO_diagnostic,001,9,2.0000000000000053
H2S,intended_10AO_diagnostic,002,0,-2.220446049250509e-16
H2S,intended_10AO_diagnostic,002,1,0.0004046634377254943
H2S,intended_10AO_diagnostic,002,2,1.9999999999999916
H2S,intended_10AO_diagnostic,002,3,1.9999999999999951
H2S,intended_10AO_diagnostic,002,4,1.9999999999999978
H2S,intended_10AO_diagnostic,002,5,2.0000000000000013
H2S,intended_10AO_diagnostic,002,6,2.0000000000000044
H2S,intended_10AO_diagnostic,002,7,2.0000000000000053
H2S,intended_10AO_diagnostic,002,8,2.000000000000007
H2S,intended_10AO_diagnostic,002,9,2.000000000000008
H2S,intended_10AO_diagnostic,003,0,4.4408920985006257e-16
H2S,intended_10AO_diagnostic,003,1,0.00040251180704875544
H2S,intended_10AO_diagnostic,003,2,1.9999999999999951
H2S,intended_10AO_diagnostic,003,3,1.9999999999999964
H2S,intended_10AO_diagnostic,003,4,1.9999999999999993
H2S,intended_10AO_diagnostic,003,5,2.000000000000003
H2S,intended_10AO_diagnostic,003,6,2.000000000000005
H2S,intended_10AO_diagnostic,003,7,2.000000000000005
H2S,intended_10AO_diagnostic,003,8,2.0000000000000075
H2S,intended_10AO_diagnostic,003,9,2.0000000000000084
H2S,intended_10AO_diagnostic,004,0,-8.12817987089829e-29
H2S,intended_10AO_diagnostic,004,1,0.0004001978266716666
H2S,intended_10AO_diagnostic,004,2,1.9999999999999936
H2S,intended_10AO_diagnostic,004,3,1.9999999999999947
H2S,intended_10AO_diagnostic,004,4,1.9999999999999984
H2S,intended_10AO_diagnostic,004,5,2.0000000000000004
H2S,intended_10AO_diagnostic,004,6,2.000000000000001
H2S,intended_10AO_diagnostic,004,7,2.000000000000002
H2S,intended_10AO_diagnostic,004,8,2.000000000000004
H2S,intended_10AO_diagnostic,004,9,2.0000000000000053
H2S,intended_10AO_diagnostic,005,0,-3.675690240322793e-30
H2S,intended_10AO_diagnostic,005,1,0.00039772996485920586
H2S,intended_10AO_diagnostic,005,2,1.9999999999999978
H2S,intended_10AO_diagnostic,005,3,2.0000000000000004
H2S,intended_10AO_diagnostic,005,4,2.000000000000001
H2S,intended_10AO_diagnostic,005,5,2.0000000000000027
H2S,intended_10AO_diagnostic,005,6,2.0000000000000044
H2S,intended_10AO_diagnostic,005,7,2.000000000000005
H2S,intended_10AO_diagnostic,005,8,2.0000000000000075
H2S,intended_10AO_diagnostic,005,9,2.000000000000008
H2S,intended_10AO_diagnostic,006,0,-3.692457263982526e-29
H2S,intended_10AO_diagnostic,006,1,0.0003951164788289496
H2S,intended_10AO_diagnostic,006,2,1.9999999999999956
H2S,intended_10AO_diagnostic,006,3,1.9999999999999962
H2S,intended_10AO_diagnostic,006,4,1.999999999999997
H2S,intended_10AO_diagnostic,006,5,1.9999999999999987
H2S,intended_10AO_diagnostic,006,6,1.9999999999999991
H2S,intended_10AO_diagnostic,006,7,2.0000000000000018
H2S,intended_10AO_diagnostic,006,8,2.0000000000000053
H2S,intended_10AO_diagnostic,006,9,2.00000000000001
H2S,intended_10AO_diagnostic,007,0,-4.440892098500868e-16
H2S,intended_10AO_diagnostic,007,1,0.00039236541298093286
H2S,intended_10AO_diagnostic,007,2,1.9999999999999933
H2S,intended_10AO_diagnostic,007,3,1.999999999999996
H2S,intended_10AO_diagnostic,007,4,1.9999999999999973
H2S,intended_10AO_diagnostic,007,5,1.999999999999999
H2S,intended_10AO_diagnostic,007,6,2.0
H2S,intended_10AO_diagnostic,007,7,2.000000000000003
H2S,intended_10AO_diagnostic,007,8,2.000000000000005
H2S,intended_10AO_diagnostic,007,9,2.000000000000008
H2S,intended_10AO_diagnostic,008,0,-7.090197835183024e-29
H2S,intended_10AO_diagnostic,008,1,0.00038948459780119293
H2S,intended_10AO_diagnostic,008,2,1.9999999999999956
H2S,intended_10AO_diagnostic,008,3,1.9999999999999978
H2S,intended_10AO_diagnostic,008,4,1.9999999999999984
H2S,intended_10AO_diagnostic,008,5,2.0000000000000004
H2S,intended_10AO_diagnostic,008,6,2.000000000000001
H2S,intended_10AO_diagnostic,008,7,2.0000000000000027
H2S,intended_10AO_diagnostic,008,8,2.000000000000005
H2S,intended_10AO_diagnostic,008,9,2.0000000000000067
H2S,intended_10AO_diagnostic,009,0,4.4408920985006114e-16
H2S,intended_10AO_diagnostic,009,1,0.00038648164937038487
H2S,intended_10AO_diagnostic,009,2,1.9999999999999916
H2S,intended_10AO_diagnostic,009,3,1.999999999999993
H2S,intended_10AO_diagnostic,009,4,1.9999999999999978
H2S,intended_10AO_diagnostic,009,5,1.9999999999999996
H2S,intended_10AO_diagnostic,009,6,2.0000000000000004
H2S,intended_10AO_diagnostic,009,7,2.000000000000001
H2S,intended_10AO_diagnostic,009,8,2.0000000000000013
H2S,intended_10AO_diagnostic,009,9,2.000000000000004
H2S,intended_10AO_diagnostic,010,0,-5.40181208389749e-29
H2S,intended_10AO_diagnostic,010,1,0.0003833639694186264
H2S,intended_10AO_diagnostic,010,2,1.9999999999999927
H2S,intended_10AO_diagnostic,010,3,1.9999999999999933
H2S,intended_10AO_diagnostic,010,4,1.9999999999999956
H2S,intended_10AO_diagnostic,010,5,1.9999999999999978
H2S,intended_10AO_diagnostic,010,6,1.9999999999999996
H2S,intended_10AO_diagnostic,010,7,2.0000000000000013
H2S,intended_10AO_diagnostic,010,8,2.000000000000002
H2S,intended_10AO_diagnostic,010,9,2.0000000000000044
H2S,intended_10AO_diagnostic,011,0,-2.220446049250408e-16
H2S,intended_10AO_diagnostic,011,1,0.0003801387458548522
H2S,intended_10AO_diagnostic,011,2,1.9999999999999956
H2S,intended_10AO_diagnostic,011,3,1.9999999999999971
H2S,intended_10AO_diagnostic,011,4,1.999999999999999
H2S,intended_10AO_diagnostic,011,5,1.9999999999999996
H2S,intended_10AO_diagnostic,011,6,2.000000000000004
H2S,intended_10AO_diagnostic,011,7,2.0000000000000058
H2S,intended_10AO_diagnostic,011,8,2.000000000000007
H2S,intended_10AO_diagnostic,011,9,2.0000000000000093
H2S,intended_10AO_diagnostic,012,0,-6.315444771256016e-30
H2S,intended_10AO_diagnostic,012,1,0.0003768129537338183
H2S,intended_10AO_diagnostic,012,2,1.999999999999996
H2S,intended_10AO_diagnostic,012,3,1.9999999999999982
H2S,intended_10AO_diagnostic,012,4,1.9999999999999996
H2S,intended_10AO_diagnostic,012,5,2.0000000000000004
H2S,intended_10AO_diagnostic,012,6,2.0000000000000013
H2S,intended_10AO_diagnostic,012,7,2.0000000000000044
H2S,intended_10AO_diagnostic,012,8,2.0000000000000044
H2S,intended_10AO_diagnostic,012,9,2.0000000000000084
H2S,intended_10AO_diagnostic,013,0,-4.440892098501244e-16
H2S,intended_10AO_diagnostic,013,1,0.00037339335659813955
H2S,intended_10AO_diagnostic,013,2,1.9999999999999933
H2S,intended_10AO_diagnostic,013,3,1.999999999999998
H2S,intended_10AO_diagnostic,013,4,1.9999999999999996
H2S,intended_10AO_diagnostic,013,5,1.9999999999999996
H2S,intended_10AO_diagnostic,013,6,2.0000000000000018
H2S,intended_10AO_diagnostic,013,7,2.000000000000002
H2S,intended_10AO_diagnostic,013,8,2.000000000000005
H2S,intended_10AO_diagnostic,013,9,2.0000000000000058
H2S,intended_10AO_diagnostic,014,0,-4.440892098500755e-16
H2S,intended_10AO_diagnostic,014,1,0.00036988650816716095
H2S,intended_10AO_diagnostic,014,2,1.9999999999999951
H2S,intended_10AO_diagnostic,014,3,1.9999999999999967
H2S,intended_10AO_diagnostic,014,4,1.9999999999999987
H2S,intended_10AO_diagnostic,014,5,1.9999999999999998
H2S,intended_10AO_diagnostic,014,6,2.0000000000000004
H2S,intended_10AO_diagnostic,014,7,2.0000000000000018
H2S,intended_10AO_diagnostic,014,8,2.000000000000004
H2S,intended_10AO_diagnostic,014,9,2.0000000000000044
H2S,intended_10AO_diagnostic,015,0,2.2204460492503116e-16
H2S,intended_10AO_diagnostic,015,1,0.0003662987543120444
H2S,intended_10AO_diagnostic,015,2,1.9999999999999953
H2S,intended_10AO_diagnostic,015,3,1.9999999999999978
H2S,intended_10AO_diagnostic,015,4,1.9999999999999978
H2S,intended_10AO_diagnostic,015,5,1.9999999999999993
H2S,intended_10AO_diagnostic,015,6,2.000000000000002
H2S,intended_10AO_diagnostic,015,7,2.000000000000004
H2S,intended_10AO_diagnostic,015,8,2.000000000000005
H2S,intended_10AO_diagnostic,015,9,2.000000000000006
H2S,intended_10AO_diagnostic,016,0,-4.020455031017817e-31
H2S,intended_10AO_diagnostic,016,1,0.00036263623530929934
H2S,intended_10AO_diagnostic,016,2,1.9999999999999962
H2S,intended_10AO_diagnostic,016,3,1.9999999999999973
H2S,intended_10AO_diagnostic,016,4,1.9999999999999991
H2S,intended_10AO_diagnostic,016,5,2.0000000000000004
H2S,intended_10AO_diagnostic,016,6,2.000000000000001
H2S,intended_10AO_diagnostic,016,7,2.000000000000002
H2S,intended_10AO_diagnostic,016,8,2.000000000000005
H2S,intended_10AO_diagnostic,016,9,2.0000000000000093
H2S,intended_10AO_diagnostic,017,0,-2.4525205497170437e-30
H2S,intended_10AO_diagnostic,017,1,0.00035890488830636613
H2S,intended_10AO_diagnostic,017,2,1.9999999999999925
H2S,intended_10AO_diagnostic,017,3,1.9999999999999933
H2S,intended_10AO_diagnostic,017,4,1.9999999999999978
H2S,intended_10AO_diagnostic,017,5,1.999999999999999
H2S,intended_10AO_diagnostic,017,6,2.0000000000000004
H2S,intended_10AO_diagnostic,017,7,2.000000000000001
H2S,intended_10AO_diagnostic,017,8,2.000000000000002
H2S,intended_10AO_diagnostic,017,9,2.000000000000008
H2S,intended_10AO_diagnostic,018,0,2.2204460492503118e-16
H2S,intended_10AO_diagnostic,018,1,0.00035511045000791164
H2S,intended_10AO_diagnostic,018,2,1.999999999999998
H2S,intended_10AO_diagnostic,018,3,2.0
H2S,intended_10AO_diagnostic,018,4,2.0000000000000027
H2S,intended_10AO_diagnostic,018,5,2.000000000000003
H2S,intended_10AO_diagnostic,018,6,2.000000000000005
H2S,intended_10AO_diagnostic,018,7,2.0000000000000053
H2S,intended_10AO_diagnostic,018,8,2.000000000000008
H2S,intended_10AO_diagnostic,018,9,2.000000000000009
H2S,intended_10AO_diagnostic,019,0,-8.016107605241953e-31
H2S,intended_10AO_diagnostic,019,1,0.00035125845952332924
H2S,intended_10AO_diagnostic,019,2,1.9999999999999964
H2S,intended_10AO_diagnostic,019,3,1.9999999999999978
H2S,intended_10AO_diagnostic,019,4,1.999999999999999
H2S,intended_10AO_diagnostic,019,5,2.0000000000000004
H2S,intended_10AO_diagnostic,019,6,2.0000000000000018
H2S,intended_10AO_diagnostic,019,7,2.000000000000003
H2S,intended_10AO_diagnostic,019,8,2.0000000000000044
H2S,intended_10AO_diagnostic,019,9,2.000000000000006
H2S,intended_10AO_diagnostic,020,0,-1.0140654501245516e-28
H2S,intended_10AO_diagnostic,020,1,0.00034735426137166847
H2S,intended_10AO_diagnostic,020,2,1.9999999999999913
H2S,intended_10AO_diagnostic,020,3,1.9999999999999956
H2S,intended_10AO_diagnostic,020,4,1.999999999999997
H2S,intended_10AO_diagnostic,020,5,1.9999999999999982
H2S,intended_10AO_diagnostic,020,6,2.0000000000000004
H2S,intended_10AO_diagnostic,020,7,2.0000000000000018
H2S,intended_10AO_diagnostic,020,8,2.0000000000000044
H2S,intended_10AO_diagnostic,020,9,2.000000000000006
H2S,intended_10AO_diagnostic,021,0,-1.6083121645990387e-30
H2S,intended_10AO_diagnostic,021,1,0.00034340300862023554
H2S,intended_10AO_diagnostic,021,2,1.9999999999999958
H2S,intended_10AO_diagnostic,021,3,1.999999999999997
H2S,intended_10AO_diagnostic,021,4,1.9999999999999993
H2S,intended_10AO_diagnostic,021,5,2.000000000000001
H2S,intended_10AO_diagnostic,021,6,2.0000000000000018
H2S,intended_10AO_diagnostic,021,7,2.0000000000000018
H2S,intended_10AO_diagnostic,021,8,2.000000000000003
H2S,intended_10AO_diagnostic,021,9,2.000000000000004
H2S,intended_10AO_diagnostic,022,0,-1.2483983679184095e-30
H2S,intended_10AO_diagnostic,022,1,0.00033940966612910906
H2S,intended_10AO_diagnostic,022,2,1.9999999999999938
H2S,intended_10AO_diagnostic,022,3,1.9999999999999998
H2S,intended_10AO_diagnostic,022,4,1.9999999999999998
H2S,intended_10AO_diagnostic,022,5,2.0
H2S,intended_10AO_diagnostic,022,6,2.0000000000000004
H2S,intended_10AO_diagnostic,022,7,2.0000000000000036
H2S,intended_10AO_diagnostic,022,8,2.0000000000000036
H2S,intended_10AO_diagnostic,022,9,2.0000000000000067
H2S,intended_10AO_diagnostic,023,0,-4.440892098500817e-16
H2S,intended_10AO_diagnostic,023,1,0.0003353790138991286
H2S,intended_10AO_diagnostic,023,2,1.999999999999995
H2S,intended_10AO_diagnostic,023,3,1.9999999999999973
H2S,intended_10AO_diagnostic,023,4,1.9999999999999998
H2S,intended_10AO_diagnostic,023,5,2.0000000000000013
H2S,intended_10AO_diagnostic,023,6,2.000000000000003
H2S,intended_10AO_diagnostic,023,7,2.0000000000000036
H2S,intended_10AO_diagnostic,023,8,2.0000000000000053
H2S,intended_10AO_diagnostic,023,9,2.000000000000007
H2S,intended_10AO_diagnostic,024,0,-9.745880849933077e-29
H2S,intended_10AO_diagnostic,024,1,0.00033131565048916123
H2S,intended_10AO_diagnostic,024,2,1.9999999999999931
H2S,intended_10AO_diagnostic,024,3,1.9999999999999982
H2S,intended_10AO_diagnostic,024,4,1.999999999999999
H2S,intended_10AO_diagnostic,024,5,2.0000000000000018
H2S,intended_10AO_diagnostic,024,6,2.000000000000002
H2S,intended_10AO_diagnostic,024,7,2.0000000000000036
H2S,intended_10AO_diagnostic,024,8,2.0000000000000044
H2S,intended_10AO_diagnostic,024,9,2.000000000000009
H2S,intended_10AO_diagnostic,025,0,-2.2204460492504955e-16
H2S,intended_10AO_diagnostic,025,1,0.0003272239965181889
H2S,intended_10AO_diagnostic,025,2,1.9999999999999947
H2S,intended_10AO_diagnostic,025,3,1.9999999999999958
H2S,intended_10AO_diagnostic,025,4,1.9999999999999962
H2S,intended_10AO_diagnostic,025,5,1.9999999999999971
H2S,intended_10AO_diagnostic,025,6,1.9999999999999996
H2S,intended_10AO_diagnostic,025,7,2.0000000000000018
H2S,intended_10AO_diagnostic,025,8,2.0000000000000027
H2S,intended_10AO_diagnostic,025,9,2.0000000000000067
H2S,intended_10AO_diagnostic,026,0,-3.177513387526567e-29
H2S,intended_10AO_diagnostic,026,1,0.00032310829820070275
H2S,intended_10AO_diagnostic,026,2,1.9999999999999936
H2S,intended_10AO_diagnostic,026,3,1.9999999999999947
H2S,intended_10AO_diagnostic,026,4,1.9999999999999976
H2S,intended_10AO_diagnostic,026,5,1.999999999999998
H2S,intended_10AO_diagnostic,026,6,1.9999999999999998
H2S,intended_10AO_diagnostic,026,7,2.0000000000000018
H2S,intended_10AO_diagnostic,026,8,2.0000000000000018
H2S,intended_10AO_diagnostic,026,9,2.000000000000005
H2S,intended_10AO_diagnostic,027,0,-4.440892098500663e-16
H2S,intended_10AO_diagnostic,027,1,0.00031897263094671224
H2S,intended_10AO_diagnostic,027,2,1.9999999999999882
H2S,intended_10AO_diagnostic,027,3,1.9999999999999893
H2S,intended_10AO_diagnostic,027,4,1.9999999999999947
H2S,intended_10AO_diagnostic,027,5,1.9999999999999978
H2S,intended_10AO_diagnostic,027,6,1.9999999999999984
H2S,intended_10AO_diagnostic,027,7,1.9999999999999996
H2S,intended_10AO_diagnostic,027,8,2.0000000000000004
H2S,intended_10AO_diagnostic,027,9,2.0000000000000013
H2S,intended_10AO_diagnostic,028,0,-7.65053539749895e-30
H2S,intended_10AO_diagnostic,028,1,0.00031482090298706744
H2S,intended_10AO_diagnostic,028,2,1.999999999999993
H2S,intended_10AO_diagnostic,028,3,1.9999999999999936
H2S,intended_10AO_diagnostic,028,4,1.9999999999999984
H2S,intended_10AO_diagnostic,028,5,1.9999999999999993
H2S,intended_10AO_diagnostic,028,6,2.0000000000000013
H2S,intended_10AO_diagnostic,028,7,2.0000000000000018
H2S,intended_10AO_diagnostic,028,8,2.0000000000000044
H2S,intended_10AO_diagnostic,028,9,2.000000000000005
H2S,intended_10AO_diagnostic,029,0,4.440892098500441e-16
H2S,intended_10AO_diagnostic,029,1,0.0003106568590249825
H2S,intended_10AO_diagnostic,029,2,1.9999999999999936
H2S,intended_10AO_diagnostic,029,3,1.9999999999999942
H2S,intended_10AO_diagnostic,029,4,1.9999999999999976
H2S,intended_10AO_diagnostic,029,5,1.9999999999999991
H2S,intended_10AO_diagnostic,029,6,2.0000000000000004
H2S,intended_10AO_diagnostic,029,7,2.000000000000002
H2S,intended_10AO_diagnostic,029,8,2.0000000000000036
H2S,intended_10AO_diagnostic,029,9,2.000000000000006
H2S,intended_10AO_diagnostic,030,0,4.4408920985001647e-16
H2S,intended_10AO_diagnostic,030,1,0.0003064840839153149
H2S,intended_10AO_diagnostic,030,2,1.9999999999999925
H2S,intended_10AO_diagnostic,030,3,1.9999999999999964
H2S,intended_10AO_diagnostic,030,4,1.9999999999999978
H2S,intended_10AO_diagnostic,030,5,1.9999999999999982
H2S,intended_10AO_diagnostic,030,6,1.9999999999999991
H2S,intended_10AO_diagnostic,030,7,1.9999999999999993
H2S,intended_10AO_diagnostic,030,8,2.0000000000000013
H2S,intended_10AO_diagnostic,030,9,2.0000000000000044
H2O2,Run1_exact,001,0,-3.3201253694373496e-16
H2O2,Run1_exact,001,1,0.0019792168352304827
H2O2,Run1_exact,001,2,0.005651878323750931
H2O2,Run1_exact,001,3,1.9999999999999813
H2O2,Run1_exact,001,4,1.999999999999994
H2O2,Run1_exact,001,5,1.999999999999998
H2O2,Run1_exact,001,6,1.999999999999999
H2O2,Run1_exact,001,7,2.0000000000000013
H2O2,Run1_exact,001,8,2.000000000000007
H2O2,Run1_exact,001,9,2.0000000000000147
H2O2,Run1_exact,002,0,-5.137578152732893e-16
H2O2,Run1_exact,002,1,0.00198069882733523
H2O2,Run1_exact,002,2,0.005601600109593584
H2O2,Run1_exact,002,3,1.9999999999999487
H2O2,Run1_exact,002,4,1.999999999999993
H2O2,Run1_exact,002,5,2.0000000000000027
H2O2,Run1_exact,002,6,2.000000000000005
H2O2,Run1_exact,002,7,2.000000000000006
H2O2,Run1_exact,002,8,2.000000000000012
H2O2,Run1_exact,002,9,2.000000000000053
H2O2,Run1_exact,003,0,-3.0538944217249564e-16
H2O2,Run1_exact,003,1,0.001982121005283661
H2O2,Run1_exact,003,2,0.005551295085199837
H2O2,Run1_exact,003,3,1.99999999999999
H2O2,Run1_exact,003,4,1.999999999999997
H2O2,Run1_exact,003,5,2.000000000000001
H2O2,Run1_exact,003,6,2.000000000000004
H2O2,Run1_exact,003,7,2.0000000000000044
H2O2,Run1_exact,003,8,2.0000000000000058
H2O2,Run1_exact,003,9,2.0000000000000067
H2O2,Run1_exact,004,0,1.0301787194640345e-16
H2O2,Run1_exact,004,1,0.00198348614971663
H2O2,Run1_exact,004,2,0.005500999014256532
H2O2,Run1_exact,004,3,1.9999999999999933
H2O2,Run1_exact,004,4,1.999999999999996
H2O2,Run1_exact,004,5,1.9999999999999998
H2O2,Run1_exact,004,6,2.0000000000000018
H2O2,Run1_exact,004,7,2.0000000000000053
H2O2,Run1_exact,004,8,2.0000000000000093
H2O2,Run1_exact,004,9,2.000000000000011
H2O2,Run1_exact,005,0,5.069358280540098e-16
H2O2,Run1_exact,005,1,0.0019847969263087632
H2O2,Run1_exact,005,2,0.005450745844945863
H2O2,Run1_exact,005,3,1.99999999999998
H2O2,Run1_exact,005,4,1.9999999999999956
H2O2,Run1_exact,005,5,1.9999999999999973
H2O2,Run1_exact,005,6,2.000000000000001
H2O2,Run1_exact,005,7,2.000000000000003
H2O2,Run1_exact,005,8,2.0000000000000058
H2O2,Run1_exact,005,9,2.0000000000000093
H2O2,Run1_exact,006,0,5.093904925528183e-16
H2O2,Run1_exact,006,1,0.0019860558879598988
H2O2,Run1_exact,006,2,0.00540056776097087
H2O2,Run1_exact,006,3,1.9999999999999913
H2O2,Run1_exact,006,4,1.9999999999999938
H2O2,Run1_exact,006,5,1.9999999999999982
H2O2,Run1_exact,006,6,1.9999999999999993
H2O2,Run1_exact,006,7,2.0
H2O2,Run1_exact,006,8,2.0000000000000027
H2O2,Run1_exact,006,9,2.0000000000000058
H2O2,Run1_exact,007,0,-2.9341295175148113e-16
H2O2,Run1_exact,007,1,0.0019872654771084164
H2O2,Run1_exact,007,2,0.0053504952333140125
H2O2,Run1_exact,007,3,1.9999999999999671
H2O2,Run1_exact,007,4,1.9999999999999931
H2O2,Run1_exact,007,5,1.9999999999999936
H2O2,Run1_exact,007,6,1.9999999999999978
H2O2,Run1_exact,007,7,1.9999999999999987
H2O2,Run1_exact,007,8,2.0000000000000058
H2O2,Run1_exact,007,9,2.0000000000000373
H2O2,Run1_exact,008,0,5.3221163082561475e-16
H2O2,Run1_exact,008,1,0.001988428028133242
H2O2,Run1_exact,008,2,0.005300557072489927
H2O2,Run1_exact,008,3,1.9999999999999756
H2O2,Run1_exact,008,4,1.9999999999999982
H2O2,Run1_exact,008,5,2.0000000000000027
H2O2,Run1_exact,008,6,2.0000000000000053
H2O2,Run1_exact,008,7,2.000000000000007
H2O2,Run1_exact,008,8,2.0000000000000115
H2O2,Run1_exact,008,9,2.0000000000000284
H2O2,Run1_exact,009,0,2.0446807070627895e-16
H2O2,Run1_exact,009,1,0.001989545769844488
H2O2,Run1_exact,009,2,0.0052507804811239055
H2O2,Run1_exact,009,3,1.999999999999994
H2O2,Run1_exact,009,4,1.9999999999999984
H2O2,Run1_exact,009,5,2.0000000000000018
H2O2,Run1_exact,009,6,2.0000000000000036
H2O2,Run1_exact,009,7,2.0000000000000053
H2O2,Run1_exact,009,8,2.000000000000007
H2O2,Run1_exact,009,9,2.000000000000009
H2O2,Run1_exact,010,0,5.597968396781256e-16
H2O2,Run1_exact,010,1,0.0019906208280462477
H2O2,Run1_exact,010,2,0.005201191106667268
H2O2,Run1_exact,010,3,1.9999999999999847
H2O2,Run1_exact,010,4,1.999999999999995
H2O2,Run1_exact,010,5,1.9999999999999973
H2O2,Run1_exact,010,6,1.9999999999999984
H2O2,Run1_exact,010,7,2.0000000000000004
H2O2,Run1_exact,010,8,2.0000000000000027
H2O2,Run1_exact,010,9,2.000000000000018
H2O2,Run1_exact,011,0,3.4796860048738806e-16
H2O2,Run1_exact,011,1,0.001991655228162084
H2O2,Run1_exact,011,2,0.005151813094113316
H2O2,Run1_exact,011,3,1.9999999999997176
H2O2,Run1_exact,011,4,1.9999999999999922
H2O2,Run1_exact,011,5,1.9999999999999942
H2O2,Run1_exact,011,6,1.9999999999999987
H2O2,Run1_exact,011,7,2.000000000000004
H2O2,Run1_exact,011,8,2.000000000000008
H2O2,Run1_exact,011,9,2.000000000000274
H2O2,Run1_exact,012,0,3.118599820277173e-16
H2O2,Run1_exact,012,1,0.0019926508979088912
H2O2,Run1_exact,012,2,0.005102669138526889
H2O2,Run1_exact,012,3,1.999999999999986
H2O2,Run1_exact,012,4,1.99999999999999
H2O2,Run1_exact,012,5,1.9999999999999967
H2O2,Run1_exact,012,6,2.000000000000002
H2O2,Run1_exact,012,7,2.000000000000003
H2O2,Run1_exact,012,8,2.0000000000000058
H2O2,Run1_exact,012,9,2.000000000000008
H2O2,Run1_exact,013,0,3.632084427808134e-16
H2O2,Run1_exact,013,1,0.0019936096700167907
H2O2,Run1_exact,013,2,0.005053780537297553
H2O2,Run1_exact,013,3,1.9999999999999913
H2O2,Run1_exact,013,4,1.9999999999999956
H2O2,Run1_exact,013,5,1.9999999999999978
H2O2,Run1_exact,013,6,2.0000000000000004
H2O2,Run1_exact,013,7,2.0000000000000027
H2O2,Run1_exact,013,8,2.000000000000004
H2O2,Run1_exact,013,9,2.0000000000000093
H2O2,Run1_exact,014,0,8.333086624758589e-16
H2O2,Run1_exact,014,1,0.0019945332849780036
H2O2,Run1_exact,014,2,0.005005167241941835
H2O2,Run1_exact,014,3,1.9999999999999392
H2O2,Run1_exact,014,4,1.999999999999991
H2O2,Run1_exact,014,5,1.9999999999999927
H2O2,Run1_exact,014,6,1.9999999999999944
H2O2,Run1_exact,014,7,1.9999999999999976
H2O2,Run1_exact,014,8,2.000000000000003
H2O2,Run1_exact,014,9,2.0000000000000604
H2O2,Run1_exact,015,0,-3.138649971071246e-16
H2O2,Run1_exact,015,1,0.0019954233938172033
H2O2,Run1_exact,015,2,0.004956847909376424
H2O2,Run1_exact,015,3,1.9999999999999545
H2O2,Run1_exact,015,4,1.9999999999999931
H2O2,Run1_exact,015,5,1.999999999999997
H2O2,Run1_exact,015,6,2.0000000000000018
H2O2,Run1_exact,015,7,2.0000000000000053
H2O2,Run1_exact,015,8,2.0000000000000075
H2O2,Run1_exact,015,9,2.000000000000038
H2O2,Run1_exact,016,0,9.162350188813536e-17
H2O2,Run1_exact,016,1,0.0019962815608782452
H2O2,Run1_exact,016,2,0.0049088399525433705
H2O2,Run1_exact,016,3,1.999999999999885
H2O2,Run1_exact,016,4,1.999999999999992
H2O2,Run1_exact,016,5,1.9999999999999962
H2O2,Run1_exact,016,6,1.9999999999999984
H2O2,Run1_exact,016,7,2.000000000000002
H2O2,Run1_exact,016,8,2.000000000000005
H2O2,Run1_exact,016,9,2.000000000000114
H2O2,Run1_exact,017,0,-5.261375858000277e-17
H2O2,Run1_exact,017,1,0.001997109266616049
H2O2,Run1_exact,017,2,0.004861159590297656
H2O2,Run1_exact,017,3,1.9999999999999905
H2O2,Run1_exact,017,4,1.9999999999999951
H2O2,Run1_exact,017,5,2.0000000000000018
H2O2,Run1_exact,017,6,2.0000000000000036
H2O2,Run1_exact,017,7,2.000000000000005
H2O2,Run1_exact,017,8,2.0000000000000067
H2O2,Run1_exact,017,9,2.0000000000000084
H2O2,Run1_exact,018,0,-3.24814470103289e-16
H2O2,Run1_exact,018,1,0.001997907910388704
H2O2,Run1_exact,018,2,0.004813821896472687
H2O2,Run1_exact,018,3,1.9999999999999776
H2O2,Run1_exact,018,4,1.9999999999999951
H2O2,Run1_exact,018,5,1.9999999999999971
H2O2,Run1_exact,018,6,2.0000000000000004
H2O2,Run1_exact,018,7,2.0000000000000036
H2O2,Run1_exact,018,8,2.0000000000000067
H2O2,Run1_exact,018,9,2.00000000000002
H2O2,Run1_exact,019,0,-1.4250716233642547e-16
H2O2,Run1_exact,019,1,0.0019986788132449924
H2O2,Run1_exact,019,2,0.004766840848049944
H2O2,Run1_exact,019,3,1.9999999999999947
H2O2,Run1_exact,019,4,1.9999999999999993
H2O2,Run1_exact,019,5,2.0000000000000004
H2O2,Run1_exact,019,6,2.000000000000003
H2O2,Run1_exact,019,7,2.000000000000005
H2O2,Run1_exact,019,8,2.0000000000000075
H2O2,Run1_exact,019,9,2.000000000000009
H2O2,Run1_exact,020,0,2.9139391963414744e-17
H2O2,Run1_exact,020,1,0.001999423220691342
H2O2,Run1_exact,020,2,0.004720229372362143
H2O2,Run1_exact,020,3,1.9999999999999676
H2O2,Run1_exact,020,4,1.999999999999994
H2O2,Run1_exact,020,5,1.9999999999999944
H2O2,Run1_exact,020,6,2.0
H2O2,Run1_exact,020,7,2.000000000000003
H2O2,Run1_exact,020,8,2.000000000000008
H2O2,Run1_exact,020,9,2.0000000000000386
H2O2,Run1_exact,021,0,-6.447417782370121e-16
H2O2,Run1_exact,021,1,0.002000142305445965
H2O2,Run1_exact,021,2,0.004673999393285276
H2O2,Run1_exact,021,3,1.9999999999999913
H2O2,Run1_exact,021,4,1.9999999999999942
H2O2,Run1_exact,021,5,1.9999999999999964
H2O2,Run1_exact,021,6,1.9999999999999996
H2O2,Run1_exact,021,7,2.0000000000000004
H2O2,Run1_exact,021,8,2.000000000000003
H2O2,Run1_exact,021,9,2.000000000000009
H2O2,Run1_exact,022,0,-4.929424013125694e-16
H2O2,Run1_exact,022,1,0.0020008371701620885
H2O2,Run1_exact,022,2,0.004628161876356884
H2O2,Run1_exact,022,3,1.999999999999989
H2O2,Run1_exact,022,4,1.9999999999999896
H2O2,Run1_exact,022,5,1.9999999999999973
H2O2,Run1_exact,022,6,2.000000000000002
H2O2,Run1_exact,022,7,2.000000000000004
H2O2,Run1_exact,022,8,2.0000000000000084
H2O2,Run1_exact,022,9,2.0000000000000138
H2O2,Run1_exact,023,0,-3.1633930016514985e-17
H2O2,Run1_exact,023,1,0.0020015088501322
H2O2,Run1_exact,023,2,0.0045827268727818326
H2O2,Run1_exact,023,3,1.9999999999999707
H2O2,Run1_exact,023,4,1.999999999999994
H2O2,Run1_exact,023,5,1.9999999999999956
H2O2,Run1_exact,023,6,2.0
H2O2,Run1_exact,023,7,2.000000000000004
H2O2,Run1_exact,023,8,2.000000000000007
H2O2,Run1_exact,023,9,2.0000000000000298
H2O2,Run1_exact,024,0,8.072027616271439e-17
H2O2,Run1_exact,024,1,0.002002158315943554
H2O2,Run1_exact,024,2,0.004537703562288556
H2O2,Run1_exact,024,3,1.999999999999993
H2O2,Run1_exact,024,4,1.999999999999997
H2O2,Run1_exact,024,5,1.9999999999999991
H2O2,Run1_exact,024,6,2.000000000000002
H2O2,Run1_exact,024,7,2.0000000000000036
H2O2,Run1_exact,024,8,2.000000000000007
H2O2,Run1_exact,024,9,2.0000000000000084
H2O2,Run1_exact,025,0,1.296082310384413e-16
H2O2,Run1_exact,025,1,0.002002786476108136
H2O2,Run1_exact,025,2,0.0044931002948178965
H2O2,Run1_exact,025,3,1.9999999999999833
H2O2,Run1_exact,025,4,1.9999999999999938
H2O2,Run1_exact,025,5,1.9999999999999956
H2O2,Run1_exact,025,6,2.000000000000002
H2O2,Run1_exact,025,7,2.000000000000003
H2O2,Run1_exact,025,8,2.000000000000004
H2O2,Run1_exact,025,9,2.0000000000000147
H2O2,Run1_exact,026,0,-2.6019273334793603e-16
H2O2,Run1_exact,026,1,0.0020033941796446697
H2O2,Run1_exact,026,2,0.004448924631004706
H2O2,Run1_exact,026,3,1.9999999999999742
H2O2,Run1_exact,026,4,1.9999999999999947
H2O2,Run1_exact,026,5,2.0000000000000013
H2O2,Run1_exact,026,6,2.000000000000004
H2O2,Run1_exact,026,7,2.0000000000000058
H2O2,Run1_exact,026,8,2.000000000000006
H2O2,Run1_exact,026,9,2.000000000000028
H2O2,Run1_exact,027,0,2.405037852225088e-16
H2O2,Run1_exact,027,1,0.002003982218618681
H2O2,Run1_exact,027,2,0.004405183381445516
H2O2,Run1_exact,027,3,1.999999999999989
H2O2,Run1_exact,027,4,1.9999999999999916
H2O2,Run1_exact,027,5,1.9999999999999944
H2O2,Run1_exact,027,6,1.9999999999999982
H2O2,Run1_exact,027,7,2.0000000000000018
H2O2,Run1_exact,027,8,2.0000000000000058
H2O2,Run1_exact,027,9,2.0000000000000133
H2O2,Run1_exact,028,0,2.802363265415221e-16
H2O2,Run1_exact,028,1,0.002004551330631761
H2O2,Run1_exact,028,2,0.004361882644733253
H2O2,Run1_exact,028,3,1.9999999999999736
H2O2,Run1_exact,028,4,1.9999999999999925
H2O2,Run1_exact,028,5,1.9999999999999958
H2O2,Run1_exact,028,6,1.999999999999998
H2O2,Run1_exact,028,7,1.9999999999999998
H2O2,Run1_exact,028,8,2.0000000000000013
H2O2,Run1_exact,028,9,2.0000000000000133
H2O2,Run1_exact,029,0,-2.842261048272163e-16
H2O2,Run1_exact,029,1,0.0020051022012640826
H2O2,Run1_exact,029,2,0.0043190278442556615
H2O2,Run1_exact,029,3,1.999999999999968
H2O2,Run1_exact,029,4,1.999999999999989
H2O2,Run1_exact,029,5,1.9999999999999951
H2O2,Run1_exact,029,6,2.0
H2O2,Run1_exact,029,7,2.0000000000000004
H2O2,Run1_exact,029,8,2.000000000000004
H2O2,Run1_exact,029,9,2.0000000000000275
H2O2,Run1_exact,030,0,-5.156053939824212e-16
H2O2,Run1_exact,030,1,0.0020056354664610395
H2O2,Run1_exact,030,2,0.004276623763758443
H2O2,Run1_exact,030,3,1.9999999999999887
H2O2,Run1_exact,030,4,1.9999999999999956
H2O2,Run1_exact,030,5,1.9999999999999958
H2O2,Run1_exact,030,6,2.0
H2O2,Run1_exact,030,7,2.000000000000002
H2O2,Run1_exact,030,8,2.0000000000000036
H2O2,Run1_exact,030,9,2.000000000000007
