molecule,geometry_id,full_AO_width,electrons,projector_residual_max,eigenvalue_distance_min,eigenvalue_distance_max,density_symmetry_residual,root_reconstruction_residual,saved_transform_residual,electron_trace_residual,MO_density_residual,status,eigenvalues
LiH,001,6,4,3.9968028886505635e-15,1.56666068074859e-20,2.6645352591003757e-15,2.220446049250313e-16,0.0,0.0,3.552713678800501e-15,0.0,PASS,"[-7.210192779265226e-17, 1.56666068074859e-20, 1.8000158128663558e-17, 1.043641324698081e-16, 2.0000000000000004, 2.0000000000000027]"
LiH,002,6,4,1.3322676295501878e-15,7.65904388233641e-20,1.3322676295501878e-15,5.551115123125783e-17,0.0,0.0,8.881784197001252e-16,0.0,PASS,"[-1.8114399610715424e-16, -6.5543804557830804e-18, -7.65904388233641e-20, 1.7079380151302626e-16, 1.9999999999999993, 2.0000000000000013]"
LiH,003,6,4,3.1086244689504383e-15,1.4207955475812077e-20,1.7763568394002505e-15,1.1102230246251565e-16,0.0,0.0,0.0,0.0,PASS,"[-3.131554708137202e-16, -4.9265334479950375e-17, -1.4207955475812077e-20, 2.262316561683099e-16, 1.9999999999999982, 2.0000000000000018]"
LiH,004,6,4,4.218847493575595e-15,0.0,4.6629367034256575e-15,1.5959455978986625e-16,0.0,0.0,3.552713678800501e-15,0.0,PASS,"[-2.0822118411457559e-16, -3.861259174891353e-17, -1.3874074211353635e-21, 2.3422420052476666e-17, 1.9999999999999953, 2.0]"
LiH,005,6,4,2.6645352591003757e-15,0.0,2.886579864025407e-15,1.1102230246251565e-16,0.0,0.0,2.6645352591003757e-15,0.0,PASS,"[-7.964416865371542e-17, 1.5102992406046726e-19, 7.380710937749668e-17, 2.805279199264772e-16, 1.9999999999999971, 2.0]"
LiH,006,6,4,7.993605777301127e-15,2.8637420273832077e-19,3.9968028886505635e-15,1.6653345369377348e-16,0.0,0.0,7.105427357601002e-15,0.0,PASS,"[-1.998275326293469e-16, -4.7425676308088213e-17, -2.8637420273832077e-19, 1.5148052059067667e-16, 2.000000000000003, 2.000000000000004]"
LiH,007,6,4,1.7763568394002505e-15,5.082558915247347e-20,1.1102230246251565e-15,3.3306690738754696e-16,0.0,0.0,4.440892098500626e-16,0.0,PASS,"[-3.8716172321948226e-16, -2.889135943772938e-17, 5.082558915247347e-20, 9.522111911059012e-17, 1.999999999999999, 2.000000000000001]"
LiH,008,6,4,1.3322676295501878e-15,1.8806797011134442e-20,2.220446049250313e-15,1.6653345369377348e-16,0.0,0.0,2.220446049250313e-15,0.0,PASS,"[-1.0580734794702197e-16, -3.377860067787687e-17, 1.8806797011134442e-20, 1.6003677546815239e-16, 1.9999999999999978, 1.9999999999999996]"
LiH,009,6,4,4.440892098500626e-15,4.20857594950792e-20,1.7763568394002505e-15,1.3877787807814457e-16,0.0,0.0,1.7763568394002505e-15,0.0,PASS,"[-3.05186394859937e-16, -1.4654127313590125e-16, 4.20857594950792e-20, 1.553913825736396e-16, 1.9999999999999993, 2.0000000000000018]"
LiH,010,6,4,5.773159728050814e-15,5.769088212196944e-22,3.552713678800501e-15,1.1102230246251565e-16,0.0,0.0,0.0,0.0,PASS,"[-3.1662519654917565e-16, -5.0596179782565766e-17, 5.769088212196944e-22, 3.672280325712784e-17, 1.9999999999999971, 2.0000000000000036]"
LiH,011,6,4,4.440892098500626e-15,1.0539776796585523e-18,2.220446049250313e-15,1.6653345369377348e-16,0.0,0.0,1.7763568394002505e-15,0.0,PASS,"[-2.02258105513531e-16, -7.235342097281599e-17, 1.0539776796585523e-18, 2.5124475562534616e-16, 1.9999999999999987, 2.000000000000002]"
LiH,012,6,4,3.9968028886505635e-15,2.4258487216248587e-20,1.7763568394002505e-15,2.220446049250313e-16,0.0,0.0,1.7763568394002505e-15,0.0,PASS,"[-2.0382480246952556e-16, -7.019241309851255e-17, 2.4258487216248587e-20, 7.610455493446229e-17, 2.0000000000000004, 2.0000000000000018]"
LiH,013,6,4,1.8457457784393227e-15,2.0504392310082806e-21,1.5543122344752192e-15,1.1102230246251565e-16,0.0,0.0,1.3322676295501878e-15,0.0,PASS,"[-2.703434359857333e-16, -5.533963341422091e-17, 2.0504392310082806e-21, 2.334039068563253e-16, 1.9999999999999984, 2.000000000000001]"
LiH,014,6,4,4.218847493575595e-15,1.616278773869846e-20,4.884981308350689e-15,1.6653345369377348e-16,0.0,0.0,2.6645352591003757e-15,0.0,PASS,"[-2.1143767614661319e-16, -2.2729189248005895e-17, 1.616278773869846e-20, 8.318026169548785e-17, 1.999999999999998, 2.000000000000005]"
LiH,015,6,4,2.6645352591003757e-15,1.928928627237753e-21,1.7763568394002505e-15,1.8041124150158794e-16,0.0,0.0,8.881784197001252e-16,0.0,PASS,"[-2.1749559130537297e-16, -6.9030529078220074e-18, -1.928928627237753e-21, 2.6944953147026447e-16, 1.9999999999999996, 2.0000000000000018]"
LiH,016,6,4,2.6645352591003757e-15,1.615482043613109e-20,1.7763568394002505e-15,2.220446049250313e-16,0.0,0.0,1.3322676295501878e-15,0.0,PASS,"[-1.7060057805102535e-16, -1.615482043613109e-20, 9.075843424189178e-18, 1.1529235742413045e-16, 1.9999999999999982, 2.0000000000000004]"
LiH,017,6,4,1.3322676295501878e-15,0.0,1.5543122344752192e-15,2.220446049250313e-16,0.0,0.0,1.7763568394002505e-15,0.0,PASS,"[-1.4758921868153022e-16, -6.620974844084227e-17, -3.095697723305909e-17, 6.409910609894503e-22, 1.9999999999999984, 2.0]"
LiH,018,6,4,4.884981308350689e-15,4.0705123502748856e-20,2.6645352591003757e-15,1.1102230246251565e-16,0.0,0.0,0.0,0.0,PASS,"[-9.450475211974268e-17, 4.0705123502748856e-20, 9.211539706879852e-17, 2.9115416095955423e-16, 1.9999999999999976, 2.0000000000000027]"
LiH,019,6,4,3.9968028886505635e-15,3.025643327478845e-17,1.9984014443252818e-15,1.1102230246251565e-16,0.0,0.0,3.552713678800501e-15,0.0,PASS,"[-1.2255051850149998e-16, 3.025643327478845e-17, 8.637650792879408e-17, 2.4383908463445596e-16, 1.999999999999998, 1.9999999999999987]"
LiH,020,6,4,2.220446049250313e-15,2.0956710251117326e-20,2.220446049250313e-15,1.1102230246251565e-16,0.0,0.0,1.7763568394002505e-15,0.0,PASS,"[-1.821099163545139e-16, 2.0956710251117326e-20, 7.362366913776136e-18, 8.667458318493139e-17, 1.9999999999999996, 2.000000000000002]"
LiH,021,6,4,5.329070518200751e-15,4.6345788970037585e-20,3.552713678800501e-15,1.1102230246251565e-16,0.0,0.0,4.884981308350689e-15,0.0,PASS,"[-4.5055217497133585e-17, 4.6345788970037585e-20, 1.0948916790073553e-16, 2.2646978163749563e-16, 1.9999999999999964, 1.9999999999999978]"
LiH,022,6,4,8.43769498715119e-15,5.48858879273579e-21,4.6629367034256575e-15,1.6653345369377348e-16,0.0,0.0,3.1086244689504383e-15,0.0,PASS,"[-1.645290072667301e-16, -1.725583421695036e-17, -5.48858879273579e-21, 1.5447125258538238e-16, 1.9999999999999953, 2.000000000000002]"
LiH,023,6,4,9.43689570931383e-16,0.0,8.881784197001252e-16,1.6653345369377348e-16,0.0,0.0,4.440892098500626e-16,0.0,PASS,"[-1.5817700159946426e-16, -5.993340737140476e-18, 7.215273241991044e-21, 1.9197812809969828e-16, 1.9999999999999991, 2.0]"
LiH,024,6,4,3.1086244689504383e-15,2.757746269489271e-20,2.886579864025407e-15,1.3877787807814457e-16,0.0,0.0,4.884981308350689e-15,0.0,PASS,"[-1.8253016514059695e-16, -8.561878268994763e-17, -2.757746269489271e-20, 7.315894777791686e-17, 1.9999999999999971, 1.9999999999999991]"
LiH,025,6,4,5.329070518200751e-15,5.942629816186188e-21,5.10702591327572e-15,2.498001805406602e-16,0.0,0.0,6.217248937900877e-15,0.0,PASS,"[-2.0200830001784646e-16, 5.942629816186188e-21, 4.3891442968789595e-18, 3.7590736360256316e-17, 1.999999999999995, 1.9999999999999993]"
LiH,026,6,4,1.7763568394002505e-15,4.2831933621038473e-19,1.9984014443252818e-15,2.220446049250313e-16,0.0,0.0,0.0,0.0,PASS,"[-2.361276477062588e-16, -6.979450221020128e-17, -4.2831933621038473e-19, 2.622365882022246e-16, 1.999999999999998, 2.000000000000001]"
LiH,027,6,4,3.1086244689504383e-15,1.8020486123538975e-22,3.552713678800501e-15,1.6653345369377348e-16,0.0,0.0,2.6645352591003757e-15,0.0,PASS,"[-2.0152637697683758e-16, 1.8020486123538975e-22, 6.7622277650683866e-18, 2.4081435917735283e-17, 1.999999999999999, 2.0000000000000036]"
LiH,028,6,4,2.6645352591003757e-15,5.818710126498771e-20,1.1102230246251565e-15,1.5265566588595902e-16,0.0,0.0,1.7763568394002505e-15,0.0,PASS,"[-1.408450275685019e-16, -1.0234822726690516e-16, -1.3306655682332636e-17, -5.818710126498771e-20, 1.999999999999999, 1.9999999999999996]"
LiH,029,6,4,3.1086244689504383e-15,6.925761261885275e-22,2.6645352591003757e-15,1.6653345369377348e-16,0.0,0.0,1.7763568394002505e-15,0.0,PASS,"[-7.726932117288354e-17, 6.925761261885275e-22, 1.2844211651410643e-16, 3.199241396756715e-16, 1.9999999999999982, 2.0000000000000027]"
LiH,030,6,4,8.43769498715119e-15,1.2297687648158543e-20,4.440892098500626e-15,1.1102230246251565e-16,0.0,0.0,5.329070518200751e-15,0.0,PASS,"[-3.2496330500576185e-16, -1.4268129547407695e-16, 1.2297687648158543e-20, 8.919109754819171e-17, 2.0000000000000004, 2.0000000000000044]"
BeH2,001,7,6,3.1086244689504383e-15,3.4616211042852263e-17,2.6645352591003757e-15,2.220446049250313e-16,0.0,0.0,2.6645352591003757e-15,4.5102810375396984e-17,PASS,"[-1.4705010551568616e-16, -3.4616211042852263e-17, 2.26290891785819e-16, 3.2615775980154396e-16, 1.9999999999999973, 1.9999999999999984, 2.0000000000000018]"
BeH2,002,7,6,1.3322676295501878e-15,3.1308586197627444e-17,1.3322676295501878e-15,1.1102230246251565e-16,0.0,0.0,1.7763568394002505e-15,5.551115123125783e-17,PASS,"[-1.641898709182148e-16, 3.1308586197627444e-17, 1.9599622282499885e-16, 2.6933521070886955e-16, 1.9999999999999987, 1.9999999999999991, 1.9999999999999998]"
BeH2,003,7,6,9.992007221626409e-16,0.0,1.7763568394002505e-15,1.5265566588595902e-16,0.0,0.0,0.0,2.7755575615628914e-17,PASS,"[-2.528050627258263e-16, -1.7267948747279756e-16, 9.596388249190297e-17, 3.9887513777271284e-16, 1.9999999999999982, 2.0, 2.000000000000001]"
BeH2,004,7,6,5.10702591327572e-15,7.805642866281851e-17,6.217248937900877e-15,2.220446049250313e-16,0.0,0.0,3.552713678800501e-15,5.551115123125783e-17,PASS,"[-3.519283991495506e-16, 7.805642866281851e-17, 1.3149185843758392e-16, 2.98430162987206e-16, 1.9999999999999964, 2.0000000000000004, 2.000000000000006]"
BeH2,005,7,6,3.9968028886505635e-15,5.219569337512402e-17,5.329070518200751e-15,1.1102230246251565e-16,0.0,0.0,6.217248937900877e-15,1.1102230246251565e-16,PASS,"[-1.4477433872201488e-16, 5.219569337512402e-17, 1.0520551733063302e-16, 1.165626134823026e-16, 2.0000000000000004, 2.000000000000002, 2.0000000000000053]"
BeH2,006,7,6,3.1086244689504383e-15,5.340924599216059e-17,3.552713678800501e-15,1.6653345369377348e-16,0.0,0.0,3.552713678800501e-15,1.1102230246251565e-16,PASS,"[-4.2959779887294823e-16, -2.1951236102953565e-16, 5.340924599216059e-17, 7.835506507732169e-17, 1.9999999999999964, 1.9999999999999982, 2.0000000000000018]"
BeH2,007,7,6,3.9968028886505635e-15,0.0,4.218847493575595e-15,2.220446049250313e-16,0.0,0.0,7.993605777301127e-15,5.551115123125783e-17,PASS,"[-2.78450087257269e-16, -1.1048681744087252e-16, -8.094121973298895e-17, 8.590207011057626e-17, 1.9999999999999958, 1.9999999999999962, 2.0]"
BeH2,008,7,6,6.217248937900877e-15,2.393052095830437e-17,5.329070518200751e-15,1.3877787807814457e-16,0.0,0.0,8.881784197001252e-15,5.551115123125783e-17,PASS,"[-2.479297875195746e-16, -1.6900011482636759e-16, 2.393052095830437e-17, 1.38622751230795e-16, 2.0000000000000004, 2.000000000000003, 2.0000000000000053]"
BeH2,009,7,6,3.9621084191310274e-15,0.0,3.9968028886505635e-15,1.5265566588595902e-16,0.0,0.0,8.881784197001252e-16,5.551115123125783e-17,PASS,"[-1.216536180655887e-16, 7.689503287580046e-17, 1.0893940498840663e-16, 1.7633520380215164e-16, 1.9999999999999973, 2.0, 2.000000000000004]"
BeH2,010,7,6,7.105427357601002e-15,5.770749084190208e-17,3.3306690738754696e-15,2.220446049250313e-16,0.0,0.0,1.7763568394002505e-15,5.551115123125783e-17,PASS,"[-6.92657327272901e-16, -1.4435174828264596e-16, -1.101449693525005e-16, 5.770749084190208e-17, 1.9999999999999967, 1.9999999999999984, 2.0000000000000027]"
BeH2,011,7,6,2.886579864025407e-15,0.0,3.3306690738754696e-15,1.249000902703301e-16,0.0,0.0,4.440892098500626e-15,5.551115123125783e-17,PASS,"[-2.050359445705443e-16, 4.867573098834843e-17, 1.2345333131694945e-16, 2.477617285442447e-16, 1.9999999999999967, 1.999999999999999, 2.0]"
BeH2,012,7,6,8.215650382226158e-15,6.873903342514348e-17,8.43769498715119e-15,1.1102230246251565e-16,0.0,0.0,7.993605777301127e-15,1.1102230246251565e-16,PASS,"[-1.8529322024977524e-16, -1.2198879959063375e-16, 6.873903342514348e-17, 1.7360732437003428e-16, 1.9999999999999984, 2.0000000000000018, 2.0000000000000084]"
BeH2,013,7,6,2.886579864025407e-15,2.8731173266752825e-17,3.774758283725532e-15,2.220446049250313e-16,0.0,0.0,5.329070518200751e-15,5.551115123125783e-17,PASS,"[2.8731173266752825e-17, 1.2156336790467411e-16, 2.263811837028931e-16, 3.0649408430537167e-16, 1.9999999999999962, 1.9999999999999991, 1.9999999999999991]"
BeH2,014,7,6,6.661338147750939e-15,2.6506658406970688e-17,3.552713678800501e-15,1.3877787807814457e-16,0.0,0.0,7.105427357601002e-15,2.7755575615628914e-17,PASS,"[-5.543292466474014e-16, 2.6506658406970688e-17, 1.1937347382038808e-16, 1.987861921983579e-16, 2.000000000000001, 2.000000000000003, 2.0000000000000036]"
BeH2,015,7,6,3.552713678800501e-15,8.722363717066758e-17,2.6645352591003757e-15,1.1102230246251565e-16,0.0,0.0,1.7763568394002505e-15,5.551115123125783e-17,PASS,"[-1.1483828848816427e-16, -8.722363717066758e-17, 1.9555539794361202e-16, 3.5102771106759127e-16, 1.9999999999999982, 1.9999999999999987, 2.0000000000000027]"
BeH2,016,7,6,1.3322676295501878e-15,0.0,1.3322676295501878e-15,2.220446049250313e-16,0.0,0.0,1.7763568394002505e-15,2.465190328815662e-32,PASS,"[-1.276273376159263e-16, 5.165196389466913e-18, 3.1669772693503573e-16, 3.452441733013852e-16, 1.9999999999999987, 1.9999999999999993, 2.0]"
BeH2,017,7,6,2.6645352591003757e-15,0.0,3.1086244689504383e-15,2.220446049250313e-16,0.0,0.0,1.7763568394002505e-15,5.551115123125783e-17,PASS,"[-1.5084054334356208e-16, -9.866662213774236e-17, 4.3201511164947615e-17, 1.2514303886480376e-16, 1.999999999999997, 1.9999999999999996, 2.0]"
BeH2,018,7,6,1.9984014443252818e-15,1.0695392669047815e-16,1.7763568394002505e-15,1.3877787807814457e-16,0.0,0.0,1.7763568394002505e-15,5.551115123125783e-17,PASS,"[-2.6513026075143935e-16, -1.2814155038632551e-16, 1.0695392669047815e-16, 1.9129412406000335e-16, 1.9999999999999982, 1.999999999999999, 2.000000000000001]"
BeH2,019,7,6,8.881784197001252e-16,0.0,4.440892098500626e-16,2.220446049250313e-16,0.0,0.0,0.0,5.551115123125783e-17,PASS,"[-3.493651896526853e-17, 4.509339570953667e-17, 1.4221045211423372e-16, 2.3022768192728814e-16, 1.9999999999999996, 2.0, 2.0]"
BeH2,020,7,6,1.7763568394002505e-15,1.9322416040240596e-17,2.220446049250313e-15,3.3306690738754696e-16,0.0,0.0,2.6645352591003757e-15,5.551115123125783e-17,PASS,"[-1.5355530446213066e-16, 1.9322416040240596e-17, 4.667565276470131e-17, 4.899043597888157e-16, 1.9999999999999996, 2.0000000000000004, 2.000000000000002]"
BeH2,021,7,6,8.326672684688674e-16,0.0,4.440892098500626e-16,2.220446049250313e-16,0.0,0.0,0.0,3.469446951953614e-18,PASS,"[-2.851436868427079e-16, -7.18488911359457e-17, 8.581305234452281e-17, 1.9750255211002746e-16, 1.9999999999999996, 2.0, 2.0000000000000004]"
BeH2,022,7,6,2.886579864025407e-15,0.0,3.1086244689504383e-15,1.1102230246251565e-16,0.0,0.0,1.7763568394002505e-15,5.551115123125783e-17,PASS,"[-1.8566257134188713e-16, -3.329880580189708e-19, 1.0291977776517492e-16, 1.6807276882674237e-16, 1.999999999999997, 2.0, 2.0000000000000013]"
BeH2,023,7,6,6.661338147750939e-15,6.5813292552074825e-18,4.884981308350689e-15,1.3877787807814457e-16,0.0,0.0,1.7763568394002505e-15,5.551115123125783e-17,PASS,"[-7.519767321658741e-17, 6.5813292552074825e-18, 1.1973222000651931e-16, 2.873376343746303e-16, 1.9999999999999951, 1.9999999999999998, 2.0000000000000036]"
BeH2,024,7,6,4.440892098500626e-15,8.065808875516104e-17,5.329070518200751e-15,2.220446049250313e-16,0.0,0.0,4.440892098500626e-15,1.1102230246251565e-16,PASS,"[-2.1263307629591003e-16, -8.065808875516104e-17, 2.0756654031186905e-16, 2.2642448836167974e-16, 1.999999999999999, 2.000000000000001, 2.0000000000000053]"
BeH2,025,7,6,2.220446049250313e-15,4.8894191311187763e-17,1.7763568394002505e-15,1.942890293094024e-16,0.0,0.0,1.7763568394002505e-15,5.551115123125783e-17,PASS,"[-1.4022895042551315e-16, 4.8894191311187763e-17, 1.1941366010554314e-16, 2.0767594278697046e-16, 1.9999999999999991, 2.0000000000000004, 2.0000000000000018]"
BeH2,026,7,6,3.1086244689504383e-15,0.0,2.6645352591003757e-15,2.220446049250313e-16,0.0,0.0,1.7763568394002505e-15,5.551115123125783e-17,PASS,"[-2.10390259407882e-16, -5.0837724036474875e-17, 4.139646971478899e-17, 2.5464315253545886e-16, 2.0, 2.000000000000001, 2.0000000000000027]"
BeH2,027,7,6,4.6629367034256575e-15,5.823066199343974e-18,4.440892098500626e-15,1.3877787807814457e-16,0.0,0.0,8.881784197001252e-15,5.551115123125783e-17,PASS,"[-3.2466965281857036e-16, -8.946304251013014e-17, -5.823066199343974e-18, 1.3576917670004683e-16, 2.0000000000000004, 2.0000000000000018, 2.0000000000000044]"
BeH2,028,7,6,4.440892098500626e-15,3.7968020290649505e-17,2.220446049250313e-15,2.220446049250313e-16,0.0,0.0,1.7763568394002505e-15,6.938893903907228e-18,PASS,"[-2.9761057875267183e-16, -2.3515685751072874e-16, -1.6174644606502865e-16, 3.7968020290649505e-17, 1.9999999999999993, 2.000000000000001, 2.000000000000002]"
BeH2,029,7,6,3.552713678800501e-15,2.957551335467754e-18,2.4424906541753444e-15,2.220446049250313e-16,0.0,0.0,1.7763568394002505e-15,2.7755575615628914e-17,PASS,"[-1.5586127826921208e-16, -2.957551335467754e-18, 1.3754613274065306e-16, 2.237535406526463e-16, 1.9999999999999976, 2.0000000000000004, 2.0000000000000018]"
BeH2,030,7,6,4.6629367034256575e-15,0.0,3.9968028886505635e-15,2.220446049250313e-16,0.0,0.0,3.552713678800501e-15,5.551115123125783e-17,PASS,"[-1.3017016993749643e-16, 9.393682229295134e-18, 2.05994547976128e-17, 4.262647441627308e-16, 1.9999999999999982, 2.0, 2.000000000000004]"
H2O,001,7,10,7.549516567451064e-15,3.1453914270822384e-17,4.884981308350689e-15,1.6653345369377348e-16,0.0,0.0,7.105427357601002e-15,2.7755575615628914e-17,PASS,"[-3.1453914270822384e-17, 3.1453914270822384e-17, 1.9999999999999951, 1.9999999999999967, 1.999999999999997, 2.0000000000000004, 2.000000000000003]"
H2O,002,7,10,2.3314683517128287e-15,1.7021791204052675e-16,1.7763568394002505e-15,2.7755575615628914e-16,0.0,0.0,1.7763568394002505e-15,5.551115123125783e-17,PASS,"[1.7021791204052675e-16, 2.7387129780953587e-16, 1.9999999999999982, 1.9999999999999987, 2.0000000000000013, 2.0000000000000013, 2.0000000000000018]"
H2O,003,7,10,4.884981308350689e-15,0.0,3.1086244689504383e-15,1.3183898417423734e-16,0.0,0.0,1.7763568394002505e-15,2.7755575615628914e-17,PASS,"[-4.476336829401571e-16, 2.2558907801512583e-16, 1.999999999999997, 1.9999999999999984, 2.0, 2.0000000000000013, 2.0000000000000027]"
H2O,004,7,10,6.661338147750939e-15,3.3603143310211016e-16,6.217248937900877e-15,2.706168622523819e-16,0.0,0.0,8.881784197001252e-15,1.1102230246251565e-16,PASS,"[-5.521469865980151e-16, -3.3603143310211016e-16, 1.9999999999999938, 1.999999999999996, 1.9999999999999971, 2.000000000000001, 2.000000000000003]"
H2O,005,7,10,8.881784197001252e-15,1.1255800704632694e-16,7.105427357601002e-15,2.2898349882893854e-16,0.0,0.0,3.552713678800501e-15,2.0816681711721685e-17,PASS,"[-1.1255800704632694e-16, 1.6881835456648218e-16, 1.9999999999999978, 1.9999999999999991, 2.000000000000001, 2.0000000000000018, 2.000000000000007]"
H2O,006,7,10,7.105427357601002e-15,0.0,3.552713678800501e-15,3.0531133177191805e-16,0.0,0.0,0.0,2.7755575615628914e-17,PASS,"[-3.4763637574915354e-17, 3.4763637574915354e-17, 1.9999999999999967, 1.9999999999999973, 2.0, 2.0000000000000036, 2.0000000000000036]"
H2O,007,7,10,8.881784197001252e-15,2.220446049250313e-16,6.217248937900877e-15,2.7755575615628914e-16,0.0,0.0,1.5987211554602254e-14,1.1102230246251565e-16,PASS,"[-2.229005078438267e-16, 2.229005078438267e-16, 1.9999999999999938, 1.9999999999999958, 1.9999999999999971, 1.9999999999999973, 1.9999999999999998]"
H2O,008,7,10,7.993605777301127e-15,2.220956102736255e-16,4.884981308350689e-15,1.1102230246251565e-16,0.0,0.0,1.2434497875801753e-14,1.1102230246251565e-16,PASS,"[-2.220956102736255e-16, 2.220956102736255e-16, 1.9999999999999951, 1.9999999999999964, 1.999999999999997, 1.9999999999999991, 2.0000000000000004]"
H2O,009,7,10,7.993605777301127e-15,9.176653397339716e-18,4.218847493575595e-15,3.0531133177191805e-16,0.0,0.0,1.2434497875801753e-14,1.734723475976807e-17,PASS,"[-4.532658632474023e-16, 9.176653397339716e-18, 1.9999999999999958, 1.999999999999996, 1.9999999999999976, 1.9999999999999987, 2.000000000000001]"
H2O,010,7,10,7.993605777301127e-15,1.5556103654997448e-16,3.9968028886505635e-15,3.7470027081099033e-16,0.0,0.0,5.329070518200751e-15,1.1102230246251565e-16,PASS,"[-1.5556103654997448e-16, 1.5556103654997448e-16, 1.999999999999996, 1.9999999999999976, 1.9999999999999984, 1.9999999999999998, 2.0000000000000018]"
H2O,011,7,10,9.325873406851315e-15,3.939067718692695e-18,5.773159728050814e-15,2.220446049250313e-16,0.0,0.0,3.552713678800501e-15,5.551115123125783e-17,PASS,"[-3.939067718692695e-18, 4.480282775687554e-16, 1.9999999999999971, 1.999999999999998, 2.0000000000000004, 2.0000000000000018, 2.0000000000000058]"
H2O,012,7,10,1.1546319456101628e-14,4.387159265307344e-18,6.439293542825908e-15,2.220446049250313e-16,0.0,0.0,1.0658141036401503e-14,1.1102230246251565e-16,PASS,"[-4.4847636911537e-16, 4.387159265307344e-18, 1.9999999999999936, 1.9999999999999958, 1.9999999999999978, 1.9999999999999982, 2.000000000000002]"
H2O,013,7,10,3.1688240354327203e-15,1.0656504769223859e-18,5.329070518200751e-15,3.3306690738754696e-16,0.0,0.0,3.552713678800501e-15,5.551115123125783e-17,PASS,"[-1.0656504769223859e-18, 4.451548603269851e-16, 1.9999999999999978, 2.0000000000000004, 2.000000000000001, 2.0000000000000018, 2.0000000000000053]"
H2O,014,7,10,1.199040866595169e-14,3.9919512291732843e-17,6.439293542825908e-15,3.5388358909926865e-16,0.0,0.0,5.329070518200751e-15,2.7755575615628914e-17,PASS,"[-3.9919512291732843e-17, 3.9919512291732843e-17, 1.9999999999999936, 1.9999999999999953, 1.9999999999999993, 2.0000000000000018, 2.000000000000003]"
H2O,015,7,10,6.217248937900877e-15,1.226548121338837e-16,6.8833827526759706e-15,2.220446049250313e-16,0.0,0.0,1.2434497875801753e-14,1.1102230246251565e-16,PASS,"[1.226548121338837e-16, 3.2143439771617893e-16, 1.9999999999999931, 1.9999999999999953, 1.9999999999999971, 1.9999999999999982, 2.0000000000000018]"
H2O,016,7,10,7.105427357601002e-15,4.571451596626587e-19,5.773159728050814e-15,5.273559366969494e-16,0.0,0.0,5.329070518200751e-15,5.551115123125783e-17,PASS,"[-4.571451596626587e-19, 4.445463550097252e-16, 1.9999999999999942, 1.9999999999999962, 1.9999999999999976, 2.000000000000001, 2.000000000000005]"
H2O,017,7,10,7.993605777301127e-15,5.323081570402374e-17,5.329070518200751e-15,4.440892098500626e-16,0.0,0.0,0.0,2.7755575615628914e-17,PASS,"[-4.973200255540864e-16, 5.323081570402374e-17, 1.9999999999999947, 1.9999999999999978, 2.000000000000001, 2.000000000000003, 2.000000000000004]"
H2O,018,7,10,7.105427357601002e-15,1.6116644580041985e-16,6.217248937900877e-15,2.706168622523819e-16,0.0,0.0,7.105427357601002e-15,1.3877787807814457e-17,PASS,"[-2.8292276404964277e-16, -1.6116644580041985e-16, 1.9999999999999971, 1.9999999999999993, 2.0000000000000018, 2.000000000000004, 2.000000000000006]"
H2O,019,7,10,7.549516567451064e-15,1.3781699642514685e-16,4.884981308350689e-15,3.2612801348363973e-16,0.0,0.0,1.7763568394002505e-15,2.7755575615628914e-17,PASS,"[-3.5649882412662994e-16, 1.3781699642514685e-16, 1.9999999999999976, 1.999999999999999, 2.000000000000001, 2.000000000000001, 2.000000000000005]"
H2O,020,7,10,1.2878587085651816e-14,1.1388208581733822e-16,6.661338147750939e-15,2.914335439641036e-16,0.0,0.0,1.0658141036401503e-14,1.1102230246251565e-16,PASS,"[-1.1388208581733822e-16, 1.1388208581733822e-16, 1.9999999999999933, 1.9999999999999958, 1.9999999999999976, 1.9999999999999996, 2.000000000000001]"
H2O,021,7,10,5.329070518200751e-15,2.220446049250313e-16,3.3306690738754696e-15,1.457167719820518e-16,0.0,0.0,5.329070518200751e-15,1.1102230246251565e-16,PASS,"[-4.524957874993228e-16, 4.524957874993228e-16, 1.9999999999999967, 1.9999999999999998, 2.000000000000001, 2.0000000000000018, 2.000000000000003]"
H2O,022,7,10,9.769962616701378e-15,2.771688805551711e-16,4.884981308350689e-15,2.220446049250313e-16,0.0,0.0,5.329070518200751e-15,1.1102230246251565e-16,PASS,"[-2.771688805551711e-16, 4.992134854802025e-16, 1.9999999999999958, 1.9999999999999993, 2.0000000000000004, 2.0000000000000036, 2.000000000000005]"
H2O,023,7,10,8.881784197001252e-15,3.4629573065843584e-17,4.884981308350689e-15,2.220446049250313e-16,0.0,0.0,1.7763568394002505e-15,3.944304526105059e-31,PASS,"[-3.4629573065843584e-17, 2.566741779908749e-16, 1.9999999999999951, 2.0000000000000004, 2.000000000000001, 2.0000000000000013, 2.0000000000000018]"
H2O,024,7,10,7.993605777301127e-15,3.996848859911837e-17,4.884981308350689e-15,4.85722573273506e-16,0.0,0.0,1.7763568394002505e-15,1.1102230246251565e-16,PASS,"[-3.996848859911837e-17, 3.996848859911837e-17, 1.9999999999999971, 1.9999999999999987, 1.9999999999999991, 2.000000000000003, 2.000000000000005]"
H2O,025,7,10,5.773159728050814e-15,2.3026846067876765e-16,6.217248937900877e-15,3.3306690738754696e-16,0.0,0.0,1.0658141036401503e-14,1.1102230246251565e-16,PASS,"[-4.52313065603799e-16, 2.3026846067876765e-16, 1.9999999999999993, 2.000000000000001, 2.0000000000000027, 2.000000000000003, 2.000000000000006]"
H2O,026,7,10,6.661338147750939e-15,2.716828873260828e-17,4.884981308350689e-15,2.914335439641036e-16,0.0,0.0,1.7763568394002505e-15,1.1102230246251565e-16,PASS,"[-2.716828873260828e-17, 4.712574985826709e-16, 1.9999999999999967, 1.9999999999999991, 1.9999999999999996, 2.0000000000000004, 2.000000000000005]"
H2O,027,7,10,4.884981308350689e-15,2.5673954418673084e-20,4.440892098500626e-15,3.7816971776294395e-16,0.0,0.0,3.552713678800501e-15,1.0408340855860843e-17,PASS,"[-2.5673954418673084e-20, 4.441148838044812e-16, 1.9999999999999978, 1.999999999999999, 1.9999999999999998, 2.0000000000000013, 2.0000000000000044]"
H2O,028,7,10,1.3766765505351941e-14,1.5854011387635973e-17,7.771561172376096e-15,2.220446049250313e-16,0.0,0.0,1.7763568394002505e-15,1.1102230246251565e-16,PASS,"[-4.599432212376986e-16, 1.5854011387635973e-17, 1.9999999999999922, 1.9999999999999976, 1.9999999999999982, 2.000000000000003, 2.0000000000000075]"
H2O,029,7,10,7.105427357601002e-15,9.608245803669322e-17,4.440892098500626e-15,2.220446049250313e-16,0.0,0.0,1.7763568394002505e-15,1.1102230246251565e-16,PASS,"[-5.401716678867558e-16, 9.608245803669322e-17, 1.9999999999999956, 2.0000000000000004, 2.000000000000001, 2.0000000000000013, 2.0000000000000027]"
H2O,030,7,10,1.2434497875801753e-14,8.075043037789263e-17,5.995204332975845e-15,1.942890293094024e-16,0.0,0.0,5.329070518200751e-15,1.1102230246251565e-16,PASS,"[-8.075043037789263e-17, 8.075043037789263e-17, 1.999999999999994, 1.999999999999999, 2.0000000000000004, 2.0000000000000018, 2.0000000000000053]"
NH3,001,8,10,5.329070518200751e-15,3.1566884387972756e-35,6.217248937900877e-15,2.1510571102112408e-16,0.0,0.0,7.105427357601002e-15,2.220446049250313e-16,PASS,"[-3.9716548416363993e-16, 3.1566884387972756e-35, 1.751208792386086e-16, 1.9999999999999962, 1.9999999999999991, 2.0000000000000013, 2.000000000000002, 2.000000000000006]"
NH3,002,8,10,1.1102230246251565e-14,0.0,7.105427357601002e-15,1.6653345369377348e-16,0.0,0.0,7.105427357601002e-15,1.1102230246251565e-16,PASS,"[-9.261495975126302e-17, -4.9463064068423734e-33, 9.261495975126302e-17, 1.999999999999998, 1.9999999999999993, 2.0, 2.0000000000000027, 2.000000000000007]"
NH3,003,8,10,7.549516567451064e-15,1.5520899487242546e-18,6.217248937900877e-15,2.220446049250313e-16,0.0,0.0,8.881784197001252e-15,2.220446049250313e-16,PASS,"[-5.088495489446951e-16, 1.5520899487242546e-18, 2.8525285407093946e-16, 1.9999999999999971, 2.0000000000000004, 2.0000000000000018, 2.000000000000004, 2.000000000000006]"
NH3,004,8,10,6.217248937900877e-15,1.0540818864124823e-16,7.771561172376096e-15,2.5673907444456745e-16,0.0,0.0,1.2434497875801753e-14,1.1102230246251565e-16,PASS,"[-1.114952133698922e-16, 1.0540818864124823e-16, 6.722208395037379e-16, 1.9999999999999922, 1.9999999999999951, 1.9999999999999976, 1.9999999999999991, 2.0000000000000027]"
NH3,005,8,10,4.440892098500626e-15,0.0,3.9968028886505635e-15,2.706168622523819e-16,0.0,0.0,5.329070518200751e-15,1.1102230246251565e-16,PASS,"[-4.563134619347081e-16, -7.93677932451397e-17, 9.159204532978509e-17, 1.9999999999999973, 2.0, 2.0, 2.0000000000000027, 2.000000000000004]"
NH3,006,8,10,9.769962616701378e-15,1.9002150233312802e-16,7.771561172376096e-15,1.249000902703301e-16,0.0,0.0,7.105427357601002e-15,2.220446049250313e-16,PASS,"[-2.543601737891643e-16, 1.9002150233312802e-16, 2.8638327638106755e-16, 1.9999999999999922, 1.9999999999999976, 1.9999999999999993, 2.0000000000000036, 2.000000000000004]"
NH3,007,8,10,5.329070518200751e-15,1.0603197947501537e-16,4.884981308350689e-15,2.220446049250313e-16,0.0,0.0,3.552713678800501e-15,1.1102230246251565e-16,PASS,"[-1.2812908004773042e-16, 1.0603197947501537e-16, 4.661863104227775e-16, 1.9999999999999953, 1.999999999999998, 2.0000000000000004, 2.000000000000004, 2.000000000000005]"
NH3,008,8,10,1.1102230246251565e-14,1.3245921245122377e-17,6.661338147750939e-15,2.220446049250313e-16,0.0,0.0,3.552713678800501e-15,2.220446049250313e-16,PASS,"[-4.615395281299758e-16, -1.3245921245122377e-17, 4.747854493750982e-16, 1.9999999999999947, 1.9999999999999967, 2.0000000000000027, 2.0000000000000053, 2.0000000000000067]"
NH3,009,8,10,8.43769498715119e-15,8.897930238010034e-17,5.773159728050814e-15,3.3306690738754696e-16,0.0,0.0,7.105427357601002e-15,2.220446049250313e-16,PASS,"[-2.395240409189726e-16, -8.897930238010034e-17, 1.0645873837404166e-16, 1.9999999999999964, 1.9999999999999998, 2.0000000000000013, 2.0000000000000036, 2.0000000000000058]"
NH3,010,8,10,9.769962616701378e-15,0.0,7.105427357601002e-15,3.3306690738754696e-16,0.0,0.0,1.5987211554602254e-14,2.220446049250313e-16,PASS,"[-5.334865196849825e-16, -3.6896835791967347e-16, 1.4276457904530708e-17, 2.0, 2.0000000000000018, 2.000000000000003, 2.000000000000005, 2.000000000000007]"
NH3,011,8,10,4.884981308350689e-15,0.0,3.1086244689504383e-15,2.220446049250313e-16,0.0,0.0,3.552713678800501e-15,1.1102230246251565e-16,PASS,"[-5.566005903236866e-16, 9.79339427595922e-17, 4.586666475640944e-16, 1.9999999999999973, 2.0, 2.0000000000000004, 2.0000000000000018, 2.000000000000003]"
NH3,012,8,10,3.9968028886505635e-15,3.518191626378646e-17,3.1086244689504383e-15,2.220446049250313e-16,0.0,0.0,3.552713678800501e-15,1.1102230246251565e-16,PASS,"[-8.97113573684487e-16, -4.703359721294875e-16, 3.518191626378646e-17, 1.999999999999997, 1.9999999999999996, 2.0000000000000018, 2.0000000000000018, 2.000000000000003]"
NH3,013,8,10,3.9968028886505635e-15,2.1557450324244758e-17,3.774758283725532e-15,1.457167719820518e-16,0.0,0.0,3.552713678800501e-15,1.1102230246251565e-16,PASS,"[-4.506421752139671e-16, -2.370490898853715e-16, 2.1557450324244758e-17, 1.9999999999999962, 2.0000000000000004, 2.000000000000001, 2.0000000000000018, 2.0000000000000036]"
NH3,014,8,10,5.329070518200751e-15,1.2446070992303912e-16,5.773159728050814e-15,2.7755575615628914e-16,0.0,0.0,0.0,2.7755575615628914e-17,PASS,"[-4.2411029583911026e-16, -3.208799024992707e-16, -1.2446070992303912e-16, 1.9999999999999942, 1.9999999999999973, 1.9999999999999993, 2.000000000000004, 2.0000000000000058]"
NH3,015,8,10,7.549516567451064e-15,2.356502397536217e-16,4.884981308350689e-15,2.220446049250313e-16,0.0,0.0,1.2434497875801753e-14,2.220446049250313e-16,PASS,"[2.356502397536217e-16, 4.440892098500626e-16, 6.525281799465035e-16, 2.0000000000000004, 2.000000000000001, 2.000000000000002, 2.000000000000003, 2.000000000000005]"
NH3,016,8,10,1.0658141036401503e-14,2.2849719239469426e-33,5.773159728050814e-15,1.3877787807814457e-16,0.0,0.0,1.5987211554602254e-14,2.220446049250313e-16,PASS,"[-2.6352555635701513e-17, 2.2849719239469426e-33, 2.6352555635701507e-17, 1.9999999999999976, 2.0000000000000036, 2.000000000000004, 2.0000000000000044, 2.0000000000000058]"
NH3,017,8,10,1.021405182655144e-14,2.079783605662454e-17,4.884981308350689e-15,2.220446049250313e-16,0.0,0.0,1.0658141036401503e-14,1.1102230246251565e-16,PASS,"[2.079783605662454e-17, 1.7951001411795616e-16, 6.823541839483657e-16, 1.9999999999999993, 2.0000000000000004, 2.0000000000000013, 2.000000000000004, 2.000000000000005]"
NH3,018,8,10,4.884981308350689e-15,1.429819748933927e-32,4.6629367034256575e-15,3.3306690738754696e-16,0.0,0.0,0.0,1.1102230246251565e-16,PASS,"[-2.4324513776124262e-16, 1.429819748933927e-32, 2.4324513776124267e-16, 1.9999999999999953, 1.9999999999999982, 1.999999999999999, 2.000000000000002, 2.000000000000004]"
NH3,019,8,10,4.440892098500626e-15,0.0,4.440892098500626e-15,2.220446049250313e-16,0.0,0.0,3.552713678800501e-15,2.220446049250313e-16,PASS,"[-7.648075768875522e-17, 3.969337705599187e-17, 2.5883198555779467e-16, 1.9999999999999973, 2.0, 2.0, 2.000000000000002, 2.0000000000000044]"
NH3,020,8,10,3.552713678800501e-15,1.8539321801817054e-17,4.440892098500626e-15,2.220446049250313e-16,0.0,0.0,7.105427357601002e-15,1.1102230246251565e-16,PASS,"[-4.449079000660107e-16, -1.8539321801817054e-17, 9.075364317178902e-16, 1.9999999999999978, 2.0000000000000004, 2.0000000000000018, 2.000000000000002, 2.0000000000000044]"
NH3,021,8,10,9.325873406851315e-15,3.526482574008897e-33,5.773159728050814e-15,2.220446049250313e-16,0.0,0.0,7.105427357601002e-15,2.220446049250313e-16,PASS,"[-5.828653116024311e-17, 3.526482574008897e-33, 5.023757410103059e-16, 1.9999999999999942, 1.9999999999999953, 1.999999999999998, 2.0000000000000018, 2.000000000000002]"
NH3,022,8,10,5.329070518200751e-15,1.4415017204587768e-17,5.551115123125783e-15,1.734723475976807e-16,0.0,0.0,1.7763568394002505e-15,1.1102230246251565e-16,PASS,"[-4.619679760121697e-16, 1.4415017204587768e-17, 4.47552958807582e-16, 1.9999999999999944, 1.999999999999997, 2.0000000000000013, 2.000000000000003, 2.000000000000005]"
NH3,023,8,10,5.329070518200751e-15,9.933641175458622e-17,6.661338147750939e-15,2.220446049250313e-16,0.0,0.0,3.552713678800501e-15,1.1102230246251565e-16,PASS,"[-4.74449913506355e-16, -2.9102031302332513e-16, 9.933641175458622e-17, 1.9999999999999958, 1.9999999999999991, 1.9999999999999996, 2.0000000000000027, 2.0000000000000067]"
NH3,024,8,10,9.769962616701378e-15,2.128688428454501e-34,5.773159728050814e-15,1.1449174941446927e-16,0.0,0.0,7.105427357601002e-15,1.1102230246251565e-16,PASS,"[-2.983328114162191e-16, -2.128688428454501e-34, 2.9833281141621905e-16, 1.999999999999997, 1.9999999999999991, 2.000000000000003, 2.000000000000004, 2.0000000000000058]"
NH3,025,8,10,1.5987211554602254e-14,0.0,8.43769498715119e-15,3.400058012914542e-16,0.0,0.0,1.4210854715202004e-14,1.1102230246251565e-16,PASS,"[-8.882137562644805e-16, -2.2911701319183117e-16, 2.291523497561867e-16, 1.9999999999999982, 2.0, 2.000000000000001, 2.0000000000000058, 2.0000000000000084]"
NH3,026,8,10,2.400857290751901e-15,9.852978844672095e-18,2.886579864025407e-15,3.3306690738754696e-16,0.0,0.0,0.0,2.220446049250313e-16,PASS,"[-4.659336984746284e-16, -4.3209770007016896e-16, 9.852978844672095e-18, 1.9999999999999971, 1.9999999999999978, 1.9999999999999996, 2.0000000000000004, 2.0000000000000018]"
NH3,027,8,10,2.6645352591003757e-15,0.0,3.9968028886505635e-15,1.1796119636642288e-16,0.0,0.0,1.7763568394002505e-15,1.1102230246251565e-16,PASS,"[-2.2653968129805103e-16, -4.002284553286413e-17, 4.886071317559464e-16, 1.9999999999999967, 2.0, 2.0000000000000013, 2.000000000000002, 2.000000000000004]"
NH3,028,8,10,6.217248937900877e-15,0.0,5.773159728050814e-15,1.1102230246251565e-16,0.0,0.0,8.881784197001252e-15,1.1102230246251565e-16,PASS,"[-4.440923992168533e-16, -3.0710554313625526e-16, 3.0710873250304595e-16, 1.9999999999999984, 2.0, 2.0000000000000013, 2.0000000000000013, 2.0000000000000058]"
NH3,029,8,10,7.549516567451064e-15,1.4655385419924727e-16,4.884981308350689e-15,1.6653345369377348e-16,0.0,0.0,1.0658141036401503e-14,2.220446049250313e-16,PASS,"[-5.197255775839629e-16, -1.4655385419924727e-16, 4.442348268581788e-16, 1.9999999999999971, 2.000000000000001, 2.000000000000002, 2.000000000000004, 2.000000000000005]"
NH3,030,8,10,7.993605777301127e-15,1.929497543269982e-33,4.218847493575595e-15,2.220446049250313e-16,0.0,0.0,0.0,2.7755575615628914e-17,PASS,"[-1.291181820354957e-16, -1.929497543269982e-33, 1.2911818203549567e-16, 1.9999999999999958, 1.9999999999999973, 2.0000000000000013, 2.0000000000000018, 2.000000000000003]"
N2,001,10,14,1.2878587085651816e-14,3.8995383290069774e-18,8.881784197001252e-15,2.42861286636753e-16,0.0,0.0,3.552713678800501e-15,0.0,PASS,"[-3.8995383290069774e-18, 3.8995383290069774e-18, 4.440892098500626e-16, 1.9999999999999918, 1.9999999999999962, 1.999999999999999, 2.0000000000000004, 2.0000000000000027, 2.000000000000003, 2.000000000000009]"
N2,002,10,14,2.6201263381153694e-14,0.0,1.9095836023552692e-14,2.498001805406602e-16,0.0,0.0,1.0658141036401503e-14,0.0,PASS,"[-2.3655093626323673e-17, 0.0, 2.3655093626323673e-17, 1.999999999999981, 1.999999999999995, 1.999999999999998, 2.0000000000000004, 2.000000000000001, 2.0000000000000044, 2.00000000000001]"
N2,003,10,14,3.241851231905457e-14,1.4588040429382576e-17,2.5757174171303632e-14,3.0531133177191805e-16,0.0,0.0,1.7763568394002505e-15,0.0,PASS,"[-6.807218552044765e-16, 1.4588040429382576e-17, 5.481726183917443e-16, 1.9999999999999878, 1.999999999999995, 1.9999999999999964, 1.9999999999999964, 1.9999999999999987, 2.0000000000000027, 2.0000000000000258]"
N2,004,10,14,1.1102230246251565e-14,2.048954137745585e-16,9.992007221626409e-15,2.3592239273284576e-16,0.0,0.0,1.7763568394002505e-14,0.0,PASS,"[2.048954137745585e-16, 2.391937960755041e-16, 4.440892098500626e-16, 1.99999999999999, 1.9999999999999944, 1.999999999999996, 1.999999999999999, 1.9999999999999998, 2.0000000000000018, 2.000000000000004]"
N2,005,10,14,1.687538997430238e-14,6.901592626289027e-17,9.325873406851315e-15,1.734723475976807e-16,0.0,0.0,3.552713678800501e-15,0.0,PASS,"[-2.220446049250313e-16, -6.901592626289027e-17, 2.910605311879215e-16, 1.9999999999999938, 1.999999999999995, 1.9999999999999962, 1.9999999999999978, 1.9999999999999993, 2.000000000000004, 2.0000000000000093]"
N2,006,10,14,1.1102230246251565e-14,0.0,8.43769498715119e-15,3.3306690738754696e-16,0.0,0.0,7.105427357601002e-15,0.0,PASS,"[-6.368870600263701e-18, 4.440892098500626e-16, 4.504580804503264e-16, 1.999999999999993, 1.9999999999999991, 2.0, 2.0, 2.0000000000000027, 2.000000000000003, 2.0000000000000084]"
N2,007,10,14,1.3322676295501878e-14,4.440892098500626e-16,1.509903313490213e-14,2.7755575615628914e-16,0.0,0.0,1.7763568394002505e-14,0.0,PASS,"[-4.583479657538533e-16, 4.440892098500626e-16, 4.583479657538533e-16, 1.999999999999985, 1.9999999999999947, 1.9999999999999953, 1.9999999999999973, 2.0000000000000004, 2.0000000000000018, 2.000000000000004]"
N2,008,10,14,2.2648549702353193e-14,2.163792309445201e-16,1.5987211554602254e-14,2.5673907444456745e-16,0.0,0.0,5.329070518200751e-15,0.0,PASS,"[-4.440892098500626e-16, -2.163792309445201e-16, 2.163792309445201e-16, 1.99999999999999, 1.999999999999996, 1.9999999999999973, 2.000000000000001, 2.0000000000000027, 2.0000000000000075, 2.000000000000016]"
N2,009,10,14,1.4654943925052066e-14,3.208833674336111e-58,1.1324274851176597e-14,3.3306690738754696e-16,0.0,0.0,1.2434497875801753e-14,0.0,PASS,"[-6.694084617811245e-16, -3.208833674336111e-58, 2.253192519310619e-16, 1.9999999999999887, 1.9999999999999956, 1.999999999999997, 1.9999999999999984, 2.0000000000000004, 2.000000000000003, 2.000000000000007]"
N2,010,10,14,1.3322676295501878e-14,4.440892098500626e-16,1.3766765505351941e-14,2.498001805406602e-16,0.0,0.0,3.552713678800501e-15,0.0,PASS,"[-4.598673394527436e-16, -4.440892098500626e-16, 4.598673394527436e-16, 1.9999999999999862, 1.9999999999999936, 1.999999999999998, 2.0000000000000018, 2.0000000000000018, 2.0000000000000044, 2.0000000000000093]"
N2,011,10,14,2.5757174171303632e-14,1.5154482372287167e-40,1.7319479184152442e-14,3.3306690738754696e-16,0.0,0.0,3.552713678800501e-15,0.0,PASS,"[-4.469486079777608e-16, -1.5154482372287167e-40, 2.8593981276982617e-18, 1.9999999999999876, 1.9999999999999951, 1.999999999999997, 1.999999999999999, 1.9999999999999996, 2.000000000000001, 2.0000000000000173]"
N2,012,10,14,1.7319479184152442e-14,1.4094489402954875e-16,1.5765166949677223e-14,2.7755575615628914e-16,0.0,0.0,2.4868995751603507e-14,0.0,PASS,"[1.4094489402954875e-16, 2.923009056513071e-16, 3.031443158205139e-16, 1.9999999999999842, 1.999999999999994, 1.9999999999999947, 1.999999999999997, 1.999999999999999, 2.0000000000000013, 2.0000000000000018]"
N2,013,10,14,1.3322676295501878e-14,2.221015345308685e-16,1.199040866595169e-14,2.7755575615628914e-16,0.0,0.0,1.7763568394002505e-14,0.0,PASS,"[-4.441461394558998e-16, -4.440892098500626e-16, 2.221015345308685e-16, 1.999999999999988, 1.9999999999999942, 1.9999999999999964, 1.9999999999999971, 1.9999999999999993, 2.000000000000001, 2.0000000000000044]"
N2,014,10,14,2.4868995751603507e-14,2.0682566517917303e-16,1.7763568394002505e-14,2.914335439641036e-16,0.0,0.0,5.329070518200751e-15,0.0,PASS,"[-4.593081495959209e-16, -4.440892098500626e-16, -2.0682566517917303e-16, 1.999999999999985, 1.9999999999999936, 1.999999999999995, 1.9999999999999991, 2.0000000000000013, 2.0000000000000027, 2.0000000000000178]"
N2,015,10,14,8.881784197001252e-15,1.6217506183773316e-58,7.549516567451064e-15,2.949029909160572e-16,0.0,0.0,1.4210854715202004e-14,0.0,PASS,"[-1.6217506183773316e-58, 1.747855548249573e-16, 4.913482599501366e-16, 1.9999999999999925, 1.9999999999999953, 1.9999999999999964, 1.9999999999999973, 2.0000000000000004, 2.0000000000000013, 2.000000000000002]"
N2,016,10,14,1.021405182655144e-14,1.0396329147517368e-56,9.547918011776346e-15,2.220446049250313e-16,0.0,0.0,1.7763568394002505e-14,0.0,PASS,"[-1.0396329147517368e-56, 2.1426532898603786e-16, 6.739130907140873e-16, 1.9999999999999905, 1.999999999999993, 1.9999999999999953, 1.9999999999999976, 1.9999999999999998, 2.0000000000000004, 2.000000000000006]"
N2,017,10,14,7.105427357601002e-15,5.3482044786681985e-59,6.217248937900877e-15,2.220446049250313e-16,0.0,0.0,1.7763568394002505e-15,0.0,PASS,"[-1.1162598851471361e-15, -5.3482044786681985e-59, 2.280814654470109e-16, 1.9999999999999951, 1.9999999999999971, 1.9999999999999978, 1.9999999999999998, 2.000000000000001, 2.0000000000000027, 2.000000000000006]"
N2,018,10,14,9.721390359374027e-15,0.0,7.771561172376096e-15,2.220446049250313e-16,0.0,0.0,8.881784197001252e-15,0.0,PASS,"[-1.0566167632325138e-17, 0.0, 1.0566167632325138e-17, 1.9999999999999922, 1.9999999999999947, 1.9999999999999964, 1.9999999999999982, 1.9999999999999996, 2.000000000000003, 2.0000000000000075]"
N2,019,10,14,2.842170943040401e-14,8.152866520847393e-18,1.7319479184152442e-14,2.255140518769849e-16,0.0,0.0,2.842170943040401e-14,0.0,PASS,"[-4.522420763709099e-16, 8.152866520847393e-18, 2.220446049250313e-16, 1.9999999999999827, 1.9999999999999885, 1.9999999999999971, 1.9999999999999984, 2.0000000000000013, 2.0000000000000013, 2.000000000000005]"
N2,020,10,14,7.105427357601002e-15,1.440878873572333e-59,8.215650382226158e-15,3.5865407865820487e-16,0.0,0.0,1.7763568394002505e-15,0.0,PASS,"[-2.348332200995887e-16, -1.440878873572333e-59, 4.5687782502462e-16, 1.9999999999999918, 1.9999999999999973, 1.9999999999999987, 1.9999999999999998, 2.000000000000001, 2.000000000000002, 2.0000000000000036]"
N2,021,10,14,1.4210854715202004e-14,0.0,1.2656542480726785e-14,2.7755575615628914e-16,0.0,0.0,1.9539925233402755e-14,0.0,PASS,"[-1.1384077775432794e-16, 2.220446049250313e-16, 3.3588538267935923e-16, 1.9999999999999873, 1.9999999999999916, 1.9999999999999953, 1.9999999999999953, 1.9999999999999996, 2.0, 2.000000000000012]"
N2,022,10,14,1.1917847298876401e-14,2.052913876514627e-16,1.7985612998927536e-14,3.3306690738754696e-16,0.0,0.0,1.4210854715202004e-14,0.0,PASS,"[-9.049316369736939e-16, -4.440892098500626e-16, -2.052913876514627e-16, 1.999999999999982, 1.9999999999999918, 1.9999999999999958, 1.9999999999999987, 1.999999999999999, 2.0000000000000013, 2.0000000000000138]"
N2,023,10,14,1.9539925233402755e-14,4.507523032111125e-56,1.554312234475219e-14,3.968179951296946e-16,0.0,0.0,5.329070518200751e-15,0.0,PASS,"[-4.522378730436937e-16, -4.507523032111125e-56, 8.148663193631075e-18, 1.9999999999999845, 1.999999999999996, 1.9999999999999973, 1.9999999999999993, 2.0000000000000013, 2.0000000000000053, 2.000000000000013]"
N2,024,10,14,1.0241807402167069e-14,9.809831975520053e-87,1.4210854715202004e-14,4.163336342344337e-16,0.0,0.0,1.7763568394002505e-15,0.0,PASS,"[-3.1038959758479964e-17, -9.809831975520053e-87, 2.530835646835113e-16, 1.9999999999999858, 1.9999999999999944, 1.9999999999999991, 2.0000000000000004, 2.0000000000000053, 2.0000000000000053, 2.000000000000009]"
N2,025,10,14,1.466882171285988e-14,2.220446049250313e-16,1.1546319456101628e-14,3.3306690738754696e-16,0.0,0.0,1.5987211554602254e-14,0.0,PASS,"[-2.220446049250313e-16, 3.7322687053696837e-16, 5.149515491631569e-16, 1.999999999999989, 1.999999999999992, 1.999999999999996, 1.9999999999999962, 1.9999999999999982, 2.0000000000000013, 2.0000000000000115]"
N2,026,10,14,1.1546319456101628e-14,2.1519658918759155e-16,1.176836406102666e-14,2.7755575615628914e-16,0.0,0.0,1.0658141036401503e-14,0.0,PASS,"[-4.509372255875024e-16, -2.220446049250313e-16, -2.1519658918759155e-16, 1.9999999999999882, 1.9999999999999947, 1.999999999999997, 1.999999999999999, 2.0000000000000013, 2.0000000000000013, 2.0000000000000115]"
N2,027,10,14,1.1102230246251565e-14,8.057466169867698e-43,9.992007221626409e-15,2.636779683484747e-16,0.0,0.0,1.7763568394002505e-14,0.0,PASS,"[-1.3009478867740008e-16, 8.057466169867698e-43, 5.741839985274627e-16, 1.99999999999999, 1.9999999999999922, 1.999999999999994, 1.9999999999999984, 1.9999999999999998, 2.0000000000000027, 2.0000000000000036]"
N2,028,10,14,8.43769498715119e-15,0.0,8.43769498715119e-15,2.220446049250313e-16,0.0,0.0,8.881784197001252e-15,0.0,PASS,"[-2.1301811833672524e-16, 0.0, 2.1301811833672524e-16, 1.9999999999999944, 1.9999999999999967, 1.9999999999999991, 2.0000000000000013, 2.0000000000000036, 2.0000000000000036, 2.0000000000000084]"
N2,029,10,14,1.9984014443252818e-14,2.220446049250313e-16,1.199040866595169e-14,2.220446049250313e-16,0.0,0.0,5.329070518200751e-15,0.0,PASS,"[-2.221990300879139e-16, -2.220446049250313e-16, 2.221990300879139e-16, 1.999999999999988, 1.999999999999994, 1.9999999999999982, 2.000000000000001, 2.0000000000000027, 2.0000000000000058, 2.000000000000008]"
N2,030,10,14,7.105427357601002e-15,1.0247354285541222e-17,5.329070518200751e-15,2.649790109554573e-16,0.0,0.0,7.105427357601002e-15,0.0,PASS,"[-2.220446049250313e-16, -1.0247354285541222e-17, 2.322919592105725e-16, 1.9999999999999951, 1.9999999999999964, 1.999999999999999, 2.0000000000000004, 2.0000000000000036, 2.000000000000005, 2.0000000000000053]"
CO,001,10,14,1.7319479184152442e-14,0.0,1.1546319456101628e-14,2.706168622523819e-16,0.0,0.0,2.4868995751603507e-14,0.0,PASS,"[-5.123832514529762e-16, -1.5375056332211768e-16, -3.623581415005089e-57, 1.9999999999999885, 1.9999999999999907, 1.999999999999993, 1.9999999999999982, 1.9999999999999993, 2.0, 2.0000000000000013]"
CO,002,10,14,5.662137425588298e-15,0.0,6.661338147750939e-15,2.220446049250313e-16,0.0,0.0,7.105427357601002e-15,0.0,PASS,"[-4.886837849915526e-16, -1.7745002978354137e-16, 4.440892098500626e-16, 1.9999999999999933, 1.999999999999997, 1.999999999999998, 1.9999999999999991, 1.9999999999999996, 2.0, 2.0000000000000027]"
CO,003,10,14,9.769962616701378e-15,1.704426559979191e-17,8.215650382226158e-15,3.3306690738754696e-16,0.0,0.0,1.2434497875801753e-14,0.0,PASS,"[-4.611334754498545e-16, -2.220446049250313e-16, 1.704426559979191e-17, 1.9999999999999918, 1.9999999999999947, 1.9999999999999964, 1.999999999999999, 1.999999999999999, 2.0000000000000013, 2.000000000000004]"
CO,004,10,14,8.881784197001252e-15,0.0,8.215650382226158e-15,2.220446049250313e-16,0.0,0.0,1.0658141036401503e-14,0.0,PASS,"[-2.4182536674328974e-16, -8.99946768152835e-58, 2.4182536674328974e-16, 1.9999999999999918, 1.9999999999999936, 1.999999999999996, 1.9999999999999978, 2.0, 2.0000000000000044, 2.0000000000000053]"
CO,005,10,14,1.2434497875801753e-14,0.0,1.1324274851176597e-14,2.7755575615628914e-16,0.0,0.0,8.881784197001252e-15,0.0,PASS,"[-4.440892098500626e-16, -2.254390884900763e-16, -2.1865012135998633e-16, 1.9999999999999887, 1.9999999999999958, 1.9999999999999976, 1.999999999999998, 2.0, 2.000000000000003, 2.000000000000006]"
CO,006,10,14,1.3766765505351941e-14,0.0,1.021405182655144e-14,4.996003610813204e-16,0.0,0.0,1.2434497875801753e-14,0.0,PASS,"[-4.613462592836272e-17, 0.0, 4.613462592836272e-17, 1.9999999999999898, 1.9999999999999925, 1.9999999999999973, 2.000000000000001, 2.000000000000001, 2.000000000000003, 2.0000000000000044]"
CO,007,10,14,1.509903313490213e-14,3.763760313403992e-86,1.1102230246251565e-14,2.220446049250313e-16,0.0,0.0,1.5987211554602254e-14,0.0,PASS,"[-4.480056037935491e-16, -3.763760313403992e-86, 4.480056037935491e-16, 1.999999999999989, 1.9999999999999913, 1.9999999999999973, 1.9999999999999991, 2.000000000000001, 2.0000000000000027, 2.000000000000004]"
CO,008,10,14,8.881784197001252e-15,3.17381601245584e-87,1.1102230246251565e-14,3.3306690738754696e-16,0.0,0.0,1.0658141036401503e-14,0.0,PASS,"[-4.658321261026617e-16, -3.17381601245584e-87, 2.437875211776304e-16, 1.999999999999989, 1.9999999999999938, 1.9999999999999984, 1.9999999999999993, 2.0000000000000013, 2.000000000000003, 2.0000000000000053]"
CO,009,10,14,1.0658141036401503e-14,2.220446049250313e-16,8.659739592076221e-15,3.122502256758253e-16,0.0,0.0,2.1316282072803006e-14,0.0,PASS,"[-8.918326605092035e-16, -4.404349690409844e-16, 2.220446049250313e-16, 1.9999999999999913, 1.999999999999995, 1.9999999999999958, 1.999999999999997, 1.9999999999999991, 1.9999999999999998, 2.0000000000000013]"
CO,010,10,14,1.6431300764452317e-14,0.0,1.2212453270876722e-14,3.0531133177191805e-16,0.0,0.0,3.197442310920451e-14,0.0,PASS,"[4.03217771184377e-17, 2.220446049250313e-16, 4.037674327316249e-16, 1.9999999999999878, 1.9999999999999907, 1.9999999999999942, 1.9999999999999964, 1.999999999999999, 1.9999999999999998, 2.0]"
CO,011,10,14,1.5987211554602254e-14,3.1274612568525735e-16,8.881784197001252e-15,2.7755575615628914e-16,0.0,0.0,8.881784197001252e-15,0.0,PASS,"[-5.754322940148679e-16, -4.440892098500626e-16, -3.1274612568525735e-16, 1.9999999999999911, 1.9999999999999916, 1.999999999999996, 1.999999999999999, 1.9999999999999996, 2.0000000000000013, 2.000000000000009]"
CO,012,10,14,8.43769498715119e-15,4.933587051969254e-58,1.0436096431476471e-14,2.7755575615628914e-16,0.0,0.0,1.0658141036401503e-14,0.0,PASS,"[-5.43342812367097e-16, -3.448356073330282e-16, -4.933587051969254e-58, 1.9999999999999896, 1.9999999999999944, 1.999999999999998, 1.9999999999999993, 2.000000000000001, 2.0000000000000013, 2.0000000000000044]"
CO,013,10,14,7.993605777301127e-15,7.036033508215418e-18,6.8833827526759706e-15,2.714842239903703e-16,0.0,0.0,3.552713678800501e-15,0.0,PASS,"[-4.511252433582781e-16, 7.036033508215418e-18, 8.881784197001252e-16, 1.9999999999999931, 1.999999999999995, 1.9999999999999973, 2.0000000000000004, 2.000000000000002, 2.0000000000000027, 2.000000000000004]"
CO,014,10,14,1.5987211554602254e-14,2.779174684858566e-60,9.325873406851315e-15,4.0245584642661925e-16,0.0,0.0,1.4210854715202004e-14,0.0,PASS,"[-5.106692569042503e-16, -1.554645578708436e-16, -2.779174684858566e-60, 1.9999999999999956, 1.999999999999996, 1.9999999999999993, 2.000000000000001, 2.0000000000000027, 2.000000000000008, 2.0000000000000093]"
CO,015,10,14,9.325873406851315e-15,1.9260789259727553e-18,7.549516567451064e-15,3.5388358909926865e-16,0.0,0.0,1.0658141036401503e-14,0.0,PASS,"[-1.2620113288344485e-16, -1.9260789259727553e-18, 4.460152887760353e-16, 1.9999999999999938, 1.9999999999999951, 1.999999999999998, 2.000000000000003, 2.0000000000000044, 2.0000000000000058, 2.0000000000000075]"
CO,016,10,14,7.993605777301127e-15,2.220446049250313e-16,5.551115123125783e-15,4.163336342344337e-16,0.0,0.0,1.7763568394002505e-15,0.0,PASS,"[-4.453913297964362e-16, -2.220446049250313e-16, 4.453913297964362e-16, 1.9999999999999944, 1.9999999999999982, 1.9999999999999996, 2.000000000000001, 2.0000000000000013, 2.000000000000003, 2.000000000000005]"
CO,017,10,14,1.199040866595169e-14,1.2173133265544401e-117,7.105427357601002e-15,2.706168622523819e-16,0.0,0.0,5.329070518200751e-15,0.0,PASS,"[-1.2173133265544401e-117, 7.332674951756357e-17, 3.7076246033249904e-16, 1.9999999999999958, 1.9999999999999987, 1.9999999999999993, 2.0000000000000004, 2.0000000000000018, 2.0000000000000027, 2.000000000000007]"
CO,018,10,14,6.050715484207103e-15,1.83532474294269e-17,4.884981308350689e-15,3.3306690738754696e-16,0.0,0.0,0.0,0.0,PASS,"[-1.83532474294269e-17, 2.220446049250313e-16, 4.624424572794895e-16, 1.9999999999999953, 1.9999999999999971, 1.999999999999999, 2.0000000000000004, 2.000000000000002, 2.000000000000003, 2.000000000000005]"
CO,019,10,14,7.993605777301127e-15,1.3974914055146158e-58,7.105427357601002e-15,3.608224830031759e-16,0.0,0.0,1.7763568394002505e-14,0.0,PASS,"[-2.4475257681068926e-16, -1.3974914055146158e-58, 2.4475257681068926e-16, 1.999999999999993, 1.9999999999999942, 1.9999999999999958, 1.999999999999997, 1.9999999999999998, 2.0000000000000004, 2.0000000000000013]"
CO,020,10,14,8.43769498715119e-15,7.252662690741228e-89,6.217248937900877e-15,2.8449465006019636e-16,0.0,0.0,1.7763568394002505e-15,0.0,PASS,"[-4.442189933792596e-16, -7.252662690741228e-89, 8.883082032293222e-16, 1.9999999999999938, 1.9999999999999956, 1.9999999999999991, 1.9999999999999993, 2.000000000000002, 2.000000000000004, 2.000000000000005]"
CO,021,10,14,6.661338147750939e-15,1.6503145132470597e-59,6.439293542825908e-15,1.6653345369377348e-16,0.0,0.0,0.0,0.0,PASS,"[-4.097891298464342e-18, -1.6503145132470597e-59, 2.2614249622349566e-16, 1.9999999999999936, 1.999999999999997, 1.9999999999999987, 1.9999999999999998, 2.0000000000000013, 2.000000000000005, 2.0000000000000058]"
CO,022,10,14,7.105427357601002e-15,1.755417504469251e-16,7.549516567451064e-15,3.3306690738754696e-16,0.0,0.0,5.329070518200751e-15,0.0,PASS,"[-1.755417504469251e-16, 1.755417504469251e-16, 4.440892098500626e-16, 1.9999999999999925, 1.999999999999997, 2.000000000000001, 2.0000000000000013, 2.0000000000000036, 2.0000000000000053, 2.0000000000000075]"
CO,023,10,14,9.769962616701378e-15,1.9581818736429278e-16,8.881784197001252e-15,2.220446049250313e-16,0.0,0.0,3.552713678800501e-15,0.0,PASS,"[-4.703156274108011e-16, -2.220446049250313e-16, -1.9581818736429278e-16, 1.999999999999994, 1.999999999999997, 1.999999999999998, 1.9999999999999984, 1.9999999999999993, 2.0000000000000036, 2.000000000000009]"
CO,024,10,14,9.325873406851315e-15,1.0743788873887962e-86,7.105427357601002e-15,3.608224830031759e-16,0.0,0.0,5.329070518200751e-15,0.0,PASS,"[-6.71244014753906e-16, -1.0743788873887962e-86, 5.110199978812043e-18, 1.9999999999999947, 1.9999999999999971, 1.9999999999999993, 2.0000000000000004, 2.000000000000003, 2.0000000000000058, 2.000000000000007]"
CO,025,10,14,1.199040866595169e-14,0.0,1.021405182655144e-14,4.510281037539698e-16,0.0,0.0,8.881784197001252e-15,0.0,PASS,"[-2.2877472694094025e-17, 0.0, 2.2877472694094025e-17, 1.9999999999999918, 1.9999999999999964, 2.0000000000000013, 2.000000000000003, 2.0000000000000036, 2.000000000000006, 2.00000000000001]"
CO,026,10,14,1.687538997430238e-14,2.1722250917102668e-16,1.199040866595169e-14,2.220446049250313e-16,0.0,0.0,7.105427357601002e-15,0.0,PASS,"[-2.220446049250313e-16, -2.1722250917102668e-16, 2.1722250917102668e-16, 1.9999999999999964, 1.9999999999999976, 1.9999999999999982, 2.0000000000000004, 2.0000000000000018, 2.000000000000004, 2.000000000000012]"
CO,027,10,14,9.769962616701378e-15,0.0,4.884981308350689e-15,2.220446049250313e-16,0.0,0.0,3.552713678800501e-15,0.0,PASS,"[-3.924239806337096e-17, 1.2723790056069339e-42, 4.833316079134337e-16, 1.9999999999999951, 1.999999999999997, 1.9999999999999973, 1.9999999999999996, 2.0, 2.0000000000000004, 2.000000000000005]"
CO,028,10,14,7.389922007661198e-15,1.0436028720516473e-17,6.661338147750939e-15,3.3306690738754696e-16,0.0,0.0,1.7763568394002505e-15,0.0,PASS,"[-1.0436028720516473e-17, 1.0436028720516473e-17, 4.440892098500626e-16, 1.999999999999994, 1.9999999999999971, 1.9999999999999987, 1.9999999999999996, 2.000000000000001, 2.0000000000000044, 2.0000000000000067]"
CO,029,10,14,9.901801600875615e-15,4.440892098500626e-16,8.215650382226158e-15,3.3306690738754696e-16,0.0,0.0,5.329070518200751e-15,0.0,PASS,"[-8.882722296616644e-16, -4.440892098500626e-16, 4.441830198116017e-16, 1.9999999999999918, 1.999999999999995, 1.9999999999999987, 2.0000000000000013, 2.0000000000000013, 2.0000000000000036, 2.0000000000000058]"
CO,030,10,14,7.549516567451064e-15,0.0,7.105427357601002e-15,2.8796409701215e-16,0.0,0.0,5.329070518200751e-15,0.0,PASS,"[-4.44441952356892e-16, -4.440892098500626e-16, 4.44441952356892e-16, 1.999999999999994, 1.9999999999999993, 2.0, 2.0000000000000004, 2.000000000000004, 2.000000000000005, 2.000000000000007]"
HF,001,6,10,1.509903313490213e-14,0.0,7.771561172376096e-15,3.3306690738754696e-16,0.0,0.0,3.552713678800501e-15,3.2582401381343754e-19,PASS,"[2.119662449058565e-16, 1.9999999999999922, 1.9999999999999978, 2.0, 2.0, 2.000000000000003]"
HF,002,6,10,7.549516567451064e-15,0.0,3.774758283725532e-15,3.608224830031759e-16,0.0,0.0,3.552713678800501e-15,5.070419690678375e-17,PASS,"[2.397538738632467e-16, 1.9999999999999962, 1.9999999999999984, 1.999999999999999, 2.0, 2.0000000000000013]"
HF,003,6,10,1.2434497875801753e-14,0.0,5.995204332975845e-15,3.3306690738754696e-16,0.0,0.0,5.329070518200751e-15,1.4552931614171597e-17,PASS,"[3.9941358515606406e-16, 1.999999999999994, 1.9999999999999987, 2.0, 2.000000000000001, 2.000000000000004]"
HF,004,6,10,7.0360384185619296e-15,0.0,6.661338147750939e-15,2.220446049250313e-16,0.0,0.0,1.7763568394002505e-15,7.056181136176697e-18,PASS,"[8.399384217816483e-17, 1.999999999999996, 1.9999999999999971, 2.0, 2.000000000000002, 2.0000000000000067]"
HF,005,6,10,5.329070518200751e-15,3.5166241835412705e-16,5.10702591327572e-15,1.942890293094024e-16,0.0,0.0,7.105427357601002e-15,3.248730771912017e-18,PASS,"[-3.5166241835412705e-16, 1.999999999999995, 1.9999999999999967, 1.999999999999998, 1.9999999999999996, 2.000000000000001]"
HF,006,6,10,1.021405182655144e-14,1.7578347871709162e-16,4.884981308350689e-15,2.7755575615628914e-16,0.0,0.0,1.4210854715202004e-14,1.944431452648904e-18,PASS,"[-1.7578347871709162e-16, 1.9999999999999951, 1.9999999999999967, 1.9999999999999982, 1.9999999999999993, 2.000000000000001]"
HF,007,6,10,1.1102230246251565e-14,6.661338147750939e-16,7.771561172376096e-15,2.7719423248825e-16,0.0,0.0,1.2434497875801753e-14,3.858511450727037e-17,PASS,"[-6.748335959078503e-16, 1.9999999999999922, 1.999999999999996, 1.9999999999999971, 1.9999999999999993, 2.000000000000001]"
HF,008,6,10,1.7319479184152442e-14,2.1167192312687033e-16,9.103828801926284e-15,1.6653345369377348e-16,0.0,0.0,1.2434497875801753e-14,4.6566229241004554e-17,PASS,"[2.1167192312687033e-16, 1.999999999999991, 1.9999999999999971, 1.9999999999999976, 1.9999999999999991, 2.000000000000002]"
HF,009,6,10,6.661338147750939e-15,3.5175555171071216e-16,8.43769498715119e-15,2.220446049250313e-16,0.0,0.0,8.881784197001252e-15,1.5309114803526015e-17,PASS,"[3.5175555171071216e-16, 1.9999999999999993, 1.9999999999999996, 1.9999999999999996, 2.0000000000000018, 2.0000000000000084]"
HF,010,6,10,1.554312234475219e-14,2.430405152729873e-16,9.103828801926284e-15,2.7755575615628914e-16,0.0,0.0,1.0658141036401503e-14,9.05863408864529e-19,PASS,"[-2.430405152729873e-16, 1.999999999999991, 1.9999999999999933, 1.9999999999999991, 2.0000000000000004, 2.0000000000000018]"
HF,011,6,10,4.440892098500626e-15,0.0,4.440892098500626e-15,1.1842056886762745e-16,0.0,0.0,7.105427357601002e-15,5.5698518182321265e-18,PASS,"[6.258438938083629e-17, 2.0, 2.0, 2.0000000000000004, 2.000000000000002, 2.0000000000000044]"
HF,012,6,10,5.329070518200751e-15,4.142962338039373e-16,3.1086244689504383e-15,2.7755575615628914e-16,0.0,0.0,0.0,2.0419980261621034e-17,PASS,"[-4.142962338039373e-16, 1.999999999999997, 1.9999999999999996, 2.0000000000000004, 2.0000000000000018, 2.0000000000000027]"
HF,013,6,10,4.884981308350689e-15,0.0,3.3306690738754696e-15,6.661338147750939e-16,0.0,0.0,7.105427357601002e-15,2.220446049250313e-16,PASS,"[3.1301593910085535e-17, 1.9999999999999967, 1.9999999999999973, 1.9999999999999984, 2.0, 2.0000000000000013]"
HF,014,6,10,4.489464355827977e-15,8.067471524136035e-18,4.6629367034256575e-15,3.0367081240469866e-16,0.0,0.0,1.7763568394002505e-15,1.3301376194681216e-17,PASS,"[-8.067471524136035e-18, 1.9999999999999953, 1.9999999999999996, 1.9999999999999996, 2.0000000000000004, 2.000000000000003]"
HF,015,6,10,1.0658141036401503e-14,0.0,6.217248937900877e-15,1.6653345369377348e-16,0.0,0.0,1.2434497875801753e-14,2.309937775024032e-17,PASS,"[-2.5991168849565395e-16, 1.9999999999999938, 1.9999999999999953, 1.9999999999999978, 2.0, 2.0000000000000004]"
HF,016,6,10,6.106226635438361e-15,4.1386668993635905e-16,6.661338147750939e-15,2.4615408209359002e-16,0.0,0.0,1.7763568394002505e-15,8.485842019988986e-18,PASS,"[-4.1386668993635905e-16, 1.999999999999995, 1.9999999999999976, 1.9999999999999996, 2.0000000000000018, 2.0000000000000067]"
HF,017,6,10,4.440892098500626e-15,9.504286330536596e-17,3.552713678800501e-15,2.498001805406602e-16,0.0,0.0,3.552713678800501e-15,1.3075830829958075e-18,PASS,"[-9.504286330536596e-17, 1.9999999999999964, 1.9999999999999971, 2.000000000000001, 2.000000000000002, 2.000000000000002]"
HF,018,6,10,3.819861094100929e-15,3.081906359672159e-16,2.220446049250313e-15,4.440892098500626e-16,0.0,0.0,1.7763568394002505e-15,2.029221582921585e-17,PASS,"[-3.081906359672159e-16, 1.9999999999999978, 1.9999999999999982, 2.0000000000000004, 2.0000000000000013, 2.0000000000000018]"
HF,019,6,10,2.9976021664879227e-15,1.1696177652169176e-16,2.6645352591003757e-15,2.7755575615628914e-16,0.0,0.0,0.0,3.8500875929832444e-17,PASS,"[1.1696177652169176e-16, 1.9999999999999976, 1.9999999999999998, 2.0000000000000004, 2.000000000000001, 2.0000000000000027]"
HF,020,6,10,5.329070518200751e-15,2.558430545521134e-16,3.552713678800501e-15,1.3877787807814457e-16,0.0,0.0,3.552713678800501e-15,4.132529629224654e-17,PASS,"[2.558430545521134e-16, 1.9999999999999964, 1.9999999999999991, 1.9999999999999993, 2.0000000000000013, 2.000000000000003]"
HF,021,6,10,1.021405182655144e-14,9.715318256612339e-17,5.995204332975845e-15,2.220446049250313e-16,0.0,0.0,1.0658141036401503e-14,5.582283801636978e-18,PASS,"[-9.715318256612339e-17, 1.999999999999994, 1.999999999999995, 1.9999999999999987, 1.9999999999999996, 2.0000000000000004]"
HF,022,6,10,3.1086244689504383e-15,2.0434646930112697e-16,1.7763568394002505e-15,3.5189208304220807e-16,0.0,0.0,3.552713678800501e-15,2.3283459970590303e-18,PASS,"[-2.0434646930112697e-16, 1.9999999999999982, 1.9999999999999993, 1.9999999999999996, 2.000000000000001, 2.0000000000000013]"
HF,023,6,10,6.217248937900877e-15,1.4210188324658697e-16,7.105427357601002e-15,3.885780586188048e-16,0.0,0.0,7.105427357601002e-15,4.1153268321581467e-17,PASS,"[1.4210188324658697e-16, 1.999999999999999, 1.999999999999999, 2.000000000000001, 2.0000000000000036, 2.000000000000007]"
HF,024,6,10,4.107825191113079e-15,2.1798175313540756e-16,4.6629367034256575e-15,2.220446049250313e-16,0.0,0.0,3.552713678800501e-15,4.331781272138088e-18,PASS,"[-2.1798175313540756e-16, 1.9999999999999953, 1.9999999999999987, 1.9999999999999991, 2.000000000000001, 2.0000000000000013]"
HF,025,6,10,3.1086244689504383e-15,0.0,2.886579864025407e-15,2.220446049250313e-16,0.0,0.0,0.0,4.2714020932960375e-17,PASS,"[9.813516148839787e-17, 1.9999999999999971, 2.0, 2.0000000000000004, 2.0000000000000004, 2.000000000000002]"
HF,026,6,10,1.3766765505351941e-14,4.029644210605837e-16,6.439293542825908e-15,1.1102230246251565e-16,0.0,0.0,8.881784197001252e-15,3.877120832624038e-17,PASS,"[4.029644210605837e-16, 1.9999999999999936, 1.9999999999999947, 1.9999999999999996, 2.0000000000000013, 2.0000000000000013]"
HF,027,6,10,1.2878587085651816e-14,9.78340093539333e-17,6.8833827526759706e-15,3.5189208304220807e-16,0.0,0.0,8.881784197001252e-15,2.220446049250313e-16,PASS,"[-9.78340093539333e-17, 1.9999999999999931, 1.9999999999999967, 1.9999999999999991, 2.0000000000000004, 2.0000000000000018]"
HF,028,6,10,3.858025010572419e-15,2.443127331596113e-16,4.884981308350689e-15,1.6653345369377348e-16,0.0,0.0,5.329070518200751e-15,2.220446049250313e-16,PASS,"[-2.443127331596113e-16, 1.9999999999999951, 1.9999999999999976, 1.9999999999999993, 2.0000000000000004, 2.0000000000000018]"
HF,029,6,10,9.769962616701378e-15,0.0,4.884981308350689e-15,3.5189208304220797e-16,0.0,0.0,5.329070518200751e-15,1.3333301239111115e-17,PASS,"[2.5808241902124263e-16, 1.9999999999999951, 1.9999999999999978, 1.9999999999999991, 2.0, 2.0000000000000036]"
HF,030,6,10,7.105427357601002e-15,1.90340136637142e-17,4.440892098500626e-15,3.518920830422079e-16,0.0,0.0,3.552713678800501e-15,2.220446049250313e-16,PASS,"[-1.90340136637142e-17, 1.9999999999999976, 1.9999999999999984, 2.0000000000000004, 2.0000000000000004, 2.0000000000000044]"
H2S,001,11,18,7.549516567451064e-15,1.886443619327275e-18,6.8833827526759706e-15,2.220446049250313e-16,0.0,0.0,3.552713678800501e-15,0.0,PASS,"[-8.900648633194526e-16, 1.886443619327275e-18, 1.9999999999999931, 1.9999999999999964, 1.9999999999999971, 1.9999999999999982, 1.999999999999999, 1.9999999999999996, 2.000000000000001, 2.0000000000000018, 2.000000000000005]"
H2S,002,11,18,1.3766765505351941e-14,2.1247500160882637e-16,8.215650382226158e-15,1.6653345369377368e-16,0.0,0.0,3.552713678800501e-15,0.0,PASS,"[2.1247500160882637e-16, 4.536588131662676e-16, 1.9999999999999918, 1.9999999999999938, 1.9999999999999956, 1.9999999999999984, 2.0000000000000013, 2.000000000000004, 2.000000000000005, 2.0000000000000053, 2.0000000000000067]"
H2S,003,11,18,1.509903313490213e-14,1.84275347199237e-18,7.993605777301127e-15,2.220446049250313e-16,0.0,0.0,1.7763568394002505e-14,0.0,PASS,"[-1.84275347199237e-18, 2.2388735839702365e-16, 1.9999999999999947, 1.9999999999999971, 1.999999999999998, 1.999999999999999, 2.000000000000003, 2.0000000000000044, 2.000000000000005, 2.000000000000006, 2.000000000000008]"
H2S,004,11,18,9.325873406851315e-15,6.236367850799288e-17,6.661338147750939e-15,1.4268100589909238e-16,0.0,0.0,3.552713678800501e-15,0.0,PASS,"[-5.064528883580555e-16, 6.236367850799288e-17, 1.9999999999999933, 1.9999999999999953, 1.9999999999999987, 1.9999999999999996, 1.9999999999999998, 2.000000000000001, 2.0000000000000018, 2.000000000000004, 2.0000000000000058]"
H2S,005,11,18,1.1102230246251565e-14,0.0,9.325873406851315e-15,1.5959455978986625e-16,0.0,0.0,2.1316282072803006e-14,0.0,PASS,"[-5.70213095962383e-17, 5.70213095962383e-17, 1.9999999999999938, 2.0, 2.0, 2.0000000000000013, 2.000000000000003, 2.0000000000000058, 2.000000000000006, 2.000000000000006, 2.0000000000000093]"
H2S,006,11,18,1.9984014443252818e-14,1.5993780071927743e-16,9.325873406851315e-15,1.942890293094024e-16,0.0,0.0,1.0658141036401503e-14,0.0,PASS,"[1.5993780071927743e-16, 2.8415140913078517e-16, 1.999999999999995, 1.999999999999996, 1.9999999999999964, 1.999999999999998, 1.9999999999999996, 2.000000000000001, 2.000000000000003, 2.0000000000000075, 2.0000000000000093]"
H2S,007,11,18,9.325873406851315e-15,0.0,7.105427357601002e-15,3.8857805861880464e-16,0.0,0.0,3.552713678800501e-15,0.0,PASS,"[-2.254237063330386e-16, 2.254237063330386e-16, 1.999999999999993, 1.999999999999995, 1.999999999999996, 1.999999999999997, 1.9999999999999996, 2.0, 2.0000000000000018, 2.000000000000004, 2.0000000000000053]"
H2S,008,11,18,8.881784197001252e-15,3.881247975864522e-17,6.217248937900877e-15,3.3306690738754696e-16,0.0,0.0,0.0,0.0,PASS,"[-3.881247975864522e-17, 3.881247975864522e-17, 1.999999999999994, 1.9999999999999958, 1.9999999999999978, 1.9999999999999991, 1.9999999999999996, 2.0000000000000018, 2.000000000000002, 2.0000000000000053, 2.000000000000006]"
H2S,009,11,18,9.325873406851315e-15,2.04863340297567e-17,8.659739592076221e-15,2.775557561562892e-16,0.0,0.0,7.105427357601002e-15,0.0,PASS,"[-2.04863340297567e-17, 4.645755438798193e-16, 1.9999999999999913, 1.9999999999999925, 1.9999999999999962, 1.999999999999998, 1.9999999999999991, 1.9999999999999998, 2.000000000000001, 2.000000000000002, 2.0000000000000044]"
H2S,010,11,18,1.021405182655144e-14,4.163653445406536e-17,7.105427357601002e-15,3.0140820395097023e-16,0.0,0.0,3.552713678800501e-15,0.0,PASS,"[-4.163653445406536e-17, 2.6368113937909667e-16, 1.999999999999993, 1.9999999999999933, 1.9999999999999953, 1.9999999999999987, 1.9999999999999991, 2.0000000000000004, 2.000000000000002, 2.000000000000003, 2.0000000000000053]"
H2S,011,11,18,1.3766765505351941e-14,9.331736508328005e-17,1.1102230246251565e-14,2.220446049250313e-16,0.0,0.0,2.4868995751603507e-14,0.0,PASS,"[-9.331736508328005e-17, 9.331736508328005e-17, 1.9999999999999944, 1.9999999999999978, 1.9999999999999993, 2.000000000000001, 2.0000000000000053, 2.0000000000000058, 2.0000000000000067, 2.0000000000000098, 2.000000000000011]"
H2S,012,11,18,1.3322676295501878e-14,0.0,7.993605777301127e-15,3.3306690738754696e-16,0.0,0.0,1.0658141036401503e-14,0.0,PASS,"[-8.895781925405928e-17, 8.895781925405928e-17, 1.9999999999999944, 1.9999999999999984, 1.9999999999999984, 1.9999999999999998, 2.0, 2.000000000000002, 2.0000000000000027, 2.0000000000000053, 2.000000000000008]"
H2S,013,11,18,5.329070518200751e-15,4.440892098500626e-16,7.105427357601002e-15,3.3306690738754696e-16,0.0,0.0,1.0658141036401503e-14,0.0,PASS,"[-4.580426710117028e-16, 4.580426710117028e-16, 1.999999999999995, 1.9999999999999987, 1.9999999999999996, 2.0000000000000004, 2.000000000000001, 2.0000000000000018, 2.000000000000003, 2.0000000000000044, 2.000000000000007]"
H2S,014,11,18,7.825771281000371e-15,1.0455361273603434e-16,6.217248937900877e-15,2.7755575615628933e-16,0.0,0.0,3.552713678800501e-15,0.0,PASS,"[-1.0455361273603434e-16, 1.0455361273603434e-16, 1.9999999999999953, 1.9999999999999958, 1.999999999999997, 1.9999999999999991, 2.0000000000000004, 2.0000000000000018, 2.000000000000003, 2.0000000000000044, 2.000000000000006]"
H2S,015,11,18,7.993605777301127e-15,4.5618618669524784e-17,6.661338147750939e-15,5.165139149720943e-16,0.0,0.0,1.0658141036401503e-14,0.0,PASS,"[-4.897078285195874e-16, 4.5618618669524784e-17, 1.9999999999999933, 1.999999999999996, 1.9999999999999978, 1.9999999999999996, 2.0000000000000013, 2.000000000000003, 2.0000000000000044, 2.0000000000000053, 2.0000000000000067]"
H2S,016,11,18,9.325873406851315e-15,0.0,9.325873406851315e-15,2.3592239273284576e-16,0.0,0.0,7.105427357601002e-15,0.0,PASS,"[-3.2437603469650436e-17, 3.2437603469650436e-17, 1.999999999999996, 1.9999999999999971, 1.9999999999999998, 2.0, 2.0000000000000013, 2.0000000000000027, 2.0000000000000027, 2.000000000000005, 2.0000000000000093]"
H2S,017,11,18,1.509903313490213e-14,2.220446049250313e-16,7.549516567451064e-15,3.3306690738754696e-16,0.0,0.0,7.105427357601002e-15,0.0,PASS,"[-2.446308506877409e-16, 2.446308506877409e-16, 1.9999999999999938, 1.999999999999994, 1.999999999999997, 1.9999999999999976, 1.999999999999999, 1.9999999999999998, 2.000000000000001, 2.000000000000003, 2.0000000000000075]"
H2S,018,11,18,1.3766765505351941e-14,4.5340659627632957e-17,9.325873406851315e-15,2.220446049250313e-16,0.0,0.0,2.842170943040401e-14,0.0,PASS,"[-4.5340659627632957e-17, 4.5340659627632957e-17, 1.999999999999996, 1.9999999999999967, 1.9999999999999998, 2.0000000000000013, 2.000000000000002, 2.0000000000000044, 2.000000000000006, 2.000000000000009, 2.0000000000000093]"
H2S,019,11,18,7.105427357601002e-15,7.316370480857902e-18,5.329070518200751e-15,2.2204460492503091e-16,0.0,0.0,1.0658141036401503e-14,0.0,PASS,"[-7.316370480857902e-18, 4.514055803309205e-16, 1.999999999999997, 1.9999999999999971, 1.999999999999999, 2.0000000000000004, 2.000000000000001, 2.0000000000000013, 2.0000000000000027, 2.0000000000000036, 2.0000000000000053]"
H2S,020,11,18,1.3322676295501878e-14,2.555731158153721e-16,9.769962616701378e-15,2.8731357570865868e-16,0.0,0.0,1.0658141036401503e-14,0.0,PASS,"[-4.776177207404034e-16, 2.555731158153721e-16, 1.9999999999999902, 1.9999999999999958, 1.9999999999999967, 1.9999999999999978, 1.999999999999998, 1.9999999999999996, 2.000000000000001, 2.0000000000000036, 2.0000000000000058]"
H2S,021,11,18,4.440892098500626e-15,0.0,5.10702591327572e-15,2.220446049250313e-16,0.0,0.0,3.552713678800501e-15,0.0,PASS,"[-2.252712504200677e-16, 4.473158553450989e-16, 1.999999999999995, 1.9999999999999962, 1.999999999999998, 1.9999999999999991, 2.0, 2.000000000000001, 2.0000000000000013, 2.000000000000002, 2.000000000000004]"
H2S,022,11,18,7.549516567451064e-15,0.0,6.439293542825908e-15,1.6653345369377348e-16,0.0,0.0,0.0,0.0,PASS,"[-4.739114769323668e-16, 2.982226708230418e-17, 1.9999999999999936, 1.999999999999996, 1.9999999999999978, 1.9999999999999987, 1.9999999999999998, 2.0, 2.0000000000000018, 2.000000000000003, 2.000000000000006]"
H2S,023,11,18,1.1546319456101628e-14,8.688945820132945e-19,6.661338147750939e-15,6.66133814775094e-16,0.0,0.0,1.4210854715202004e-14,0.0,PASS,"[-8.688945820132945e-19, 4.449581044320759e-16, 1.9999999999999947, 1.9999999999999976, 2.0000000000000004, 2.000000000000002, 2.000000000000003, 2.0000000000000036, 2.000000000000005, 2.0000000000000053, 2.0000000000000067]"
H2S,024,11,18,8.881784197001252e-15,2.117430945155058e-16,9.325873406851315e-15,2.7755575615628914e-16,0.0,0.0,1.0658141036401503e-14,0.0,PASS,"[-4.543907202595881e-16, -2.117430945155058e-16, 1.9999999999999922, 1.999999999999996, 1.9999999999999991, 2.0000000000000013, 2.0000000000000018, 2.000000000000002, 2.0000000000000044, 2.000000000000005, 2.0000000000000093]"
H2S,025,11,18,7.993605777301127e-15,2.8318504331849704e-17,6.217248937900877e-15,2.7755575615628914e-16,0.0,0.0,3.552713678800501e-15,0.0,PASS,"[-2.8318504331849704e-17, 2.8318504331849704e-17, 1.9999999999999951, 1.9999999999999962, 1.9999999999999967, 1.999999999999998, 2.0000000000000004, 2.0000000000000004, 2.000000000000002, 2.000000000000004, 2.000000000000006]"
H2S,026,11,18,1.1102230246251565e-14,0.0,6.8833827526759706e-15,2.2941717969793274e-16,0.0,0.0,1.0658141036401503e-14,0.0,PASS,"[-9.610121266421448e-17, 9.610121266421448e-17, 1.9999999999999931, 1.9999999999999938, 1.9999999999999958, 1.9999999999999978, 1.9999999999999984, 2.0, 2.000000000000001, 2.0000000000000018, 2.000000000000005]"
H2S,027,11,18,1.865174681370263e-14,2.3707113156176563e-19,1.199040866595169e-14,4.0028744208164824e-16,0.0,0.0,3.907985046680551e-14,0.0,PASS,"[-4.443262809816243e-16, 2.3707113156176563e-19, 1.999999999999988, 1.9999999999999893, 1.999999999999993, 1.999999999999995, 1.9999999999999982, 1.999999999999999, 1.9999999999999998, 2.0000000000000013, 2.000000000000002]"
H2S,028,11,18,8.881784197001252e-15,0.0,6.217248937900877e-15,2.0122792321330962e-16,0.0,0.0,0.0,0.0,PASS,"[-3.73101135298073e-17, 3.73101135298073e-17, 1.9999999999999938, 1.9999999999999951, 1.9999999999999971, 2.0, 2.0000000000000013, 2.0000000000000018, 2.0000000000000027, 2.000000000000004, 2.0000000000000053]"
H2S,029,11,18,7.549516567451064e-15,1.8991257213366715e-17,7.771561172376096e-15,3.456436525883788e-16,0.0,0.0,3.552713678800501e-15,0.0,PASS,"[-1.8991257213366715e-17, 2.41035862138398e-16, 1.9999999999999922, 1.9999999999999927, 1.9999999999999973, 1.999999999999998, 1.9999999999999998, 2.000000000000001, 2.0000000000000018, 2.000000000000003, 2.0000000000000053]"
H2S,030,11,18,1.5987211554602254e-14,0.0,7.993605777301127e-15,3.3306690738754716e-16,0.0,0.0,2.1316282072803006e-14,0.0,PASS,"[-4.470063837155096e-17, 4.470063837155096e-17, 1.999999999999992, 1.999999999999995, 1.9999999999999962, 1.9999999999999973, 1.999999999999998, 1.9999999999999998, 2.0, 2.000000000000001, 2.0000000000000044]"
H2O2,001,12,18,1.4210854715202004e-14,4.2264876979001095e-16,1.887379141862766e-14,1.6653345369377348e-16,0.0,0.0,7.105427357601002e-15,0.0,PASS,"[-4.722081435132762e-16, -4.2264876979001095e-16, 4.507677034532247e-16, 1.9999999999999811, 1.9999999999999918, 1.9999999999999958, 1.9999999999999967, 1.9999999999999982, 1.9999999999999991, 2.000000000000002, 2.000000000000006, 2.0000000000000147]"
H2O2,002,12,18,3.5083047578154947e-14,1.7636247319945806e-32,5.3290705182007514e-14,2.220446049250313e-16,0.0,0.0,1.4210854715202004e-14,0.0,PASS,"[-1.521991815520345e-16, -1.7636247319945806e-32, 1.5219918155203452e-16, 1.9999999999999483, 1.9999999999999871, 1.9999999999999951, 1.999999999999998, 2.0000000000000044, 2.0000000000000053, 2.0000000000000084, 2.000000000000015, 2.0000000000000533]"
H2O2,003,12,18,1.2323475573339238e-14,5.049220717408473e-34,1.3322676295501878e-14,2.7755575615628914e-16,0.0,0.0,1.4210854715202004e-14,0.0,PASS,"[-8.291116196914167e-17, -5.049220717408473e-34, 8.291116196914167e-17, 1.9999999999999867, 1.9999999999999902, 1.9999999999999996, 1.9999999999999998, 2.000000000000003, 2.0000000000000044, 2.0000000000000053, 2.0000000000000075, 2.0000000000000124]"
H2O2,004,12,18,1.2878587085651816e-14,1.0477547435198943e-17,1.3322676295501878e-14,4.440892098500626e-16,0.0,0.0,1.4210854715202004e-14,0.0,PASS,"[-1.0477547435198943e-17, 4.440935633170582e-16, 6.766070087432974e-16, 1.99999999999999, 1.9999999999999942, 1.9999999999999964, 1.9999999999999996, 2.000000000000002, 2.000000000000003, 2.000000000000006, 2.000000000000009, 2.0000000000000133]"
H2O2,005,12,18,1.3766765505351941e-14,4.619272640827427e-33,2.042810365310288e-14,2.654126918244515e-16,0.0,0.0,1.4210854715202004e-14,0.0,PASS,"[-1.7155728190362065e-16, 4.619272640827427e-33, 1.7155728190362065e-16, 1.9999999999999796, 1.999999999999993, 1.9999999999999953, 1.9999999999999976, 1.9999999999999998, 2.0000000000000018, 2.0000000000000027, 2.000000000000007, 2.00000000000001]"
H2O2,006,12,18,7.075937058509396e-15,0.0,8.215650382226158e-15,2.7755575615628914e-16,0.0,0.0,1.0658141036401503e-14,0.0,PASS,"[-4.572037804883401e-16, -4.440892098500626e-16, 1.3114570638277599e-17, 1.9999999999999918, 1.9999999999999931, 1.9999999999999971, 1.9999999999999984, 1.999999999999999, 2.0, 2.0000000000000027, 2.0000000000000044, 2.000000000000006]"
H2O2,007,12,18,2.4980018054066022e-14,2.220446049250313e-16,3.68594044175552e-14,2.220446049250313e-16,0.0,0.0,7.105427357601002e-15,0.0,PASS,"[-2.945027813749513e-16, 4.437853113159768e-16, 5.168512848340685e-16, 1.9999999999999676, 1.9999999999999916, 1.9999999999999947, 1.9999999999999964, 1.9999999999999987, 1.9999999999999996, 1.9999999999999998, 2.0000000000000058, 2.000000000000037]"
H2O2,008,12,18,2.353672812205332e-14,4.1452635225308803e-16,3.108624468950438e-14,2.220446049250313e-16,0.0,0.0,2.842170943040401e-14,0.0,PASS,"[4.1452635225308803e-16, 4.440892098500626e-16, 4.736520674470372e-16, 1.9999999999999756, 1.999999999999994, 1.999999999999998, 2.000000000000004, 2.000000000000004, 2.000000000000006, 2.0000000000000075, 2.000000000000011, 2.000000000000031]"
H2O2,009,12,18,1.2302658891627516e-14,2.809275835886549e-17,1.2656542480726785e-14,3.608224830031759e-16,0.0,0.0,1.7763568394002505e-14,0.0,PASS,"[-4.721827585517177e-16, 2.809275835886549e-17, 4.440900001928521e-16, 1.9999999999999873, 1.9999999999999978, 1.9999999999999987, 2.000000000000002, 2.000000000000004, 2.0000000000000044, 2.0000000000000067, 2.0000000000000084, 2.0000000000000107]"
H2O2,010,12,18,1.199040866595169e-14,5.3400827586904284e-17,1.9095836023552692e-14,2.1163626406917047e-16,0.0,0.0,7.105427357601002e-15,0.0,PASS,"[-9.252267224211359e-17, 5.3400827586904284e-17, 4.832110545052719e-16, 1.999999999999985, 1.9999999999999947, 1.9999999999999962, 1.9999999999999987, 1.999999999999999, 2.000000000000001, 2.0000000000000027, 2.0000000000000053, 2.000000000000019]"
H2O2,011,12,18,1.794120407794253e-13,2.9529785564706656e-17,2.8133051444001467e-13,2.220446049250313e-16,0.0,0.0,1.0658141036401503e-14,0.0,PASS,"[-2.4316540051329617e-16, -2.9529785564706656e-17, 5.0650581152971515e-17, 1.9999999999997187, 1.9999999999999887, 1.9999999999999933, 1.999999999999997, 1.9999999999999996, 2.0000000000000018, 2.0000000000000067, 2.000000000000009, 2.0000000000002753]"
H2O2,012,12,18,1.524474990688418e-14,9.7179526481741e-19,1.4210854715202004e-14,2.220446049250313e-16,0.0,0.0,1.4210854715202004e-14,0.0,PASS,"[-9.7179526481741e-19, 4.138829270531836e-16, 9.193564977618216e-16, 1.9999999999999858, 1.9999999999999862, 1.999999999999989, 1.9999999999999971, 2.000000000000001, 2.0000000000000044, 2.000000000000005, 2.000000000000008, 2.000000000000012]"
H2O2,013,12,18,9.769962616701378e-15,3.4823318137198823e-16,1.3766765505351941e-14,2.706168622523819e-16,0.0,0.0,7.105427357601002e-15,0.0,PASS,"[-4.442774999117983e-16, 3.4823318137198823e-16, 5.401335283898728e-16, 1.999999999999992, 1.9999999999999956, 1.9999999999999958, 1.999999999999998, 2.0000000000000004, 2.0000000000000013, 2.000000000000005, 2.000000000000008, 2.0000000000000138]"
H2O2,014,12,18,3.8191672047105385e-14,5.621662364246705e-17,6.039613253960852e-14,2.688821387764051e-16,0.0,0.0,2.1316282072803006e-14,0.0,PASS,"[-9.833535954656043e-17, 5.621662364246705e-17, 4.862079457541559e-16, 1.9999999999999396, 1.9999999999999891, 1.9999999999999918, 1.9999999999999933, 1.999999999999994, 2.000000000000001, 2.000000000000003, 2.000000000000007, 2.0000000000000595]"
H2O2,015,12,18,2.842170943040401e-14,0.0,4.6407322429331543e-14,2.498001805406602e-16,0.0,0.0,7.105427357601002e-15,0.0,PASS,"[-3.290470051377895e-16, -2.1495659379973028e-17, 1.284980595927312e-16, 1.9999999999999536, 1.9999999999999925, 1.9999999999999925, 1.9999999999999976, 2.0, 2.000000000000002, 2.0000000000000053, 2.0000000000000067, 2.000000000000038]"
H2O2,016,12,18,7.593925488436071e-14,9.178907206723803e-17,1.1546319456101628e-13,2.220446049250313e-16,0.0,0.0,3.552713678800501e-15,0.0,PASS,"[-9.509377918113681e-17, 9.178907206723803e-17, 4.473939169639614e-16, 1.9999999999998845, 1.999999999999992, 1.999999999999996, 1.9999999999999982, 2.000000000000001, 2.0000000000000027, 2.000000000000003, 2.0000000000000058, 2.000000000000114]"
H2O2,017,12,18,2.042810365310288e-14,1.413096449111855e-16,1.9539925233402755e-14,2.7755575615628914e-16,0.0,0.0,2.1316282072803006e-14,0.0,PASS,"[-5.857251300256713e-16, 1.413096449111855e-16, 4.444154851144859e-16, 1.9999999999999865, 1.9999999999999938, 1.9999999999999971, 2.000000000000002, 2.0000000000000036, 2.000000000000006, 2.000000000000008, 2.00000000000001, 2.0000000000000195]"
H2O2,018,12,18,1.3655743202889425e-14,0.0,2.2870594307278225e-14,3.608224830031759e-16,0.0,0.0,1.0658141036401503e-14,0.0,PASS,"[-7.689087808392449e-17, 2.220446049250313e-16, 2.989354830089558e-16, 1.9999999999999771, 1.9999999999999967, 1.9999999999999982, 2.0, 2.000000000000002, 2.0000000000000044, 2.0000000000000058, 2.000000000000008, 2.0000000000000204]"
H2O2,019,12,18,9.325873406851315e-15,1.6912890176173527e-17,8.881784197001252e-15,3.885780586188048e-16,0.0,0.0,2.4868995751603507e-14,0.0,PASS,"[-1.9100026970274582e-16, 1.6912890176173527e-17, 3.9613198445160355e-16, 1.9999999999999958, 1.9999999999999976, 1.9999999999999998, 2.000000000000001, 2.000000000000002, 2.0000000000000036, 2.0000000000000053, 2.000000000000008, 2.000000000000009]"
H2O2,020,12,18,2.353672812205332e-14,1.987499784590723e-16,4.085620730620576e-14,3.3306690738754696e-16,0.0,0.0,1.7763568394002505e-14,0.0,PASS,"[-5.1671439799467265e-16, -1.987499784590723e-16, 2.713751666036823e-16, 1.999999999999968, 1.9999999999999942, 1.9999999999999967, 2.0000000000000013, 2.0000000000000013, 2.0000000000000036, 2.000000000000008, 2.0000000000000093, 2.000000000000041]"
H2O2,021,12,18,1.2434497875801753e-14,6.87283598181731e-17,1.0880185641326534e-14,3.3306690738754696e-16,0.0,0.0,1.4210854715202004e-14,0.0,PASS,"[-5.146682673826219e-16, -2.201939072106451e-16, 6.87283598181731e-17, 1.9999999999999891, 1.9999999999999913, 1.9999999999999931, 1.999999999999996, 1.9999999999999987, 1.9999999999999991, 2.0000000000000027, 2.000000000000005, 2.0000000000000084]"
H2O2,022,12,18,1.3211653993039363e-14,3.9436027909252664e-32,1.554312234475219e-14,3.3306690738754696e-16,0.0,0.0,3.552713678800501e-15,0.0,PASS,"[-1.7397448433808518e-16, -3.9436027909252664e-32, 1.7397448433808523e-16, 1.9999999999999862, 1.9999999999999891, 1.9999999999999907, 1.999999999999999, 2.0000000000000018, 2.0000000000000036, 2.000000000000007, 2.000000000000009, 2.0000000000000155]"
H2O2,023,12,18,2.0872192862952943e-14,7.295363323731848e-33,3.108624468950438e-14,2.220446049250313e-16,0.0,0.0,3.552713678800501e-15,0.0,PASS,"[-5.058499551307508e-17, -7.295363323731848e-33, 4.946742053631376e-16, 1.999999999999972, 1.999999999999994, 1.9999999999999951, 1.9999999999999971, 1.999999999999999, 2.000000000000004, 2.000000000000004, 2.000000000000007, 2.000000000000031]"
H2O2,024,12,18,1.1546319456101628e-14,2.220446049250313e-16,9.769962616701378e-15,3.3306690738754696e-16,0.0,0.0,1.4210854715202004e-14,0.0,PASS,"[-2.4181639459028834e-16, 4.436935535472556e-16, 4.642566558181265e-16, 1.9999999999999925, 1.999999999999996, 1.9999999999999967, 1.9999999999999998, 2.000000000000001, 2.000000000000002, 2.0000000000000053, 2.0000000000000058, 2.0000000000000098]"
H2O2,025,12,18,1.1546319456101628e-14,1.3339472987999332e-32,1.687538997430238e-14,3.3306690738754696e-16,0.0,0.0,0.0,0.0,PASS,"[-1.1612387655691e-16, -1.3339472987999332e-32, 1.1612387655690998e-16, 1.9999999999999831, 1.999999999999993, 1.999999999999995, 1.9999999999999987, 2.0000000000000013, 2.0000000000000018, 2.000000000000003, 2.000000000000006, 2.000000000000016]"
H2O2,026,12,18,1.5987211554602254e-14,0.0,2.7977620220553945e-14,2.220446049250313e-16,0.0,0.0,1.4210854715202004e-14,0.0,PASS,"[-2.386658921795024e-16, 4.035052880986655e-18, 2.3463083929851577e-16, 1.9999999999999731, 1.9999999999999936, 1.9999999999999942, 2.0, 2.0000000000000036, 2.0000000000000058, 2.0000000000000067, 2.0000000000000075, 2.000000000000028]"
H2O2,027,12,18,1.3322676295501878e-14,5.540232746916561e-34,1.4210854715202004e-14,2.498001805406602e-16,0.0,0.0,3.552713678800501e-15,0.0,PASS,"[-7.526476057210564e-17, 5.540232746916561e-34, 7.526476057210563e-17, 1.9999999999999887, 1.9999999999999922, 1.9999999999999944, 1.9999999999999982, 2.0000000000000004, 2.000000000000002, 2.000000000000003, 2.000000000000006, 2.000000000000014]"
H2O2,028,12,18,2.708944180085382e-14,3.38686666639829e-17,2.6201263381153694e-14,2.7755575615628914e-16,0.0,0.0,3.197442310920451e-14,0.0,PASS,"[-4.486164615365424e-16, -3.38686666639829e-17, 4.824851282005253e-16, 1.9999999999999738, 1.9999999999999902, 1.9999999999999942, 1.999999999999996, 1.9999999999999984, 1.9999999999999996, 2.000000000000003, 2.000000000000005, 2.000000000000014]"
H2O2,029,12,18,2.5757174171303632e-14,1.1163804125486193e-16,3.2862601528904634e-14,2.7755575615628914e-16,0.0,0.0,1.4210854715202004e-14,0.0,PASS,"[-5.475219181898658e-16, -2.2901846025539757e-16, -1.1163804125486193e-16, 1.9999999999999671, 1.9999999999999831, 1.9999999999999942, 1.999999999999996, 2.0000000000000004, 2.0000000000000013, 2.000000000000004, 2.00000000000001, 2.0000000000000293]"
H2O2,030,12,18,1.021405182655144e-14,2.8361279654463244e-32,1.2656542480726785e-14,3.191891195797325e-16,0.0,0.0,7.105427357601002e-15,0.0,PASS,"[-4.535469159813786e-16, -2.8361279654463244e-32, 9.457706131316085e-18, 1.9999999999999873, 1.9999999999999938, 1.9999999999999956, 1.9999999999999982, 1.9999999999999991, 2.0000000000000013, 2.000000000000003, 2.0000000000000053, 2.0000000000000058]"
