epoch,train_mae_ha,train_mae_mha,test_mae_ha,test_mae_mha,learning_rate,best_epoch,phi0,phi1
1,0.05029265156364062,50.29265156364062,0.0474460345190234,47.4460345190234,0.02,1,-0.11883292727819499,0.051305525810220215
2,0.06927971528360635,69.27971528360635,0.06694710999012789,66.94710999012788,0.02,1,-0.15412400576292365,0.08708856621028396
3,0.038005363329946265,38.00536332994626,0.03530657701902167,35.306577019021674,0.02,3,-0.19206654516395355,0.12404666822715915
4,0.05919010329211197,59.19010329211197,0.057200715232176874,57.200715232176876,0.02,3,-0.22633706264294315,0.1585073750304844
5,0.04636644728026206,46.366447280262065,0.04576328069580661,45.76328069580661,0.02,3,-0.260040288885584,0.19587925755156638
6,0.019267184907969134,19.267184907969135,0.01907074412267741,19.07074412267741,0.02,6,-0.2920277461970591,0.23342510950652437
7,0.015986576208252428,15.986576208252428,0.01530872032634925,15.308720326349249,0.02,7,-0.3193330562201821,0.26696510171297827
8,0.03473961325398962,34.73961325398962,0.033808799864364615,33.808799864364616,0.02,7,-0.34131578973932564,0.293426972264924
9,0.03931808393967143,39.318083939671425,0.038270932109363325,38.27093210936332,0.02,7,-0.3596228746223507,0.31320822516674524
10,0.03326998299738034,33.26998299738034,0.032244049001807676,32.244049001807674,0.02,7,-0.37534342714854646,0.3283611183676809
11,0.020090374131013104,20.090374131013103,0.019115388855147727,19.115388855147728,0.02,7,-0.38893495265244954,0.33990631999695464
12,0.009150312838605092,9.150312838605092,0.00915226500996365,9.15226500996365,0.02,12,-0.4002553069379559,0.3486745558672931
13,0.01310628791592457,13.10628791592457,0.01391290241527216,13.91290241527216,0.02,12,-0.4095401652148603,0.3556161205128644
14,0.01931998862739211,19.31998862739211,0.019960667393941624,19.960667393941623,0.02,12,-0.4169726892889862,0.3619155316827736
15,0.0209114305131024,20.9114305131024,0.02173053457097219,21.73053457097219,0.02,12,-0.42305072686890066,0.368370178969408
16,0.01780842998128625,17.808429981286253,0.018593216406826724,18.593216406826723,0.02,12,-0.42799217066852185,0.37506223881352396
17,0.01270788251934133,12.70788251934133,0.013242773943780846,13.242773943780847,0.02,12,-0.43182284640737506,0.3812214200573832
18,0.009116239340762,9.116239340762,0.009899182799606785,9.899182799606784,0.02,18,-0.43465222883891297,0.38659471948208923
19,0.01080495272189142,10.80495272189142,0.011330225055850927,11.330225055850928,0.02,18,-0.43685286085715946,0.3910755446695102
20,0.012881571640648539,12.88157164064854,0.013163232638067459,13.16323263806746,0.02,18,-0.4388442607094415,0.39470025468589326
21,0.01274256259431822,12.74256259431822,0.012893911017368224,12.893911017368223,0.02,18,-0.44113860122164067,0.39756921263690753
22,0.01104124130254554,11.04124130254554,0.011206399501423369,11.206399501423368,0.02,18,-0.443178499154762,0.39972959986289325
23,0.009224624990260387,9.224624990260386,0.009574627058741377,9.574627058741378,0.02,18,-0.4448328962778688,0.4013036684824705
24,0.009214534292986206,9.214534292986206,0.009871366121126095,9.871366121126094,0.02,18,-0.445963876915697,0.40240714758409907
25,0.010136307519477777,10.136307519477777,0.010891307758691522,10.891307758691521,0.02,18,-0.44664275694271977,0.40327706083921605
26,0.010605627565347884,10.605627565347884,0.011492595141931712,11.492595141931712,0.02,18,-0.4468132688011477,0.40409552887260203
27,0.010221208264687285,10.221208264687284,0.011057104144365204,11.057104144365203,0.02,18,-0.44657476663093787,0.4050440112911187
28,0.00938337386601329,9.38337386601329,0.009930359345828624,9.930359345828624,0.02,18,-0.44605503997093476,0.406020896639581
29,0.008720742228428014,8.720742228428014,0.009137072794654174,9.137072794654173,0.02,29,-0.44528156270471475,0.4068289376292425
30,0.008643548477191688,8.643548477191688,0.00903923585860045,9.03923585860045,0.02,30,-0.4443242526033564,0.4073847016486799
31,0.008839828335515446,8.839828335515445,0.009213148688006042,9.213148688006042,0.02,30,-0.44332706798684207,0.40763623576128544
32,0.008660908339272983,8.660908339272984,0.0090768144745924,9.076814474592402,0.02,30,-0.44225977237053576,0.40762984204044594
33,0.008236406134224498,8.236406134224497,0.008781877044172333,8.781877044172333,0.02,33,-0.44115277638512124,0.4073792701299123
34,0.00810907062277485,8.10907062277485,0.008744338892366693,8.744338892366693,0.02,34,-0.44001505687054976,0.40707623337479604
35,0.008173156866849334,8.173156866849334,0.008866598667167073,8.866598667167073,0.02,34,-0.43883429692147613,0.4068192088788959
36,0.008226333846139945,8.226333846139946,0.008916769496908821,8.91676949690882,0.02,34,-0.4376243486139064,0.4065984015245105
37,0.00799855114014499,7.998551140144991,0.008695710681601304,8.695710681601303,0.02,37,-0.4364043132447618,0.40649611858454515
38,0.007903762183863945,7.903762183863945,0.008510828484960773,8.510828484960772,0.02,38,-0.4350796860773052,0.4063954929369491
39,0.00778366698149847,7.78366698149847,0.008339617586255354,8.339617586255354,0.02,39,-0.4337791539281153,0.40630629401616075
40,0.007723396582634555,7.723396582634555,0.008215334928410893,8.215334928410893,0.02,40,-0.4324976507461635,0.40615669599431636
41,0.007672506865660516,7.672506865660516,0.008135732242525862,8.135732242525862,0.02,41,-0.43117098876090054,0.405882557006406
42,0.007608493654070442,7.6084936540704415,0.008052068666775146,8.052068666775146,0.02,42,-0.4299021324268228,0.40554527123278716
43,0.007571722016472219,7.5717220164722185,0.00800985821386066,8.00985821386066,0.02,43,-0.4285429357552441,0.4051000330759118
44,0.007572117400664852,7.572117400664852,0.008182169839034298,8.182169839034298,0.02,43,-0.427063915968036,0.4045988443403918
45,0.007559886228836498,7.559886228836499,0.008167154555174508,8.167154555174509,0.02,45,-0.4257086735045015,0.4041815098340454
46,0.007501609920260708,7.501609920260708,0.00812052492673287,8.12052492673287,0.02,46,-0.4243016927848244,0.4038093507203956
47,0.007300269448243008,7.300269448243007,0.007945425688321645,7.945425688321645,0.02,47,-0.4229749563115446,0.40351935742578937
48,0.007198551136529715,7.198551136529715,0.00780417943802699,7.80417943802699,0.02,48,-0.42161524405226536,0.403293481755171
49,0.007092837632055443,7.092837632055443,0.007661545853768549,7.6615458537685495,0.02,49,-0.42027271099254054,0.4030596529320708
50,0.007000369291328954,7.000369291328954,0.007520186210990076,7.520186210990076,0.02,50,-0.41903449122849923,0.40281937647329324
51,0.006906475968484425,6.9064759684844255,0.0074438429865044805,7.443842986504481,0.02,51,-0.41779626289082017,0.40254481659469277
52,0.00685169510117379,6.8516951011737905,0.007367169760179981,7.367169760179982,0.02,52,-0.4166043596320326,0.4023023362947561
53,0.006819738586540282,6.819738586540282,0.007324494435164197,7.324494435164198,0.02,53,-0.4153667070137286,0.4019810079065165
54,0.006818446599886117,6.8184465998861175,0.0073504985957301965,7.350498595730197,0.02,54,-0.4142332592847122,0.4016139296867059
55,0.0068199733418730125,6.819973341873013,0.0073845767976518616,7.384576797651862,0.02,54,-0.4130516539775171,0.40124523647711596
56,0.006914898361556049,6.914898361556049,0.007442162034026726,7.442162034026726,0.02,54,-0.4118610401064795,0.4009378745291931
57,0.00691514739117563,6.91514739117563,0.007450027913047103,7.450027913047103,0.02,54,-0.41067042409367865,0.4006846588017646
58,0.006698439148134226,6.698439148134226,0.007276867988842675,7.276867988842675,0.02,58,-0.4095558136852927,0.40057558830345946
59,0.00646568125014487,6.46568125014487,0.007041888568672896,7.041888568672896,0.02,59,-0.40851997866533873,0.4004687234635382
60,0.0063424967516938525,6.342496751693853,0.006851228010608588,6.851228010608588,0.02,60,-0.4075936952743679,0.4003686671433241
61,0.006315881537922568,6.315881537922568,0.006791605129977674,6.791605129977674,0.02,61,-0.406649303895791,0.40015557538797664
62,0.006245128861849299,6.2451288618493,0.00671379265248684,6.71379265248684,0.02,62,-0.40569220941971657,0.399883975072595
63,0.006318939581459917,6.318939581459917,0.006885442668834257,6.885442668834258,0.02,62,-0.40459784718338815,0.3994910914796988
64,0.00644242462320163,6.44242462320163,0.006977128743444494,6.977128743444494,0.02,62,-0.40359272492519654,0.3992362967092661
65,0.006401199474962932,6.401199474962931,0.006939483030504146,6.939483030504146,0.02,62,-0.40265862865154384,0.39910927450822303
66,0.006278679131867458,6.278679131867458,0.00682278701732457,6.82278701732457,0.02,62,-0.4018252456263972,0.39905859703647617
67,0.006047717600535696,6.047717600535696,0.006623183841081474,6.623183841081474,0.02,67,-0.40102172248426,0.39912468569114384
68,0.005916737355086402,5.916737355086402,0.006451451039999765,6.451451039999765,0.02,68,-0.40025853900062214,0.3991303552407989
69,0.005945241906998688,5.945241906998689,0.006422630513601047,6.422630513601047,0.02,68,-0.3995661798599895,0.3991508234494562
70,0.005846498875626593,5.846498875626593,0.0063399912280336255,6.339991228033625,0.02,70,-0.39876326270279716,0.39902559532535326
71,0.005869757288767472,5.869757288767472,0.00638702622959453,6.38702622959453,0.02,70,-0.3979518702688659,0.39889929470855284
72,0.005984510168517272,5.984510168517272,0.0065146836981058625,6.514683698105863,0.02,70,-0.3970679705530608,0.39863330149096243
73,0.006000642990463643,6.000642990463643,0.0065494167397213325,6.549416739721333,0.02,70,-0.396319935831419,0.3985532717346108
74,0.00574145421242554,5.741454212425539,0.006312451908237617,6.312451908237617,0.02,74,-0.39575247926432766,0.3986375196629351
75,0.005532268254383954,5.532268254383954,0.006128535968087497,6.128535968087498,0.02,75,-0.3952293271291595,0.39876485890651764
76,0.005633172940162404,5.633172940162404,0.006149524088530841,6.149524088530841,0.02,75,-0.3947378855613499,0.398916257506006
77,0.005693526080265356,5.693526080265356,0.0061595394263898925,6.159539426389893,0.02,75,-0.39428136022370464,0.3990446860657021
78,0.005551752439494153,5.551752439494153,0.006047230812701665,6.047230812701665,0.02,75,-0.3936631657868221,0.39899914365839606
79,0.0057448772970550895,5.74487729705509,0.0062402668001192265,6.240266800119226,0.02,75,-0.39303581723179165,0.3989260736863494
80,0.005715610443442128,5.715610443442128,0.006267657844556637,6.267657844556637,0.02,75,-0.3925122304809669,0.3989077085270367
81,0.005590044747991659,5.590044747991659,0.006103471037189136,6.103471037189136,0.02,75,-0.3921072203515477,0.3990459463182604
82,0.005390097392169918,5.390097392169918,0.005904463394915419,5.904463394915419,0.02,82,-0.3917547693381066,0.3992158307344992
83,0.005313062697330913,5.313062697330913,0.005841678531151465,5.841678531151465,0.02,83,-0.3914210622922033,0.39932736242912453
84,0.005225242694699369,5.225242694699369,0.0058036096544315996,5.803609654431599,0.02,84,-0.39098016078955394,0.3994280581573322
85,0.005219601806355471,5.219601806355471,0.005783560048065089,5.783560048065089,0.02,85,-0.3906310086960975,0.39956501331417155
86,0.005284102986422502,5.284102986422503,0.005796793544498457,5.796793544498457,0.02,85,-0.3902819470544118,0.3997787456820926
87,0.005256068125077738,5.256068125077738,0.005749026165011478,5.749026165011478,0.02,85,-0.3900521875367765,0.40004700805416665
88,0.0052588045584626136,5.2588045584626135,0.005710885741132117,5.710885741132118,0.02,85,-0.38984744290946594,0.40028856582018746
89,0.005263688138790188,5.263688138790188,0.005692838353253889,5.692838353253889,0.02,85,-0.3896219105557334,0.40049601255991196
90,0.005206252218632881,5.206252218632881,0.005687966377291163,5.687966377291163,0.02,90,-0.3893711291253302,0.4005624265122971
91,0.005153220693689736,5.153220693689736,0.005640374798346933,5.640374798346933,0.02,91,-0.3891819254266867,0.4007356101700559
92,0.00508039399539364,5.0803939953936395,0.005615080646126778,5.615080646126778,0.02,92,-0.38896485614830534,0.40085067003966535
93,0.005081670191048434,5.081670191048434,0.005558654987235626,5.558654987235626,0.02,92,-0.38892120442490874,0.40108566989578914
94,0.005069091933579638,5.069091933579638,0.005589581397629064,5.589581397629064,0.02,94,-0.38886869239296845,0.4012735674176346
95,0.005078636293461772,5.078636293461773,0.005514378401023497,5.514378401023497,0.02,94,-0.3887537612927871,0.40145823996657637
96,0.005016218439632481,5.016218439632481,0.0055172786672782114,5.5172786672782115,0.02,96,-0.38861949426291664,0.40149458030699553
97,0.0049281938606417575,4.928193860641757,0.005505004766743058,5.505004766743058,0.02,97,-0.38850264755120023,0.4015478932522102
98,0.0049189163434118595,4.918916343411859,0.0054707340808988906,5.4707340808988905,0.02,98,-0.3884538973769012,0.4017095673984208
99,0.004876834171335294,4.876834171335294,0.005393235235674365,5.393235235674365,0.02,99,-0.38858222774387285,0.40202852000506356
100,0.005014384724886955,5.0143847248869555,0.005498811716176122,5.498811716176122,0.02,99,-0.3887817097339288,0.4024598105716863
101,0.004983551687382215,4.9835516873822145,0.005431716600519413,5.4317166005194135,0.02,99,-0.388791761404929,0.40275851495869264
102,0.0049076854921008715,4.907685492100872,0.005407705779011781,5.407705779011781,0.02,99,-0.3887583008394546,0.40287240345926384
103,0.004845134927180369,4.845134927180369,0.005399591774068711,5.3995917740687105,0.02,103,-0.38876369217360857,0.40302107278193455
104,0.004795545044580327,4.795545044580328,0.005369583854023043,5.369583854023043,0.02,104,-0.38884317712026784,0.4031274917499122
105,0.004762443698227037,4.762443698227036,0.005326538413743082,5.326538413743082,0.02,105,-0.3889698435350624,0.4033951168086354
106,0.00471762384049435,4.71762384049435,0.005281943065510915,5.281943065510915,0.02,106,-0.38914212633737694,0.4036414785977406
107,0.004694258320274944,4.694258320274944,0.005250867227350771,5.2508672273507715,0.02,107,-0.3893091206097397,0.4039136945261744
108,0.004863334507655509,4.863334507655509,0.005340747738987476,5.340747738987476,0.02,107,-0.38968073829335387,0.4043722009061225
109,0.00467272834049988,4.67272834049988,0.005242294623390592,5.242294623390593,0.02,109,-0.3897772837229368,0.4045422351570826
110,0.004711838421351731,4.711838421351731,0.005245938410894829,5.245938410894829,0.02,109,-0.3900206072381618,0.4048291256883228
111,0.00472503716596485,4.72503716596485,0.005239588997792869,5.239588997792869,0.02,109,-0.39030239413427464,0.4050591091648205
112,0.004655790025837444,4.655790025837444,0.005250698852643985,5.250698852643985,0.02,112,-0.3904398685964873,0.4052155776493026
113,0.004650669448513989,4.650669448513988,0.00523151637104195,5.23151637104195,0.02,113,-0.3907462740459187,0.4054665722962196
114,0.004577761845102742,4.577761845102742,0.005187672804287128,5.1876728042871285,0.02,114,-0.39096372325274276,0.4057034363633263
115,0.004594731287441748,4.594731287441748,0.005155323539802155,5.155323539802155,0.02,114,-0.391436513925151,0.406129475136217
116,0.004707194446693894,4.707194446693894,0.005166055642163993,5.166055642163993,0.02,114,-0.3919011284023611,0.4065451037762597
117,0.004788258341592992,4.788258341592992,0.005177555564724516,5.177555564724516,0.02,114,-0.39231377007310264,0.4069351737382027
118,0.004570836388904124,4.570836388904124,0.005120099123175857,5.120099123175857,0.02,118,-0.3924732011477148,0.40718097584261015
119,0.004543375842048379,4.543375842048379,0.005114746740592398,5.114746740592398,0.02,119,-0.39265443105146447,0.4073862879361401
120,0.004550126238558927,4.550126238558927,0.005101024536763103,5.101024536763103,0.02,119,-0.39310152896949074,0.40784424688645876
121,0.004539631981459069,4.539631981459069,0.0050818698359269355,5.081869835926936,0.02,121,-0.3937409784787817,0.4082889262360166
122,0.004625776452710941,4.625776452710941,0.005086654112030585,5.086654112030585,0.02,121,-0.3942841600427976,0.40870970762887365
123,0.004603279117414651,4.603279117414651,0.005062531697701054,5.062531697701054,0.02,121,-0.3947586589725933,0.40894092867919135
124,0.004350293646574033,4.350293646574033,0.004974341231712944,4.974341231712944,0.02,124,-0.3950517149083552,0.40900906548341665
125,0.0043645316063760965,4.364531606376096,0.004947980470613376,4.947980470613376,0.02,124,-0.39550975741663397,0.40921531488874713
126,0.004340143212669667,4.340143212669667,0.004938863607561624,4.938863607561625,0.02,126,-0.39607904734628263,0.40950683747078076
127,0.00433939995417344,4.33939995417344,0.004945397030315102,4.945397030315101,0.02,127,-0.39669728072342125,0.4099024638088902
128,0.0045054320876449306,4.50543208764493,0.004981625218650541,4.981625218650541,0.02,127,-0.3973829128797009,0.4103984492474822
129,0.0044597091815228845,4.459709181522885,0.00494811430515289,4.94811430515289,0.02,127,-0.39780155015190183,0.41065665791437345
130,0.004482327931167163,4.482327931167163,0.004930821897539269,4.930821897539269,0.02,127,-0.39832040623040693,0.4108956234153784
131,0.004463481076730935,4.463481076730935,0.0049198025480600965,4.919802548060097,0.02,127,-0.3989355428317246,0.4111531264814557
132,0.0044525695514906006,4.4525695514906,0.004913177364532441,4.913177364532441,0.02,127,-0.3995951886087576,0.411392792237315
133,0.0043458346520837635,4.345834652083764,0.004855828586453688,4.855828586453688,0.02,127,-0.4001037747227111,0.4113630514873867
134,0.00428979060412583,4.28979060412583,0.0048196959536545144,4.819695953654515,0.02,134,-0.40066738029812643,0.41150733401567274
135,0.004276818990951753,4.276818990951753,0.004816031076208639,4.816031076208639,0.02,135,-0.4013655960521767,0.4117984664305869
136,0.004313134779731823,4.313134779731823,0.00483625219546844,4.8362521954684405,0.02,135,-0.40207776837423503,0.4120255140815464
137,0.004361799376122847,4.361799376122847,0.004872662095928298,4.872662095928298,0.02,135,-0.402770379956762,0.41229727733113525
138,0.004267929666679304,4.267929666679304,0.004770737048627462,4.770737048627462,0.02,138,-0.40324652616279094,0.4125741953357433
139,0.004356510414970159,4.356510414970159,0.004773345903696265,4.773345903696265,0.02,138,-0.4038862736914903,0.41292112216859134
140,0.004303264510217025,4.3032645102170255,0.004723616954211782,4.723616954211782,0.02,138,-0.4044302752227393,0.4130165396735996
141,0.004274646562303151,4.274646562303151,0.004732241771614824,4.732241771614824,0.02,138,-0.4052736937822591,0.41327321413715906
142,0.004409624038847911,4.409624038847911,0.004887517383791918,4.887517383791917,0.02,138,-0.40621485259712853,0.41359218905557577
143,0.004373810622306717,4.373810622306717,0.004850186152247312,4.850186152247312,0.02,138,-0.4068726740003043,0.4137695366309869
144,0.004233290899445932,4.233290899445931,0.00469048727466348,4.69048727466348,0.02,144,-0.4073298756727728,0.4137440328769164
145,0.004202721692625577,4.202721692625577,0.004642087428247874,4.642087428247875,0.02,145,-0.4078760548740367,0.413835254425828
146,0.004163963761720944,4.163963761720944,0.00464532895431064,4.6453289543106395,0.02,146,-0.40876710941947375,0.41415471502940227
147,0.004243509597102905,4.243509597102904,0.004715597537558912,4.715597537558912,0.02,146,-0.40959039223528143,0.41451894855457866
148,0.004300548652909281,4.3005486529092805,0.0047635519007034255,4.763551900703425,0.02,146,-0.41041096234710633,0.4148127356993312
149,0.0043221812565724885,4.322181256572488,0.004777801427142151,4.777801427142151,0.02,146,-0.41112309510100364,0.4149082788465783
150,0.004224605955414098,4.224605955414098,0.004678228205985626,4.678228205985626,0.02,146,-0.41168599423648,0.414921835608819
151,0.004239576140055488,4.2395761400554886,0.004653769770838262,4.653769770838261,0.02,146,-0.412336096850505,0.4149903372610727
152,0.004158505836406591,4.158505836406591,0.004599960624727836,4.599960624727836,0.02,152,-0.4129725576239506,0.4148955469707886
153,0.004116660645890321,4.11666064589032,0.0045910387098059505,4.59103870980595,0.02,153,-0.4138914551409704,0.4150437061422416
154,0.004198723946698657,4.198723946698657,0.004665894430060089,4.6658944300600895,0.02,153,-0.41478010940170496,0.4152912004477933
155,0.004397422613944091,4.397422613944091,0.004866003094695873,4.866003094695873,0.02,153,-0.4157587698467148,0.41552045555463535
156,0.004277491725667317,4.277491725667317,0.004730860229332999,4.730860229332999,0.02,153,-0.41632674188703533,0.4154503290373226
157,0.004070750705202472,4.070750705202472,0.00454512592279621,4.54512592279621,0.02,157,-0.416725388361008,0.4150773788851343
158,0.004075618969535997,4.075618969535997,0.0045228323727536214,4.522832372753621,0.02,157,-0.41744656574112043,0.41495858811222575
159,0.004053449744744733,4.053449744744733,0.004533222276627066,4.533222276627066,0.02,159,-0.4182426146331716,0.41502712491514615
160,0.0040758585497309005,4.0758585497309,0.004559800740162623,4.559800740162623,0.02,159,-0.4191957925553287,0.4151925618851405
161,0.004124311845135847,4.124311845135847,0.004594412736335548,4.594412736335548,0.02,159,-0.4200301365642917,0.4154180110830161
162,0.004165654345361787,4.165654345361787,0.004613041574570911,4.613041574570911,0.02,159,-0.4207892998369816,0.4156285743493764
163,0.004026540208171436,4.026540208171436,0.004554938301889579,4.554938301889579,0.02,163,-0.42131471510190305,0.4155978489158298
164,0.004076982986485555,4.076982986485556,0.004592744171330378,4.592744171330378,0.02,163,-0.4221391186879565,0.41578872193540145
165,0.004144960523399025,4.144960523399025,0.004618441635703924,4.618441635703924,0.02,163,-0.4230103875261576,0.41587313103294454
166,0.004044356140082898,4.044356140082898,0.0045589688651473,4.558968865147301,0.02,163,-0.4237324004241671,0.4157785567096826
167,0.004046594978526991,4.046594978526991,0.0045496286371282165,4.549628637128216,0.02,163,-0.4245312276741038,0.41567351082366494
168,0.003994053501497395,3.994053501497395,0.004521085620670614,4.521085620670614,0.02,168,-0.42527417638314896,0.41546051443816756
169,0.0039555930203761915,3.9555930203761913,0.004492798240949649,4.492798240949649,0.02,169,-0.42596795101425544,0.41529935336587764
170,0.0039581120382230755,3.9581120382230757,0.00449974669227167,4.49974669227167,0.02,169,-0.42680586172625873,0.4153729497993156
171,0.004033176110474856,4.033176110474856,0.004556301614122205,4.556301614122205,0.02,169,-0.42760463507998114,0.41545086094176986
172,0.003989929557795846,3.9899295577958456,0.004554438791671048,4.554438791671048,0.02,169,-0.4282101787391292,0.41530253023022756
173,0.004029908107175974,4.029908107175975,0.00458498352756922,4.58498352756922,0.02,169,-0.42901541614825184,0.41532621892940697
174,0.004044909903690178,4.044909903690178,0.004561160101733452,4.561160101733452,0.02,169,-0.4298887829276736,0.4153504905085966
175,0.004096135394537738,4.096135394537738,0.0045643972889042135,4.564397288904213,0.02,169,-0.43064957585811403,0.41519809969911703
176,0.003913715833349666,3.913715833349666,0.004478668386846848,4.478668386846848,0.02,176,-0.4312945864707034,0.4148797691999794
177,0.003875922682381807,3.8759226823818067,0.00444339096891912,4.44339096891912,0.02,177,-0.43193316380346747,0.41462901936864277
178,0.0038513943032574866,3.8513943032574867,0.004427439644264255,4.427439644264255,0.02,178,-0.43252504039957934,0.4144753491737648
179,0.004002575292972484,4.002575292972485,0.004498590975629933,4.498590975629933,0.02,178,-0.4335856957835765,0.4145696480591779
180,0.004027701846673657,4.027701846673657,0.004507674966052636,4.507674966052636,0.02,178,-0.434298909551566,0.4145233360187991
181,0.004106599376033843,4.106599376033842,0.0045411093238548975,4.541109323854897,0.02,178,-0.43506432603592693,0.41444065729166757
182,0.004073903622524879,4.073903622524879,0.004574315147732389,4.5743151477323885,0.02,178,-0.4356142376775677,0.4141229653458332
183,0.003953138375975159,3.953138375975159,0.004536206156326421,4.53620615632642,0.02,178,-0.4359370618700305,0.41358319132728827
184,0.003940117102004426,3.9401171020044257,0.004536634185054692,4.536634185054693,0.02,178,-0.4367628165742347,0.41331812833535947
185,0.0038916427805498273,3.8916427805498275,0.004503337622756109,4.503337622756109,0.02,178,-0.43765425403994995,0.413183440085533
186,0.003813931527547106,3.8139315275471057,0.00443005490296935,4.430054902969349,0.02,186,-0.43836118704773525,0.4128755497012113
187,0.0038684472349999593,3.8684472349999592,0.004439748018425354,4.439748018425354,0.02,186,-0.4391216791200107,0.41268770177343483
188,0.0038325917259179926,3.8325917259179927,0.004423365408330765,4.423365408330765,0.02,186,-0.4397457577069514,0.4124656255638491
189,0.0038366342618040322,3.8366342618040323,0.004398111902649826,4.398111902649826,0.02,186,-0.44051841812847337,0.4123277280073892
190,0.004020444882829033,4.0204448828290325,0.004457838767152809,4.457838767152809,0.02,186,-0.44135245250701854,0.4122996635622311
191,0.003916843677130004,3.9168436771300037,0.004462746013678951,4.462746013678951,0.02,186,-0.4418379340761678,0.4121239991610701
192,0.0039609629913044475,3.9609629913044477,0.0045086118406788165,4.5086118406788165,0.02,186,-0.4424682995493629,0.4119914289439849
193,0.003828820448135628,3.828820448135628,0.004458910095166076,4.458910095166076,0.02,186,-0.4430141672928462,0.4116088808154976
194,0.003831242079934364,3.831242079934364,0.004450284370019671,4.450284370019671,0.02,186,-0.44364664105821605,0.4113638617703861
195,0.003920239622678716,3.9202396226787157,0.004463009226501244,4.463009226501244,0.02,186,-0.4445276183266465,0.41107677404414306
196,0.003803684937487306,3.803684937487306,0.0044144348239457875,4.414434823945787,0.02,196,-0.44508685002029996,0.41065422679995867
197,0.003882516085916547,3.8825160859165466,0.004383102838331282,4.383102838331282,0.02,196,-0.44593426693198746,0.41039719086300114
198,0.003925694109291526,3.925694109291526,0.004385122650968983,4.385122650968983,0.02,196,-0.446619825683234,0.41014403446693837
199,0.003946437540585139,3.946437540585139,0.004408520610879648,4.408520610879648,0.02,196,-0.44727727670722284,0.40981895327840867
200,0.003866424314461488,3.866424314461488,0.004431649947957818,4.431649947957818,0.02,196,-0.4476920964017654,0.4094415844131183
201,0.00378435227915558,3.78435227915558,0.004403772298887758,4.403772298887757,0.02,201,-0.44817909376496295,0.4089258293177233
202,0.0037832137407682207,3.783213740768221,0.004400392266208439,4.400392266208439,0.02,202,-0.448855188751754,0.40856562416091047
203,0.0038383575013174946,3.8383575013174944,0.004427160509811878,4.427160509811878,0.02,202,-0.4494641471979933,0.40819605522007946
204,0.0038801988314783762,3.8801988314783764,0.004442697860647212,4.442697860647212,0.02,202,-0.45014990183218595,0.40792784512552943
205,0.003934191853411358,3.9341918534113582,0.00445129297549598,4.45129297549598,0.02,202,-0.450799784883894,0.4074946748975055
206,0.004008901129720335,4.008901129720335,0.004447190822409199,4.447190822409199,0.02,202,-0.4515460438798732,0.40713420797780636
207,0.0037670654100293893,3.767065410029389,0.004356788631435741,4.356788631435741,0.02,207,-0.4519973010803112,0.40658607547282444
208,0.0037286258054704167,3.7286258054704167,0.0042938289039301065,4.293828903930106,0.02,208,-0.4526042508947093,0.4062271660924484
209,0.003749566733800019,3.749566733800019,0.0043000950614698425,4.300095061469842,0.02,208,-0.4533508473434797,0.40593104310397804
210,0.003754851445194918,3.7548514451949178,0.004289007118061541,4.289007118061541,0.02,208,-0.45402451013083894,0.40572819226348333
211,0.003999369659882962,3.999369659882962,0.004351938682240205,4.351938682240205,0.02,208,-0.454971075656807,0.40565449182199703
212,0.003910362059537524,3.910362059537524,0.0043777997734909336,4.377799773490934,0.02,208,-0.45521811949036267,0.405272524237275
213,0.0038936486019416666,3.8936486019416665,0.004406824482669968,4.406824482669968,0.02,208,-0.4554929456451064,0.4048291484709672
214,0.0038951648724323477,3.8951648724323475,0.004391000762600231,4.391000762600231,0.02,208,-0.4559152609441033,0.4043240212817036
215,0.00393680933102318,3.9368093310231798,0.004418434668451896,4.418434668451896,0.02,208,-0.4566191574475254,0.4039537854928194
216,0.003794192731779983,3.794192731779983,0.004335426166306207,4.335426166306207,0.02,208,-0.4573060286925856,0.4033415447230278
217,0.003948233621941725,3.9482336219417253,0.0043191566521703995,4.3191566521704,0.02,208,-0.4583139722723639,0.40290492179846565
218,0.0037324731156348546,3.7324731156348547,0.004249414377106645,4.249414377106645,0.02,208,-0.45856998952041983,0.402184273494428
219,0.003711757167427785,3.7117571674277854,0.004243613099893751,4.243613099893751,0.02,219,-0.4589909133946399,0.4016170556054413
220,0.0037182582696565253,3.718258269656525,0.004228625920457438,4.228625920457438,0.02,219,-0.45962401441915146,0.40124956428071823
221,0.0038693421116626843,3.8693421116626845,0.004278620424960499,4.2786204249605,0.02,219,-0.4605557448722921,0.40105669975232644
222,0.00389315885575731,3.89315885575731,0.0043468083699370235,4.3468083699370235,0.02,219,-0.46092507547343414,0.40067507112881445
223,0.0038298037961603673,3.8298037961603675,0.00432372028351759,4.3237202835175905,0.02,219,-0.46100471617340616,0.4001333213459025
224,0.0038791073565951277,3.8791073565951275,0.004337600288401796,4.337600288401796,0.02,219,-0.46146585801750495,0.39974759285745987
225,0.0038429603107930847,3.8429603107930848,0.004330511682524446,4.330511682524446,0.02,219,-0.46221137172442495,0.3994418176755096
226,0.003909769819523577,3.909769819523577,0.0043265478267763575,4.326547826776357,0.02,219,-0.4631106474503803,0.39915991269747
227,0.003978300693522519,3.9783006935225185,0.004312809097306159,4.312809097306158,0.02,219,-0.4638264086717665,0.3986237480661838
228,0.003987358163580631,3.9873581635806308,0.0042940308699679665,4.294030869967966,0.02,219,-0.4644275251465938,0.3981180967376491
229,0.0037820257615382696,3.7820257615382697,0.00427684554222091,4.27684554222091,0.02,219,-0.46444042518406703,0.39731999593968365
230,0.003715032328575294,3.7150323285752944,0.0042233669877979165,4.223366987797917,0.02,219,-0.4647348151360782,0.39662112340123495
231,0.00371614300275566,3.7161430027556603,0.004204769505942607,4.204769505942607,0.02,219,-0.46522209680046617,0.3959944832266544
232,0.0037896141533682298,3.78961415336823,0.004243565413083657,4.243565413083657,0.02,219,-0.4662731773731215,0.39573990244974605
233,0.0038190506574303563,3.819050657430356,0.004255032470214091,4.255032470214092,0.02,219,-0.4667727784973861,0.39529098823953635
234,0.0037402585020488302,3.7402585020488304,0.004222001755265409,4.222001755265409,0.02,219,-0.46713982786862746,0.3946730384337503
235,0.003843642076117543,3.843642076117543,0.004270181817993912,4.270181817993912,0.02,219,-0.4677446281589176,0.39421881209489984
236,0.003723509835992365,3.723509835992365,0.004225452500735057,4.225452500735057,0.02,219,-0.46789689854387945,0.39363770822958566
237,0.0037067001587934114,3.7067001587934114,0.00421278247848977,4.21278247848977,0.02,237,-0.4684120375215579,0.3932370838229129
238,0.003930751479733606,3.9307514797336056,0.004291158700105853,4.2911587001058535,0.02,237,-0.4694053460432457,0.39306035904308606
239,0.0038715322626893976,3.8715322626893975,0.004267318684862568,4.267318684862568,0.02,237,-0.4697976811539053,0.3924710014733893
240,0.003793812819698454,3.793812819698454,0.004253394070046495,4.253394070046495,0.02,237,-0.47006098996779283,0.3917675566432968
241,0.0037498653207634885,3.7498653207634884,0.004218803946415459,4.218803946415459,0.02,237,-0.47059859547235916,0.391109535461058
242,0.003710733431697862,3.7107334316978617,0.004177891520691946,4.177891520691945,0.02,237,-0.4712396246418043,0.3905683531148763
243,0.00364377889035792,3.64377889035792,0.004141492766522618,4.141492766522618,0.02,243,-0.47159104905402355,0.3899847629014392
244,0.003646379364795758,3.646379364795758,0.004142216286594778,4.1422162865947785,0.02,243,-0.47204065903760356,0.38952688693201365
245,0.0037537170100212457,3.7537170100212456,0.00418887960364546,4.188879603645461,0.02,243,-0.4725977867011117,0.3890980679979206
246,0.003745629132254839,3.7456291322548387,0.004179329324917628,4.179329324917628,0.02,243,-0.47311076349976117,0.38852155417210127
247,0.0037282264969691575,3.7282264969691576,0.004180604242837821,4.180604242837821,0.02,243,-0.4734706354511926,0.3878601771309214
248,0.003757148324677434,3.7571483246774338,0.0041941517522096185,4.194151752209619,0.02,243,-0.4739542926299413,0.38726339094763707
249,0.0037483615984890825,3.7483615984890823,0.004189479614652854,4.189479614652854,0.02,243,-0.4743392856035942,0.3866827509767062
250,0.003782937414364773,3.782937414364773,0.004199556011043914,4.1995560110439145,0.02,243,-0.4748563323343548,0.38611592552431845
251,0.0037327298983987956,3.7327298983987958,0.004179150489703663,4.179150489703662,0.02,243,-0.4752014236411674,0.3853960364002236
252,0.0037686807363780865,3.7686807363780863,0.004183196271942681,4.183196271942681,0.02,243,-0.47578070161171304,0.3846825775782658
253,0.003660093516118882,3.660093516118882,0.004139120050813433,4.139120050813433,0.02,243,-0.4760877953704796,0.3839129110364245
254,0.003638979099075401,3.638979099075401,0.00410401570515507,4.10401570515507,0.02,254,-0.47644143155176505,0.3831946874637648
255,0.003640400443233238,3.640400443233238,0.004116751701149413,4.116751701149413,0.02,254,-0.4770113173326291,0.3827065391804254
256,0.003624730938153925,3.6247309381539248,0.004067450615734186,4.067450615734186,0.02,256,-0.477591179327679,0.38219684859786585
257,0.003758816734674153,3.758816734674153,0.004123424964966129,4.123424964966129,0.02,256,-0.47835686886915957,0.38179002645745463
258,0.0036484324910348548,3.6484324910348547,0.004105652974109581,4.105652974109581,0.02,256,-0.4784173836384883,0.3810339627533575
259,0.003678485855009008,3.678485855009008,0.004125529071953243,4.125529071953243,0.02,256,-0.4788041937252828,0.3804241851668118
260,0.003713224575545702,3.713224575545702,0.00413793601053861,4.13793601053861,0.02,256,-0.47922680632004405,0.37983387349976366
261,0.003806077014925894,3.806077014925894,0.004170528799812856,4.170528799812856,0.02,256,-0.48005449920492166,0.3794163991627159
262,0.0036502219937714795,3.6502219937714795,0.004099435649585385,4.099435649585385,0.02,256,-0.4801470070199601,0.3785819246291428
263,0.003641770072245674,3.641770072245674,0.00409312928473296,4.09312928473296,0.02,256,-0.48056995275069436,0.37792710715647887
264,0.003613007279848435,3.6130072798484347,0.004070895069461297,4.070895069461296,0.02,264,-0.4810643389083854,0.3772311973344261
265,0.003659157229758549,3.659157229758549,0.004056603420741902,4.056603420741902,0.02,264,-0.48178443000218474,0.3766713541007658
266,0.003686263395322122,3.686263395322122,0.004062527182038014,4.062527182038014,0.02,264,-0.48231004078657436,0.3760715770507663
267,0.0036508192470535144,3.6508192470535143,0.004071862443503723,4.071862443503723,0.02,264,-0.4825294601939138,0.37538394074002424
268,0.00374087389131225,3.7408738913122503,0.0041129692866081,4.1129692866081005,0.02,264,-0.4830516548784448,0.3748250606203322
269,0.003717823146834502,3.717823146834502,0.004095552234540561,4.095552234540561,0.02,264,-0.4828951976657003,0.37392599752522027
270,0.0036201499487490316,3.6201499487490314,0.004047427937573846,4.047427937573846,0.02,264,-0.48340285559413504,0.3733062436462075
271,0.00359073564778211,3.5907356477821097,0.0040364105693423465,4.036410569342347,0.02,271,-0.48402182595202536,0.37277469772471633
272,0.003720028501123255,3.720028501123255,0.004076267047431966,4.076267047431966,0.02,271,-0.48475309050294185,0.3723604124225195
273,0.003724707404386999,3.724707404386999,0.004085950434600633,4.085950434600633,0.02,271,-0.4851496469276899,0.37161800386337374
274,0.003662890337055104,3.6628903370551043,0.00404607345847021,4.046073458470209,0.02,271,-0.4854253234486774,0.3708803347602234
275,0.003639826482700213,3.639826482700213,0.0040324215471006526,4.032421547100652,0.02,271,-0.48582086211294406,0.3701878203829027
276,0.00352615317861974,3.5261531786197398,0.0039749301065566565,3.9749301065566565,0.02,276,-0.48598937329296854,0.36935296295623454
277,0.0035991630400270445,3.5991630400270442,0.00399651172358303,3.99651172358303,0.02,276,-0.4867098773421643,0.36880504817073667
278,0.003583933611313578,3.583933611313578,0.003972239613847711,3.9722396138477114,0.02,276,-0.4872143855379295,0.3681884151257382
279,0.0035949394171877497,3.59493941718775,0.003990135464698624,3.990135464698624,0.02,276,-0.4875762934622061,0.3674523683934303
280,0.003620496308218422,3.620496308218422,0.004025379680461364,4.025379680461365,0.02,276,-0.48771295028775935,0.36671156132549154
281,0.0036041661176696104,3.6041661176696103,0.00400550786696115,4.00550786696115,0.02,276,-0.487963092578492,0.3660062750902747
282,0.0036791968989701848,3.6791968989701846,0.004055223646290457,4.055223646290457,0.02,276,-0.4886523608341773,0.365404770823385
283,0.0036590107729500923,3.6590107729500922,0.0040414956469957556,4.041495646995756,0.02,276,-0.4890066302428677,0.3645287587993421
284,0.0036491858545207533,3.6491858545207534,0.004033299102303639,4.033299102303639,0.02,276,-0.4894310051693404,0.3637777160481599
285,0.0035229783887829715,3.5229783887829713,0.003953744400700297,3.953744400700297,0.02,285,-0.4899582716985014,0.3630044665329336
286,0.0035205171352875207,3.5205171352875206,0.0039411156941326275,3.9411156941326273,0.02,286,-0.49045664923018123,0.3621666202259927
287,0.0035139778847880737,3.5139778847880736,0.003936531120757445,3.936531120757445,0.02,287,-0.490885213914288,0.3615096785436491
288,0.0035003607798557287,3.5003607798557286,0.003921195522599171,3.921195522599171,0.02,288,-0.4912916325031296,0.3609836954935622
289,0.0035710778459932388,3.571077845993239,0.0039496364960252125,3.9496364960252124,0.02,288,-0.49181328172756456,0.36045425013393845
290,0.003577562810009451,3.577562810009451,0.0039571794579032005,3.9571794579032007,0.02,288,-0.4922071297664699,0.35979948881963053
291,0.003579551335566966,3.579551335566966,0.003958112970105338,3.9581129701053377,0.02,288,-0.4923166528330571,0.3588712104924189
292,0.003557706217217575,3.557706217217575,0.003938999802758468,3.9389998027584676,0.02,288,-0.49263496843775384,0.3581051707296898
293,0.0035398745246635072,3.539874524663507,0.003942554289608478,3.942554289608478,0.02,288,-0.4932792917382349,0.3574704508705076
294,0.0034760823352965615,3.4760823352965615,0.0038780424772046906,3.8780424772046906,0.02,294,-0.4937590423335271,0.35684644392944914
295,0.0035163286430521874,3.5163286430521876,0.0038699461160742908,3.8699461160742907,0.02,294,-0.494445849420947,0.35636882300268563
296,0.003598183509435963,3.598183509435963,0.0039493811344624395,3.9493811344624397,0.02,294,-0.4949625126248329,0.3556818069280182
297,0.0036122508167838424,3.6122508167838423,0.003979431358430167,3.979431358430167,0.02,294,-0.49508436098960973,0.3548391551602307
298,0.003644079177435698,3.6440791774356978,0.003956338370808203,3.956338370808203,0.02,294,-0.49507681198162645,0.353869310627957
299,0.003561862637862525,3.5618626378625247,0.003926826670843878,3.9268266708438784,0.02,294,-0.49572956627711157,0.35330171437499536
300,0.0036358575075050043,3.6358575075050044,0.00399267213668593,3.99267213668593,0.02,294,-0.49667970486393664,0.35271807309100034
301,0.0034427508668991693,3.442750866899169,0.0038635987621387278,3.8635987621387278,0.02,301,-0.4967418154281461,0.3516723627720444
302,0.0034671178338373985,3.4671178338373982,0.0038973735736498928,3.897373573649893,0.02,301,-0.49704317106256385,0.35088548021373483
303,0.003587241975695939,3.5872419756959393,0.003937503596450378,3.937503596450378,0.02,301,-0.4980818732872718,0.3505100322335869
304,0.0036754130170286187,3.675413017028619,0.004023432827372197,4.023432827372197,0.02,301,-0.4985182917083354,0.34981151508185715
305,0.0036839651824665865,3.6839651824665864,0.0040354888033031465,4.035488803303147,0.02,301,-0.4988667620215657,0.3489844217401658
306,0.0035486563360258645,3.5486563360258647,0.0038853548281567564,3.8853548281567565,0.02,301,-0.4988043087140966,0.3477823870030316
307,0.003539053710637363,3.539053710637363,0.0038686384124622703,3.8686384124622704,0.02,301,-0.4991904475635081,0.34680486678224537
308,0.0034920846894996786,3.4920846894996784,0.003864337042778421,3.8643370427784207,0.02,301,-0.5001098009078211,0.3461780620155796
309,0.0034471208461145358,3.4471208461145357,0.0038059470002561415,3.8059470002561415,0.02,301,-0.5008026530790791,0.3453970757949728
310,0.003433258683674889,3.433258683674889,0.003798687495268817,3.798687495268817,0.02,310,-0.5011990610958352,0.3445394920703094
311,0.0034497742860534713,3.4497742860534713,0.00384506967938484,3.84506967938484,0.02,310,-0.5011744229701744,0.34347406624041454
312,0.003474716843736057,3.474716843736057,0.003825177469622678,3.8251774696226777,0.02,310,-0.5015725423036415,0.3427012458307964
313,0.003447048719550696,3.4470487195506956,0.0038208363440426552,3.820836344042655,0.02,310,-0.5024056634571177,0.34228209448610686
314,0.00359770650287341,3.59770650287341,0.003943386593530646,3.943386593530646,0.02,310,-0.5032042261520664,0.34174311757818154
315,0.0035282468175862466,3.5282468175862465,0.003884167983822856,3.884167983822856,0.02,310,-0.503438291349225,0.3407858285644851
316,0.0034388463019122796,3.4388463019122795,0.003800246417748791,3.800246417748791,0.02,310,-0.5034595032455916,0.3396943631862008
317,0.003375035505413454,3.3750355054134538,0.0037695416219973464,3.7695416219973463,0.02,317,-0.5039501364188551,0.3389647598965772
318,0.0033729446224746236,3.372944622474624,0.0037554173913898186,3.755417391389819,0.02,318,-0.504489060846486,0.33817998193713206
319,0.003426827273258424,3.426827273258424,0.003787377852518516,3.787377852518516,0.02,318,-0.5049544723790917,0.3373879040110746
320,0.003446674865668718,3.446674865668718,0.0038042126668571042,3.8042126668571044,0.02,318,-0.5053597565470174,0.3366151062179591
321,0.0034758410761253577,3.4758410761253575,0.003812529267562633,3.812529267562633,0.02,318,-0.5056513419050332,0.3357154927470042
322,0.003581545683444041,3.581545683444041,0.0038425960570363108,3.8425960570363107,0.02,318,-0.5057861277223216,0.3347732409189485
323,0.0035777755567444375,3.5777755567444376,0.0038384587190414153,3.8384587190414154,0.02,318,-0.5062209571263445,0.3338887514718696
324,0.003437564296185617,3.437564296185617,0.0037807001383098966,3.780700138309897,0.02,318,-0.5068077618529895,0.3330331395903612
325,0.003411068600581337,3.411068600581337,0.00377305311416802,3.77305311416802,0.02,318,-0.5075516650113345,0.3322582135288542
326,0.003338361077508101,3.3383610775081007,0.0037324450445361773,3.732445044536177,0.02,326,-0.5077035424187171,0.33121079253904356
327,0.003332336934045712,3.3323369340457116,0.003725900315838517,3.725900315838517,0.02,327,-0.5080850657966983,0.33043262607894025
328,0.003427065483553334,3.427065483553334,0.003791708818902419,3.791708818902419,0.02,327,-0.5086319849676578,0.3296477451776824
329,0.0034694743217900115,3.4694743217900115,0.0038147551066614843,3.8147551066614844,0.02,327,-0.5089493102755203,0.32866037029542217
330,0.0033550691492171955,3.3550691492171953,0.0037088562874130833,3.7088562874130835,0.02,327,-0.5093965096183357,0.3278312746028261
331,0.0033028114895833627,3.3028114895833625,0.0036914644551220804,3.6914644551220803,0.02,331,-0.5099689165232729,0.3270284958816482
332,0.0034267579926327415,3.4267579926327416,0.0037671514724515426,3.7671514724515425,0.02,331,-0.5107488890097167,0.32643738695206
333,0.003463184349710587,3.463184349710587,0.003811750952752302,3.811750952752302,0.02,331,-0.5112328711744618,0.3254270539616211
334,0.003457859172619334,3.457859172619334,0.0037516402386054267,3.7516402386054266,0.02,331,-0.5113727758611467,0.3243310484227424
335,0.0034100059286028663,3.410005928602866,0.0037005868847391544,3.7005868847391543,0.02,331,-0.5117193289013635,0.3233174415005041
336,0.0033379549161959934,3.3379549161959936,0.0037075649321455834,3.7075649321455835,0.02,331,-0.5120916783670761,0.32237189349265805
337,0.0033888291610138176,3.3888291610138177,0.003732978214163694,3.732978214163694,0.02,331,-0.5130139559401665,0.32177703317970047
338,0.003368598976312857,3.3685989763128568,0.0037113846108610274,3.7113846108610273,0.02,331,-0.5134491730596762,0.3208432084320297
339,0.003305465669436712,3.3054656694367117,0.0036450854303814654,3.6450854303814655,0.02,331,-0.5135635566405008,0.3197429004310434
340,0.0033105244260707672,3.310524426070767,0.0036697960502750926,3.6697960502750924,0.02,331,-0.5140556958373611,0.31875908803548486
341,0.0032700054553562266,3.2700054553562268,0.0036454595720782725,3.6454595720782725,0.02,341,-0.5142925930365672,0.3177057122903144
342,0.00330803046089904,3.30803046089904,0.003666486425853758,3.666486425853758,0.02,341,-0.5144397463717686,0.31665592496195266
343,0.0033843040641924854,3.3843040641924853,0.003720900432953393,3.720900432953393,0.02,341,-0.5151095824090124,0.3158951416603993
344,0.0035017533750480983,3.5017533750480982,0.003841059914126062,3.841059914126062,0.02,341,-0.5160237267549828,0.31533808134133307
345,0.003279056888490341,3.279056888490341,0.0036461875809661666,3.6461875809661666,0.02,341,-0.5157363044202681,0.31393441949664735
346,0.003323966137355877,3.323966137355877,0.00374272991341022,3.74272991341022,0.02,341,-0.5159214150719968,0.3128609295411726
347,0.003273263322020929,3.2732633220209286,0.0036132184545931015,3.6132184545931016,0.02,341,-0.5169879521603672,0.3123514487570621
348,0.003302713592943925,3.302713592943925,0.0036306342676262573,3.6306342676262573,0.02,341,-0.5175369085276007,0.3115654517968992
349,0.0033027341497724625,3.3027341497724625,0.0036218695474772022,3.6218695474772025,0.02,341,-0.5179704684917931,0.31072481457005946
350,0.003349922405110802,3.349922405110802,0.0036763566256878357,3.676356625687836,0.02,341,-0.5182097826688379,0.309680949060707
351,0.0034115479865457136,3.4115479865457137,0.0037023936981837573,3.7023936981837573,0.02,341,-0.5178207836020772,0.3081846430449925
352,0.003395212490851009,3.395212490851009,0.003650449452699467,3.650449452699467,0.02,341,-0.5185096828201451,0.30734566573355354
353,0.003332277278589831,3.332277278589831,0.0036712812911319187,3.6712812911319186,0.02,341,-0.5193083379627818,0.30663692054881936
354,0.0033048878724902604,3.3048878724902604,0.003645664208326871,3.645664208326871,0.02,341,-0.5197282011296623,0.3056561929025734
355,0.003285341902581949,3.285341902581949,0.0036307617861322306,3.6307617861322306,0.02,341,-0.5201678690905498,0.3046196946350471
356,0.0032967054228905707,3.296705422890571,0.00365670229000906,3.65670229000906,0.02,341,-0.5204895238335189,0.3034506490301495
357,0.00329955756838262,3.2995575683826197,0.003620009012629111,3.6200090126291107,0.02,341,-0.5206084588193004,0.30206179636680164
358,0.0032671164600626876,3.2671164600626876,0.0035786385584145966,3.5786385584145965,0.02,358,-0.5209081343108962,0.300960101454299
359,0.003251584388762365,3.2515843887623648,0.0036064607698662672,3.6064607698662674,0.02,359,-0.5216039640254633,0.30008124972181405
360,0.003448777978090741,3.448777978090741,0.003792117580325862,3.7921175803258618,0.02,359,-0.5226601446411151,0.2993893223188218
361,0.003270196965601979,3.270196965601979,0.0035888904838003556,3.5888904838003555,0.02,359,-0.5223685448207663,0.2980112816789244
362,0.0032303422325554313,3.230342232555431,0.003546059071532224,3.546059071532224,0.02,362,-0.5225348481477493,0.29698161605999246
363,0.003230156138511257,3.2301561385112567,0.003543925426943645,3.5439254269436447,0.02,363,-0.5229855474528826,0.2959681164148466
364,0.0032278479955665444,3.2278479955665444,0.003582307811009883,3.582307811009883,0.02,364,-0.5237343739795152,0.2953314041686563
365,0.003238484557725498,3.238484557725498,0.00355925539875705,3.55925539875705,0.02,364,-0.5239536807791675,0.29420248580659397
366,0.0033112945273056655,3.3112945273056655,0.0036670943368465455,3.6670943368465454,0.02,364,-0.5244948195221029,0.2932589497543125
367,0.003252431966524279,3.252431966524279,0.003609334361670624,3.609334361670624,0.02,364,-0.5248665500089782,0.2921670135835459
368,0.0032491679528701967,3.249167952870197,0.0036048777580927707,3.604877758092771,0.02,364,-0.5253139755591837,0.29099354648655257
369,0.0032637717416832174,3.2637717416832173,0.0035140579033822615,3.5140579033822616,0.02,364,-0.5252441530309927,0.2895536326820245
370,0.003178998034015555,3.178998034015555,0.003537894946945604,3.5378949469456042,0.02,370,-0.5256360437752092,0.2885704592992774
371,0.00310950962750454,3.10950962750454,0.0035015316798575743,3.501531679857574,0.02,371,-0.5262559090732866,0.28778456257232854
372,0.0032460891580824657,3.246089158082466,0.0035943026154538647,3.5943026154538646,0.02,371,-0.5270576706411234,0.28694722911435905
373,0.0032480161284027015,3.2480161284027016,0.0035919370168414583,3.591937016841458,0.02,371,-0.5274857896694196,0.2859832418851594
374,0.0031510804765507105,3.1510804765507103,0.0034780087394208586,3.4780087394208588,0.02,371,-0.5275458271082785,0.28465708158961867
375,0.003230665094640393,3.230665094640393,0.003496103925452025,3.496103925452025,0.02,371,-0.5276258049482565,0.28341789387263006
376,0.0032227015421168255,3.2227015421168255,0.0034765001655976476,3.4765001655976477,0.02,371,-0.5282778363440228,0.28257590100490143
377,0.003288639133471666,3.288639133471666,0.003619577119298088,3.619577119298088,0.02,371,-0.5292402131656343,0.2818718315293895
378,0.0031758150343550247,3.1758150343550247,0.003515259446839251,3.5152594468392513,0.02,371,-0.5294495399425481,0.2806946547348932
379,0.003053638328717754,3.053638328717754,0.0034654723392472347,3.465472339247235,0.02,379,-0.5295944128175124,0.2793211466572844
380,0.0030793137623885544,3.0793137623885545,0.0034849228621844806,3.4849228621844808,0.02,379,-0.5298318794651499,0.2780610800172004
381,0.003067152571069598,3.067152571069598,0.0034697998460785956,3.4697998460785957,0.02,379,-0.530423580512787,0.27707228059724937
382,0.003095868080637737,3.0958680806377368,0.003460008888172944,3.4600088881729443,0.02,379,-0.5309434371941419,0.27613888903520195
383,0.0031645776451355375,3.1645776451355374,0.0034525652154288656,3.4525652154288657,0.02,379,-0.5309078819601719,0.2749139191224901
384,0.003260156666935641,3.260156666935641,0.003573028795404487,3.573028795404487,0.02,379,-0.531677242681426,0.2741678562700937
385,0.0032038736590371043,3.203873659037104,0.0035319544332095684,3.5319544332095685,0.02,379,-0.5321372591131581,0.27315016851462137
386,0.0031105891760832356,3.1105891760832356,0.003421511015326658,3.421511015326658,0.02,379,-0.5324035791579941,0.27203368916200366
387,0.003096699641581929,3.096699641581929,0.0034126935760416493,3.4126935760416495,0.02,379,-0.5326706326526345,0.2708461626075829
388,0.0030776676277612567,3.0776676277612567,0.0034625605759678563,3.4625605759678564,0.02,379,-0.5326329689282896,0.26958083710273234
389,0.0030830945905612308,3.0830945905612306,0.00342210367329327,3.42210367329327,0.02,379,-0.5334857474341855,0.2689657855764554
390,0.00314170444330924,3.14170444330924,0.0034661304056990507,3.466130405699051,0.02,379,-0.5341368830775858,0.26811852038376394
391,0.0030410614634507876,3.0410614634507875,0.0033820436522816505,3.3820436522816504,0.02,391,-0.5340957768386202,0.266790349725296
392,0.0030707704041396298,3.0707704041396298,0.003369105121441801,3.369105121441801,0.02,391,-0.5344096403814833,0.2656811405357045
393,0.0031631087231809834,3.1631087231809834,0.0034276446565655815,3.4276446565655814,0.02,391,-0.5346796016905792,0.26453776078062824
394,0.0032001148992451805,3.2001148992451807,0.0034743570676382526,3.4743570676382527,0.02,391,-0.5351502383153681,0.2633616636281592
395,0.003136993970277661,3.136993970277661,0.003383679675944636,3.3836796759446357,0.02,391,-0.5352573302284468,0.26198839605302715
396,0.003024350362580434,3.0243503625804338,0.003378116280440685,3.3781162804406852,0.02,396,-0.5358213336117579,0.2609568107485256
397,0.002929129199063518,2.929129199063518,0.0033911630633576143,3.3911630633576144,0.02,397,-0.5361993426247051,0.2600576704528761
398,0.002947451933978666,2.947451933978666,0.0033970902758398962,3.397090275839896,0.02,397,-0.5366922325888019,0.25900194993341286
399,0.003000975558822533,3.0009755588225326,0.0033627854812919356,3.3627854812919358,0.02,397,-0.5367859126772841,0.25785031717197177
400,0.0030665548972815576,3.0665548972815575,0.0033350422866351517,3.3350422866351517,0.02,397,-0.5372457979451779,0.25701078215803325
401,0.003083607086877919,3.083607086877919,0.0033396473935681146,3.3396473935681144,0.02,397,-0.5375363411508464,0.2560775379596214
402,0.0030664393935016096,3.0664393935016094,0.0033359327981537087,3.3359327981537086,0.02,397,-0.5379059867353008,0.2551641344619304
403,0.0030942752992814313,3.0942752992814313,0.003378901326719097,3.378901326719097,0.02,397,-0.5382451380204617,0.25414439861516924
404,0.0030263242047557388,3.026324204755739,0.0033318292228452545,3.3318292228452546,0.02,397,-0.5384639370172417,0.2530313782712759
405,0.0029045206625325374,2.9045206625325375,0.0033183153098846046,3.3183153098846048,0.02,405,-0.5388132258231381,0.25197243859578894
406,0.0028785786052228607,2.878578605222861,0.003324002497823997,3.324002497823997,0.02,406,-0.5392210779151774,0.2511112304418042
407,0.002842571173995647,2.8425711739956467,0.003312409278882585,3.312409278882585,0.02,407,-0.5392940689383715,0.24998011547030016
408,0.002958903832902752,2.958903832902752,0.0032882226723183307,3.2882226723183305,0.02,407,-0.5398512386183792,0.24928628234726635
409,0.0030391854312773153,3.0391854312773154,0.0032920459996304365,3.2920459996304365,0.02,407,-0.5398303615329352,0.248079721989586
410,0.0032180234228400438,3.218023422840044,0.0033972628007585734,3.3972628007585732,0.02,407,-0.5401168270638049,0.2469243404343744
411,0.0031318648801750967,3.1318648801750966,0.0033670782865134344,3.3670782865134345,0.02,407,-0.5404049180837898,0.24588605187222573
412,0.002976043063566014,2.976043063566014,0.0033119398802046083,3.311939880204608,0.02,407,-0.5407617127579425,0.24483131971007677
413,0.002894033171109998,2.894033171109998,0.003329071387611197,3.329071387611197,0.02,407,-0.5406275647334648,0.2435066240467021
414,0.0028060074607454983,2.8060074607454983,0.003279044676282111,3.279044676282111,0.02,414,-0.541247904001941,0.24271595707864793
415,0.0029499978421547004,2.9499978421547004,0.0032957810957455315,3.2957810957455314,0.02,414,-0.5418956018991304,0.24214767195147746
416,0.0030117086001974084,3.0117086001974083,0.003323695254417051,3.323695254417051,0.02,414,-0.5422251128422743,0.24130630575787074
417,0.00298506639650812,2.98506639650812,0.003272431238462638,3.272431238462638,0.02,414,-0.5417775419349404,0.2395361270451209
418,0.003051359432891824,3.051359432891824,0.0032637832122547764,3.2637832122547765,0.02,414,-0.5420957058780622,0.23843026615229027
419,0.0029394364392192267,2.9394364392192265,0.0032583370114842875,3.2583370114842873,0.02,414,-0.5431150748190668,0.2381889910060342
420,0.002856470314451152,2.856470314451152,0.0032412731347217596,3.2412731347217596,0.02,414,-0.5433838049781387,0.2371671729333291
421,0.0028203034412251637,2.820303441225164,0.00322750570380394,3.22750570380394,0.02,414,-0.5435847254135546,0.2360989625349145
422,0.0028110864350248603,2.81108643502486,0.003242781860847982,3.242781860847982,0.02,414,-0.543638916504945,0.23483115191705758
423,0.0028388406111531706,2.8388406111531705,0.0032404168575806635,3.2404168575806636,0.02,414,-0.5437568755206376,0.23396228515958403
424,0.0028725370221974597,2.8725370221974598,0.0031666257038410234,3.1666257038410235,0.02,414,-0.5445079816632077,0.2336232975455471
425,0.003093861190840234,3.0938611908402343,0.003345961842029845,3.345961842029845,0.02,414,-0.5452015991139257,0.23316088132946508
426,0.00297931925466778,2.97931925466778,0.0032474008781590976,3.2474008781590977,0.02,414,-0.5450359038278257,0.2318226984671935
427,0.0029163365359468857,2.916336535946886,0.0031886935490849774,3.1886935490849773,0.02,414,-0.5449563729992498,0.2302641192292154
428,0.002886922139201368,2.886922139201368,0.0031794587064459274,3.1794587064459274,0.02,414,-0.5453224610564069,0.2292098337708627
429,0.0028638766330579602,2.86387663305796,0.0031880724771296814,3.1880724771296816,0.02,414,-0.5459758113873864,0.22848026298665144
430,0.0028797799056032064,2.8797799056032063,0.0031999326352761814,3.1999326352761814,0.02,414,-0.5460674805412588,0.2272183488424219
431,0.0028303418002436445,2.8303418002436445,0.003188578102881793,3.188578102881793,0.02,414,-0.5459550896362095,0.22588442851904264
432,0.0027828718357747416,2.7828718357747415,0.003179583510398794,3.179583510398794,0.02,432,-0.5463194728596437,0.22496134761245415
433,0.0026984868936739902,2.6984868936739903,0.0031638232317823443,3.1638232317823443,0.02,433,-0.5467582319496129,0.2242467938928568
434,0.0027820039231898908,2.7820039231898908,0.0031488340099522357,3.148834009952236,0.02,433,-0.5471456810308903,0.22353288023599063
435,0.002928312640209098,2.928312640209098,0.003242815667903004,3.2428156679030042,0.02,433,-0.5476078355353329,0.2225808757697626
436,0.002913261578439073,2.913261578439073,0.0031323081291523467,3.1323081291523467,0.02,433,-0.5475042289816746,0.22112983861437854
437,0.002798265095442574,2.798265095442574,0.003202451903571257,3.2024519035712573,0.02,433,-0.5475911714553248,0.21987111182463978
438,0.0027201951601877198,2.72019516018772,0.003171882205340902,3.1718822053409017,0.02,433,-0.5480941992095901,0.21908601948135184
439,0.0027688046291168907,2.768804629116891,0.0031310397704074956,3.1310397704074955,0.02,433,-0.5487680637523995,0.21863321458179136
440,0.002906266738247195,2.906266738247195,0.0031920261508122864,3.1920261508122865,0.02,433,-0.5493468914043282,0.2179272567704979
441,0.0027749870913354496,2.7749870913354497,0.003120966440656255,3.120966440656255,0.02,433,-0.5489172372754823,0.21641776472867877
442,0.00276129375209041,2.76129375209041,0.003109803917435154,3.109803917435154,0.02,433,-0.5491865652279362,0.215493870221066
443,0.002751148846524485,2.7511488465244853,0.0031212185090258118,3.121218509025812,0.02,433,-0.5493536309398246,0.2144218173499401
444,0.00273939238985581,2.7393923898558104,0.0030832257126065243,3.0832257126065246,0.02,433,-0.5497488233506123,0.21375099080741403
445,0.0026679181464453103,2.6679181464453103,0.0030653034192701803,3.0653034192701805,0.02,445,-0.5501343705542209,0.21325881837370875
446,0.002702459183552395,2.7024591835523952,0.0030522797926887833,3.0522797926887835,0.02,445,-0.55027409055392,0.2123150782785076
447,0.0027578183935362674,2.7578183935362675,0.0030526381948800456,3.0526381948800454,0.02,445,-0.5503089733424662,0.21139605650626636
448,0.0028294268109643416,2.8294268109643417,0.003048394766837596,3.0483947668375957,0.02,445,-0.5503648236340601,0.21041355396781405
449,0.00283246010468135,2.83246010468135,0.0030549806997053194,3.0549806997053195,0.02,445,-0.5506387597540662,0.20959844163020958
450,0.00278540045983664,2.78540045983664,0.003049085622096237,3.049085622096237,0.02,445,-0.5508408166766895,0.20878849299828825
451,0.002743498667260008,2.743498667260008,0.0030612776661535965,3.0612776661535963,0.02,445,-0.5510736547128259,0.20793241393821432
452,0.002698662725443146,2.698662725443146,0.0030495230592874605,3.0495230592874605,0.02,445,-0.5510470933778836,0.20664473915667325
453,0.002719589452265934,2.719589452265934,0.003066077312373727,3.0660773123737273,0.02,445,-0.5509094112315632,0.20541703665624367
454,0.002695138963571179,2.6951389635711793,0.003055004913217585,3.055004913217585,0.02,445,-0.551116953009656,0.20455682229695366
455,0.0025792017132609405,2.5792017132609404,0.003052855362552966,3.052855362552966,0.02,455,-0.551504525010159,0.2040843658106304
456,0.0027321299295412936,2.7321299295412937,0.0030662691603795017,3.066269160379502,0.02,455,-0.5519460432984231,0.20347274643222155
457,0.0026338587329599,2.6338587329599,0.0030254311417983923,3.0254311417983923,0.02,455,-0.5519601378033505,0.20239005484304112
458,0.0027501855739067585,2.7501855739067587,0.003038075766341721,3.038075766341721,0.02,455,-0.5518878766635907,0.201159972409218
459,0.0027479504129479765,2.7479504129479766,0.0030003892169682004,3.0003892169682005,0.02,455,-0.5522271729544281,0.2005648180385329
460,0.0027150275693969437,2.715027569396944,0.0029900658953210184,2.990065895321018,0.02,455,-0.5526880560316032,0.2000546464697695
461,0.0026907305927060384,2.6907305927060383,0.0029752414191843712,2.9752414191843712,0.02,455,-0.5527688589608339,0.19908680379393984
462,0.0025893684362097475,2.5893684362097473,0.0029899119858675014,2.989911985867501,0.02,455,-0.552930440714822,0.19826365408675817
463,0.002630940676495082,2.630940676495082,0.002962575373709764,2.9625753737097638,0.02,455,-0.5534224950123846,0.19770295315082148
464,0.0026875309557036226,2.6875309557036227,0.0029663713211225,2.9663713211225,0.02,455,-0.5537321695618822,0.19701969290933183
465,0.0027713864677036517,2.7713864677036515,0.0029579937061043763,2.9579937061043764,0.02,455,-0.5534547419442968,0.1956300613410219
466,0.002813151075298324,2.813151075298324,0.0029771469430081112,2.9771469430081114,0.02,455,-0.5534947737104366,0.19452532927567037
467,0.0026322723394273067,2.6322723394273067,0.0029567674427645723,2.9567674427645723,0.02,455,-0.5539174515043576,0.19406661304812417
468,0.0026886757590575757,2.688675759057576,0.0030044406330903715,3.0044406330903715,0.02,455,-0.5543292214754746,0.1935075801592134
469,0.002613989825302282,2.6139898253022817,0.0030076674126049475,3.0076674126049476,0.02,455,-0.5539117914624615,0.19197759881277415
470,0.002702930544949056,2.702930544949056,0.0030737020870413283,3.0737020870413283,0.02,455,-0.5537848800835987,0.19095645497501273
471,0.002699845403089322,2.699845403089322,0.0029943514005757806,2.9943514005757805,0.02,455,-0.5547321075353604,0.19092991898674735
472,0.002836184795279819,2.8361847952798187,0.0030710236463627636,3.0710236463627636,0.02,455,-0.5550424754821439,0.1903286524552756
473,0.002627151045161676,2.6271510451616757,0.0029639487187724284,2.9639487187724285,0.02,455,-0.5545868142587472,0.1888999375957387
474,0.002594096071486966,2.5940960714869656,0.0029817293942959065,2.9817293942959067,0.02,455,-0.5546347184319758,0.18829939397119047
475,0.0025973681116133575,2.5973681116133576,0.0029114209874017455,2.9114209874017454,0.02,455,-0.555442701854358,0.1883010416869785
476,0.002881831665083693,2.881831665083693,0.00302929450915048,3.02929450915048,0.02,455,-0.5558056280921158,0.18763783792611324
477,0.0025584919781235873,2.5584919781235875,0.0029263671643450376,2.9263671643450375,0.02,477,-0.5552140097792797,0.18586630711735802
478,0.002722707570263107,2.722707570263107,0.0031843208449558753,3.184320844955875,0.02,477,-0.5548830813090292,0.18447090762447402
479,0.0025920923721981554,2.5920923721981555,0.002911882285892444,2.911882285892444,0.02,477,-0.55566951087915,0.18449016575988045
480,0.0031321977969922606,3.1321977969922608,0.0032126175818333064,3.2126175818333063,0.02,477,-0.5566105737248515,0.1845823508130921
481,0.0025382480730403406,2.5382480730403407,0.0028853189114299515,2.8853189114299513,0.02,481,-0.556260723032774,0.1831239834606002
482,0.002717276151333137,2.7172761513331367,0.003170828226013905,3.170828226013905,0.02,481,-0.5558094857232412,0.18153643423067373
483,0.0026199945500655743,2.619994550065574,0.00299293621942384,2.9929362194238402,0.02,481,-0.5563317886971982,0.1810247549995309
484,0.002586113313405338,2.586113313405338,0.0028859447255105658,2.8859447255105657,0.02,481,-0.557247762636721,0.18124084798517992
485,0.0026720656398752742,2.6720656398752745,0.002925780631505176,2.925780631505176,0.02,481,-0.5576538682952388,0.18089492393979745
486,0.002478628413757267,2.4786284137572667,0.002851400612014702,2.851400612014702,0.02,486,-0.557252538394097,0.17951513183120502
487,0.0025356107054983978,2.5356107054983976,0.002888101265141165,2.888101265141165,0.02,486,-0.5572562965709095,0.17859288123278605
488,0.0024839256631804473,2.483925663180447,0.0028262977551763713,2.8262977551763715,0.02,486,-0.5576225837037588,0.17830580668346033
489,0.002717952665439997,2.717952665439997,0.002915621330615159,2.915621330615159,0.02,486,-0.5581631225220974,0.17813644691217834
490,0.002643920960851633,2.643920960851633,0.0028931630297498955,2.8931630297498954,0.02,486,-0.5580538769752954,0.17699649336054685
491,0.0025599063586164614,2.559906358616461,0.002828363937508845,2.8283639375088447,0.02,486,-0.5578845471492546,0.17586968212393422
492,0.002529491817194037,2.529491817194037,0.0028564733374560097,2.8564733374560096,0.02,486,-0.5578378282250157,0.17490969310975132
493,0.0024834427962362867,2.483442796236287,0.00284133114908387,2.84133114908387,0.02,486,-0.5580024945030153,0.17430242241757143
494,0.002432404708184621,2.432404708184621,0.0028620589266132074,2.8620589266132073,0.02,494,-0.5583866656951934,0.17389722142491332
495,0.0024174445657531942,2.417444565753194,0.002844691626018281,2.844691626018281,0.02,495,-0.558661358365049,0.1732942990833886
496,0.0024406400989696745,2.4406400989696744,0.0028148514877197163,2.814851487719716,0.02,495,-0.5587114502075463,0.1724886512052213
497,0.002483208422691635,2.483208422691635,0.002803418027999797,2.8034180279997973,0.02,495,-0.5587545354784562,0.1718660297735477
498,0.0025841914130943443,2.584191413094344,0.0027891251595067446,2.7891251595067446,0.02,495,-0.5591116287217112,0.17144361400416014
499,0.002513956208814492,2.513956208814492,0.002776014977202788,2.776014977202788,0.02,495,-0.559393629378769,0.17089124736388092
500,0.0025017184345165516,2.5017184345165515,0.002787241733754958,2.787241733754958,0.02,495,-0.5590392133860869,0.16976907952292222
