molecule,basis,r_e_A,E_RHF_re_Ha,E_FCI_re_Ha,E_corr_re_Ha,k_Ha_per_Bohr2,k_Ha_per_A2,k_N_per_m,mu_eff_amu,omega_rad_per_s,hbar_omega_Ha,E_n0_Ha,E_n1_Ha,E_total_n1_Ha,n1_total_is_negative,Delta_q_n1_A,n1_min_A,n1_max_A,scan_points,completed_points,status,error
LiH,sto-3g,1.51081125067768,-7.86338212892119,-7.882303661881452,-0.018921532960255227,0.11621059981881715,0.4149955854054989,180.92747811337088,0.8801610468050107,351841162947791.6,0.008510630754622744,0.004255315377311372,0.012765946131934117,-7.850616182789255,True,0.2480388808631253,1.2627723698145548,1.7588501315408054,30,30,PASS,
BeH2,sto-3g,1.29053839899188,-15.561352807782088,-15.594409532550817,-0.0330567247687501,0.4732478189616218,1.689998640210554,736.7962521566378,2.015999999999556,469141546174627.44,0.01134799134272277,0.005673995671361385,0.017021987014084156,-15.544330820768003,True,0.1419308970542672,1.1486075019376127,1.4324692960461471,30,30,PASS,
H2O,sto-3g,0.989409318679461,-74.96590119230045,-75.020336365114,-0.05443517281359789,1.2468924616012684,4.452733811258878,1941.2782388854112,1.9228379773874051,779736747630775.1,0.01886092999834896,0.00943046499917448,0.028291394997523443,-74.93760979730293,True,0.11272722400113393,0.8766820946783271,1.102136542680595,30,30,PASS,
NH3,sto-3g,1.0325225664540305,-55.45541977880504,-55.52436576913857,-0.06894599033351767,1.6292477254546864,5.818149244989649,2536.5645014141915,2.9326137050297607,721723721627196.9,0.017457662003387144,0.008728831001693572,0.026186493005080715,-55.42923328579996,True,0.09487706449101345,0.9376455019630171,1.127399630945044,30,30,PASS,
N2,sto-3g,1.13385129417582,-107.50065426275155,-107.66834936589119,-0.16769510313973512,1.8886370240753616,6.744445245499394,2940.4059041967603,7.003499999998458,502830405763749.94,0.012162885888048886,0.006081442944024443,0.01824432883207333,-107.48240993391948,True,0.0735539206414196,1.0602973735344006,1.2074052148172396,30,30,PASS,
CO,sto-3g,1.14548067564969,-111.22544951413587,-111.36770817294774,-0.14225865881203958,1.5738288649589085,5.620244901583729,2450.2832612773154,6.860549410923158,463771603009883.3,0.011218098629017667,0.0056090493145088335,0.0168271479435265,-111.20862236619234,True,0.07738247822838755,1.0680981974213024,1.2228631538780776,30,30,PASS,
HF,sto-3g,0.95546269843299,-98.57284734716004,-98.60172857207351,-0.0288812249134196,0.7252742026139656,2.590001194061066,1129.1743836123196,0.9572130598528565,842852648090677.2,0.0203876306238794,0.0101938153119397,0.0305814459358191,-98.54226590122421,True,0.15367174522172342,0.8017909532112666,1.1091344436547135,30,30,PASS,
H2S,sto-3g,1.3286560510665755,-394.31163005927584,-394.3534342222551,-0.04180416297930378,0.7944993895759537,2.837208824284859,1236.9505978172742,1.9589918281810887,616645149797018.2,0.014915932895919257,0.0074579664479596285,0.022373899343878886,-394.28925615993194,True,0.12558569890174714,1.2030703521648283,1.4542417499683227,30,30,PASS,
H2O2,sto-3g,1.3962486935214782,-148.76499662127247,-148.8712446922981,-0.10624807102544764,0.7091239470404394,2.5323275844537374,1104.0301625484904,8.462311155761734,280298922932145.97,0.006780106722043579,0.0033900533610217894,0.010170160083065368,-148.7548264611894,True,0.08962289109002791,1.3066258024314503,1.485871584611506,30,30,PASS,
