molecule,method,basis,status,energy_hartree,bond_lengths_angstrom,bond_angles_deg,HOOH_dihedral_deg,max_gradient_hartree_per_bohr,optimizer_success,iterations,energy_gradient_evaluations,selected_start,xyz_file,message
LiH,RHF,sto-3g,converged,-7.863382128921103,"{""Li1-H2"": 1.5108118530322194}",{},,1.4247992663474207e-07,True,5,6,1,/Users/novaz/Desktop/qml2.0/rhf_geometries/LiH_converged.xyz,"Optimization terminated successfully.; Start 1: converged=True, energy=-7.86338212892110 Eh"
BeH2,RHF,sto-3g,converged,-15.561352807782086,"{""Be1-H2"": 1.2905384209975619, ""Be1-H3"": 1.2905384209975614}","{""H2-Be1-H3"": 180.0}",,6.636465932352564e-09,True,5,6,1,/Users/novaz/Desktop/qml2.0/rhf_geometries/BeH2_converged.xyz,"Optimization terminated successfully.; Start 1: converged=True, energy=-15.56135280778209 Eh"
H2O,RHF,sto-3g,converged,-74.965901192299256,"{""O1-H2"": 0.9894091763850631, ""O1-H3"": 0.9894091763850636}","{""H2-O1-H3"": 100.02672794094151}",,4.818335810341523e-07,True,7,8,1,/Users/novaz/Desktop/qml2.0/rhf_geometries/H2O_converged.xyz,"Optimization terminated successfully.; Start 1: converged=True, energy=-74.96590119229926 Eh"
NH3,RHF,sto-3g,converged,-55.455419778799453,"{""N1-H2"": 1.0325227135665, ""N1-H3"": 1.032522713566499, ""N1-H4"": 1.0325227135665}","{""H2-N1-H3"": 104.16387218195553, ""H2-N1-H4"": 104.16387218195561, ""H3-N1-H4"": 104.16387218195587}",,9.884343041832722e-07,True,7,8,1,/Users/novaz/Desktop/qml2.0/rhf_geometries/NH3_converged.xyz,"Optimization terminated successfully.; Start 1: converged=True, energy=-55.45541977879945 Eh"
N2,RHF,sto-3g,converged,-107.500654262751567,"{""N1-N2"": 1.1338510074938757}",{},,5.213250169333605e-07,True,3,5,1,/Users/novaz/Desktop/qml2.0/rhf_geometries/N2_converged.xyz,"Optimization terminated successfully.; Start 1: converged=True, energy=-107.50065426275157 Eh"
CO,RHF,sto-3g,converged,-111.225449514135846,"{""C1-O2"": 1.1454806759548646}",{},,3.815117111116706e-10,True,3,5,1,/Users/novaz/Desktop/qml2.0/rhf_geometries/CO_converged.xyz,"Optimization terminated successfully.; Start 1: converged=True, energy=-111.22544951413585 Eh"
HF,RHF,sto-3g,converged,-98.572847347160092,"{""H1-F2"": 0.9554626986103995}",{},,5.457247986839775e-10,True,5,6,1,/Users/novaz/Desktop/qml2.0/rhf_geometries/HF_converged.xyz,"Optimization terminated successfully.; Start 1: converged=True, energy=-98.57284734716009 Eh"
H2S,RHF,sto-3g,converged,-394.311630059276524,"{""S1-H2"": 1.3286558688407464, ""S1-H3"": 1.3286558688407426}","{""H2-S1-H3"": 92.52485648409885}",,1.9689796015853744e-07,True,7,8,1,/Users/novaz/Desktop/qml2.0/rhf_geometries/H2S_converged.xyz,"Optimization terminated successfully.; Start 1: converged=True, energy=-394.31163005927652 Eh"
H2O2,RHF,sto-3g,converged,-148.764996621272246,"{""O1-H3"": 1.0011060255656885, ""O1-O2"": 1.3962485791325379, ""O2-H4"": 1.001106025565685}","{""H3-O1-O2"": 101.11924744796923, ""O1-O2-H4"": 101.11924744796931}",124.99018642032573,7.524546088433226e-07,True,22,71,1,/Users/novaz/Desktop/qml2.0/rhf_geometries/H2O2_converged.xyz,"Optimization terminated successfully.; Start 1: converged=True, energy=-148.76499662127225 Eh; Start 2: converged=True, energy=-148.76499662127196 Eh; Start 3: converged=True, energy=-148.76499662126906 Eh"
