geometry_id,full_AO_dimension,valence_shape,descriptor_qubit_dimension,selected_ao_indices,selected_ao_labels,core_ao_indices,core_ao_labels,raw_FE,saved_raw_FE,status,loader_block_vs_saved_P_L_block,loader_FE_vs_saved_raw_FE,saved_full_P_L_vs_full_AO_Lowdin_transform,loader_block_vs_full_transform_then_selection,loader_block_vs_saved_P_mu_P_munu_reconstruction
001,11,"[6, 6]",6,"[2, 6, 7, 8, 9, 10]","[""0 S 3s"", ""0 S 3px"", ""0 S 3py"", ""0 S 3pz"", ""1 H 1s"", ""2 H 1s""]","[0, 1, 3, 4, 5]","[""0 S 1s"", ""0 S 2s"", ""0 S 2px"", ""0 S 2py"", ""0 S 2pz""]","[0.028062287803305663, 0.035962139238866486, 1.9999999999999936, 1.9999999999999984, 2.0000000000000004, 2.0000000000000018]","[0.028062287803305663, 0.035962139238866486, 1.9999999999999936, 1.9999999999999984, 2.0000000000000004, 2.0000000000000018]",PASS,0.0,0.0,0.0,0.0,2.220446049250313e-16
002,11,"[6, 6]",6,"[2, 6, 7, 8, 9, 10]","[""0 S 3s"", ""0 S 3px"", ""0 S 3py"", ""0 S 3pz"", ""1 H 1s"", ""2 H 1s""]","[0, 1, 3, 4, 5]","[""0 S 1s"", ""0 S 2s"", ""0 S 2px"", ""0 S 2py"", ""0 S 2pz""]","[0.02833739212984887, 0.036121138329846314, 1.999999999999992, 1.999999999999997, 1.9999999999999973, 2.0000000000000027]","[0.02833739212984887, 0.036121138329846314, 1.999999999999992, 1.999999999999997, 1.9999999999999973, 2.0000000000000027]",PASS,0.0,0.0,0.0,0.0,5.551115123125783e-17
003,11,"[6, 6]",6,"[2, 6, 7, 8, 9, 10]","[""0 S 3s"", ""0 S 3px"", ""0 S 3py"", ""0 S 3pz"", ""1 H 1s"", ""2 H 1s""]","[0, 1, 3, 4, 5]","[""0 S 1s"", ""0 S 2s"", ""0 S 2px"", ""0 S 2py"", ""0 S 2pz""]","[0.02860453656779248, 0.036274102666168595, 1.9999999999999958, 1.9999999999999978, 2.000000000000003, 2.000000000000006]","[0.02860453656779248, 0.036274102666168595, 1.9999999999999958, 1.9999999999999978, 2.000000000000003, 2.000000000000006]",PASS,0.0,0.0,0.0,0.0,1.1102230246251565e-16
004,11,"[6, 6]",6,"[2, 6, 7, 8, 9, 10]","[""0 S 3s"", ""0 S 3px"", ""0 S 3py"", ""0 S 3pz"", ""1 H 1s"", ""2 H 1s""]","[0, 1, 3, 4, 5]","[""0 S 1s"", ""0 S 2s"", ""0 S 2px"", ""0 S 2py"", ""0 S 2pz""]","[0.028863803128342136, 0.036421153576297716, 1.999999999999999, 1.9999999999999998, 2.000000000000001, 2.0000000000000018]","[0.028863803128342136, 0.036421153576297716, 1.999999999999999, 1.9999999999999998, 2.000000000000001, 2.0000000000000018]",PASS,0.0,0.0,0.0,0.0,1.1102230246251565e-16
005,11,"[6, 6]",6,"[2, 6, 7, 8, 9, 10]","[""0 S 3s"", ""0 S 3px"", ""0 S 3py"", ""0 S 3pz"", ""1 H 1s"", ""2 H 1s""]","[0, 1, 3, 4, 5]","[""0 S 1s"", ""0 S 2s"", ""0 S 2px"", ""0 S 2py"", ""0 S 2pz""]","[0.029115282614285753, 0.036562412962494406, 2.0000000000000018, 2.0000000000000036, 2.000000000000005, 2.0000000000000053]","[0.029115282614285753, 0.036562412962494406, 2.0000000000000018, 2.0000000000000036, 2.000000000000005, 2.0000000000000053]",PASS,0.0,0.0,0.0,0.0,1.1102230246251565e-16
006,11,"[6, 6]",6,"[2, 6, 7, 8, 9, 10]","[""0 S 3s"", ""0 S 3px"", ""0 S 3py"", ""0 S 3pz"", ""1 H 1s"", ""2 H 1s""]","[0, 1, 3, 4, 5]","[""0 S 1s"", ""0 S 2s"", ""0 S 2px"", ""0 S 2py"", ""0 S 2pz""]","[0.029359073803669977, 0.03669800313517824, 1.9999999999999978, 1.9999999999999987, 2.0, 2.000000000000001]","[0.029359073803669977, 0.03669800313517824, 1.9999999999999978, 1.9999999999999987, 2.0, 2.000000000000001]",PASS,0.0,0.0,0.0,0.0,1.6653345369377348e-16
007,11,"[6, 6]",6,"[2, 6, 7, 8, 9, 10]","[""0 S 3s"", ""0 S 3px"", ""0 S 3py"", ""0 S 3pz"", ""1 H 1s"", ""2 H 1s""]","[0, 1, 3, 4, 5]","[""0 S 1s"", ""0 S 2s"", ""0 S 2px"", ""0 S 2py"", ""0 S 2pz""]","[0.029595282675464407, 0.03682804665385353, 1.9999999999999956, 1.9999999999999993, 2.0000000000000004, 2.000000000000001]","[0.029595282675464407, 0.03682804665385353, 1.9999999999999956, 1.9999999999999993, 2.0000000000000004, 2.000000000000001]",PASS,0.0,0.0,0.0,0.0,2.220446049250313e-16
008,11,"[6, 6]",6,"[2, 6, 7, 8, 9, 10]","[""0 S 3s"", ""0 S 3px"", ""0 S 3py"", ""0 S 3pz"", ""1 H 1s"", ""2 H 1s""]","[0, 1, 3, 4, 5]","[""0 S 1s"", ""0 S 2s"", ""0 S 2px"", ""0 S 2py"", ""0 S 2pz""]","[0.02982402167637188, 0.03695266617469306, 1.9999999999999967, 1.9999999999999996, 2.0000000000000018, 2.0000000000000036]","[0.02982402167637188, 0.03695266617469306, 1.9999999999999967, 1.9999999999999996, 2.0000000000000018, 2.0000000000000036]",PASS,0.0,0.0,0.0,0.0,3.3306690738754696e-16
009,11,"[6, 6]",6,"[2, 6, 7, 8, 9, 10]","[""0 S 3s"", ""0 S 3px"", ""0 S 3py"", ""0 S 3pz"", ""1 H 1s"", ""2 H 1s""]","[0, 1, 3, 4, 5]","[""0 S 1s"", ""0 S 2s"", ""0 S 2px"", ""0 S 2py"", ""0 S 2pz""]","[0.030045409027340986, 0.037071984305258265, 1.9999999999999942, 1.9999999999999978, 1.9999999999999998, 2.0000000000000004]","[0.030045409027340986, 0.037071984305258265, 1.9999999999999942, 1.9999999999999978, 1.9999999999999998, 2.0000000000000004]",PASS,0.0,0.0,0.0,0.0,2.7755575615628914e-16
010,11,"[6, 6]",6,"[2, 6, 7, 8, 9, 10]","[""0 S 3s"", ""0 S 3px"", ""0 S 3py"", ""0 S 3pz"", ""1 H 1s"", ""2 H 1s""]","[0, 1, 3, 4, 5]","[""0 S 1s"", ""0 S 2s"", ""0 S 2px"", ""0 S 2py"", ""0 S 2pz""]","[0.030259568068861986, 0.03718612346619321, 1.9999999999999933, 1.9999999999999976, 1.9999999999999996, 2.0000000000000004]","[0.030259568068861986, 0.03718612346619321, 1.9999999999999933, 1.9999999999999976, 1.9999999999999996, 2.0000000000000004]",PASS,0.0,0.0,0.0,0.0,1.3183898417423734e-16
011,11,"[6, 6]",6,"[2, 6, 7, 8, 9, 10]","[""0 S 3s"", ""0 S 3px"", ""0 S 3py"", ""0 S 3pz"", ""1 H 1s"", ""2 H 1s""]","[0, 1, 3, 4, 5]","[""0 S 1s"", ""0 S 2s"", ""0 S 2px"", ""0 S 2py"", ""0 S 2pz""]","[0.030466626643558925, 0.03729520576020873, 1.9999999999999976, 2.000000000000004, 2.000000000000005, 2.000000000000009]","[0.030466626643558925, 0.03729520576020873, 1.9999999999999976, 2.000000000000004, 2.000000000000005, 2.000000000000009]",PASS,0.0,0.0,0.0,0.0,2.220446049250313e-16
012,11,"[6, 6]",6,"[2, 6, 7, 8, 9, 10]","[""0 S 3s"", ""0 S 3px"", ""0 S 3py"", ""0 S 3pz"", ""1 H 1s"", ""2 H 1s""]","[0, 1, 3, 4, 5]","[""0 S 1s"", ""0 S 2s"", ""0 S 2px"", ""0 S 2py"", ""0 S 2pz""]","[0.030666716514919923, 0.037399352848235035, 1.9999999999999973, 1.9999999999999998, 2.0000000000000004, 2.000000000000005]","[0.030666716514919923, 0.037399352848235035, 1.9999999999999973, 1.9999999999999998, 2.0000000000000004, 2.000000000000005]",PASS,0.0,0.0,0.0,0.0,3.3306690738754696e-16
013,11,"[6, 6]",6,"[2, 6, 7, 8, 9, 10]","[""0 S 3s"", ""0 S 3px"", ""0 S 3py"", ""0 S 3pz"", ""1 H 1s"", ""2 H 1s""]","[0, 1, 3, 4, 5]","[""0 S 1s"", ""0 S 2s"", ""0 S 2px"", ""0 S 2py"", ""0 S 2pz""]","[0.030859972820870718, 0.03749868583264937, 1.999999999999998, 1.9999999999999984, 2.0000000000000027, 2.0000000000000053]","[0.030859972820870718, 0.03749868583264937, 1.999999999999998, 1.9999999999999984, 2.0000000000000027, 2.0000000000000053]",PASS,0.0,0.0,0.0,0.0,3.3306690738754696e-16
014,11,"[6, 6]",6,"[2, 6, 7, 8, 9, 10]","[""0 S 3s"", ""0 S 3px"", ""0 S 3py"", ""0 S 3pz"", ""1 H 1s"", ""2 H 1s""]","[0, 1, 3, 4, 5]","[""0 S 1s"", ""0 S 2s"", ""0 S 2px"", ""0 S 2py"", ""0 S 2pz""]","[0.031046533560802832, 0.03759332514754909, 1.999999999999996, 1.9999999999999971, 2.0, 2.000000000000002]","[0.031046533560802832, 0.03759332514754909, 1.999999999999996, 1.9999999999999971, 2.0, 2.000000000000002]",PASS,0.0,0.0,0.0,0.0,1.1102230246251565e-16
015,11,"[6, 6]",6,"[2, 6, 7, 8, 9, 10]","[""0 S 3s"", ""0 S 3px"", ""0 S 3py"", ""0 S 3pz"", ""1 H 1s"", ""2 H 1s""]","[0, 1, 3, 4, 5]","[""0 S 1s"", ""0 S 2s"", ""0 S 2px"", ""0 S 2py"", ""0 S 2pz""]","[0.031226539114833862, 0.0376833904558036, 1.999999999999997, 1.999999999999998, 1.9999999999999996, 2.000000000000005]","[0.031226539114833862, 0.0376833904558036, 1.999999999999997, 1.999999999999998, 1.9999999999999996, 2.000000000000005]",PASS,0.0,0.0,0.0,0.0,2.220446049250313e-16
016,11,"[6, 6]",6,"[2, 6, 7, 8, 9, 10]","[""0 S 3s"", ""0 S 3px"", ""0 S 3py"", ""0 S 3pz"", ""1 H 1s"", ""2 H 1s""]","[0, 1, 3, 4, 5]","[""0 S 1s"", ""0 S 2s"", ""0 S 2px"", ""0 S 2py"", ""0 S 2pz""]","[0.03140013179388812, 0.03776900055280952, 1.9999999999999971, 1.9999999999999991, 2.0000000000000004, 2.0000000000000067]","[0.03140013179388812, 0.03776900055280952, 1.9999999999999971, 1.9999999999999991, 2.0000000000000004, 2.0000000000000067]",PASS,0.0,0.0,0.0,0.0,2.220446049250313e-16
017,11,"[6, 6]",6,"[2, 6, 7, 8, 9, 10]","[""0 S 3s"", ""0 S 3px"", ""0 S 3py"", ""0 S 3pz"", ""1 H 1s"", ""2 H 1s""]","[0, 1, 3, 4, 5]","[""0 S 1s"", ""0 S 2s"", ""0 S 2px"", ""0 S 2py"", ""0 S 2pz""]","[0.031567455419399426, 0.03785027327663126, 1.9999999999999938, 1.9999999999999958, 1.9999999999999996, 2.0000000000000013]","[0.031567455419399426, 0.03785027327663126, 1.9999999999999938, 1.9999999999999958, 1.9999999999999996, 2.0000000000000013]",PASS,0.0,0.0,0.0,0.0,2.220446049250313e-16
018,11,"[6, 6]",6,"[2, 6, 7, 8, 9, 10]","[""0 S 3s"", ""0 S 3px"", ""0 S 3py"", ""0 S 3pz"", ""1 H 1s"", ""2 H 1s""]","[0, 1, 3, 4, 5]","[""0 S 1s"", ""0 S 2s"", ""0 S 2px"", ""0 S 2py"", ""0 S 2pz""]","[0.031728654931192146, 0.037927325424331304, 1.9999999999999976, 2.0000000000000013, 2.000000000000004, 2.0000000000000044]","[0.031728654931192146, 0.037927325424331304, 1.9999999999999976, 2.0000000000000013, 2.000000000000004, 2.0000000000000044]",PASS,0.0,0.0,0.0,0.0,1.6653345369377348e-16
019,11,"[6, 6]",6,"[2, 6, 7, 8, 9, 10]","[""0 S 3s"", ""0 S 3px"", ""0 S 3py"", ""0 S 3pz"", ""1 H 1s"", ""2 H 1s""]","[0, 1, 3, 4, 5]","[""0 S 1s"", ""0 S 2s"", ""0 S 2px"", ""0 S 2py"", ""0 S 2pz""]","[0.03188387602236875, 0.03800027267418016, 1.9999999999999976, 1.9999999999999993, 2.0000000000000018, 2.000000000000005]","[0.03188387602236875, 0.03800027267418016, 1.9999999999999976, 1.9999999999999993, 2.0000000000000018, 2.000000000000005]",PASS,0.0,0.0,0.0,0.0,1.1102230246251565e-16
020,11,"[6, 6]",6,"[2, 6, 7, 8, 9, 10]","[""0 S 3s"", ""0 S 3px"", ""0 S 3py"", ""0 S 3pz"", ""1 H 1s"", ""2 H 1s""]","[0, 1, 3, 4, 5]","[""0 S 1s"", ""0 S 2s"", ""0 S 2px"", ""0 S 2py"", ""0 S 2pz""]","[0.0320332647999233, 0.03806922951362579, 1.9999999999999916, 1.999999999999997, 1.9999999999999993, 2.0000000000000018]","[0.0320332647999233, 0.03806922951362579, 1.9999999999999916, 1.999999999999997, 1.9999999999999993, 2.0000000000000018]",PASS,0.0,0.0,0.0,0.0,2.220446049250313e-16
021,11,"[6, 6]",6,"[2, 6, 7, 8, 9, 10]","[""0 S 3s"", ""0 S 3px"", ""0 S 3py"", ""0 S 3pz"", ""1 H 1s"", ""2 H 1s""]","[0, 1, 3, 4, 5]","[""0 S 1s"", ""0 S 2s"", ""0 S 2px"", ""0 S 2py"", ""0 S 2pz""]","[0.03217696746984888, 0.0381343091725046, 1.9999999999999982, 1.9999999999999987, 2.0, 2.0000000000000004]","[0.03217696746984888, 0.0381343091725046, 1.9999999999999982, 1.9999999999999987, 2.0, 2.0000000000000004]",PASS,0.0,0.0,0.0,0.0,2.220446049250313e-16
022,11,"[6, 6]",6,"[2, 6, 7, 8, 9, 10]","[""0 S 3s"", ""0 S 3px"", ""0 S 3py"", ""0 S 3pz"", ""1 H 1s"", ""2 H 1s""]","[0, 1, 3, 4, 5]","[""0 S 1s"", ""0 S 2s"", ""0 S 2px"", ""0 S 2py"", ""0 S 2pz""]","[0.03231513004548603, 0.03819562356147399, 1.9999999999999947, 2.0000000000000004, 2.0000000000000013, 2.0000000000000044]","[0.03231513004548603, 0.03819562356147399, 1.9999999999999947, 2.0000000000000004, 2.0000000000000013, 2.0000000000000044]",PASS,0.0,0.0,0.0,0.0,1.6653345369377348e-16
023,11,"[6, 6]",6,"[2, 6, 7, 8, 9, 10]","[""0 S 3s"", ""0 S 3px"", ""0 S 3py"", ""0 S 3pz"", ""1 H 1s"", ""2 H 1s""]","[0, 1, 3, 4, 5]","[""0 S 1s"", ""0 S 2s"", ""0 S 2px"", ""0 S 2py"", ""0 S 2pz""]","[0.03244789807802238, 0.03825328321522958, 1.9999999999999984, 2.0000000000000004, 2.0000000000000013, 2.000000000000005]","[0.03244789807802238, 0.03825328321522958, 1.9999999999999984, 2.0000000000000004, 2.0000000000000013, 2.000000000000005]",PASS,0.0,0.0,0.0,0.0,2.220446049250313e-16
024,11,"[6, 6]",6,"[2, 6, 7, 8, 9, 10]","[""0 S 3s"", ""0 S 3px"", ""0 S 3py"", ""0 S 3pz"", ""1 H 1s"", ""2 H 1s""]","[0, 1, 3, 4, 5]","[""0 S 1s"", ""0 S 2s"", ""0 S 2px"", ""0 S 2py"", ""0 S 2pz""]","[0.03257541640793993, 0.038307397240325836, 1.9999999999999984, 1.9999999999999998, 2.0000000000000036, 2.0000000000000093]","[0.03257541640793993, 0.038307397240325836, 1.9999999999999984, 1.9999999999999998, 2.0000000000000036, 2.0000000000000093]",PASS,0.0,0.0,0.0,0.0,1.1102230246251565e-16
025,11,"[6, 6]",6,"[2, 6, 7, 8, 9, 10]","[""0 S 3s"", ""0 S 3px"", ""0 S 3py"", ""0 S 3pz"", ""1 H 1s"", ""2 H 1s""]","[0, 1, 3, 4, 5]","[""0 S 1s"", ""0 S 2s"", ""0 S 2px"", ""0 S 2py"", ""0 S 2pz""]","[0.032697828936435185, 0.03835807326727281, 1.9999999999999956, 1.9999999999999964, 1.999999999999998, 2.000000000000001]","[0.032697828936435185, 0.03835807326727281, 1.9999999999999956, 1.9999999999999964, 1.999999999999998, 2.000000000000001]",PASS,0.0,0.0,0.0,0.0,2.2898349882893854e-16
026,11,"[6, 6]",6,"[2, 6, 7, 8, 9, 10]","[""0 S 3s"", ""0 S 3px"", ""0 S 3py"", ""0 S 3pz"", ""1 H 1s"", ""2 H 1s""]","[0, 1, 3, 4, 5]","[""0 S 1s"", ""0 S 2s"", ""0 S 2px"", ""0 S 2py"", ""0 S 2pz""]","[0.032815278415564864, 0.038405417406757625, 1.9999999999999958, 1.9999999999999987, 2.0, 2.0000000000000018]","[0.032815278415564864, 0.038405417406757625, 1.9999999999999958, 1.9999999999999987, 2.0, 2.0000000000000018]",PASS,0.0,0.0,0.0,0.0,1.1102230246251565e-16
027,11,"[6, 6]",6,"[2, 6, 7, 8, 9, 10]","[""0 S 3s"", ""0 S 3px"", ""0 S 3py"", ""0 S 3pz"", ""1 H 1s"", ""2 H 1s""]","[0, 1, 3, 4, 5]","[""0 S 1s"", ""0 S 2s"", ""0 S 2px"", ""0 S 2py"", ""0 S 2pz""]","[0.03292790625633213, 0.03844953420964736, 1.9999999999999891, 1.999999999999991, 1.999999999999999, 2.0000000000000018]","[0.03292790625633213, 0.03844953420964736, 1.9999999999999891, 1.999999999999991, 1.999999999999999, 2.0000000000000018]",PASS,0.0,0.0,0.0,0.0,2.220446049250313e-16
028,11,"[6, 6]",6,"[2, 6, 7, 8, 9, 10]","[""0 S 3s"", ""0 S 3px"", ""0 S 3py"", ""0 S 3pz"", ""1 H 1s"", ""2 H 1s""]","[0, 1, 3, 4, 5]","[""0 S 1s"", ""0 S 2s"", ""0 S 2px"", ""0 S 2py"", ""0 S 2pz""]","[0.033035852353403665, 0.03849052663076824, 1.9999999999999951, 1.9999999999999984, 2.0000000000000018, 2.000000000000005]","[0.033035852353403665, 0.03849052663076824, 1.9999999999999951, 1.9999999999999984, 2.0000000000000018, 2.000000000000005]",PASS,0.0,0.0,0.0,0.0,2.0122792321330962e-16
029,11,"[6, 6]",6,"[2, 6, 7, 8, 9, 10]","[""0 S 3s"", ""0 S 3px"", ""0 S 3py"", ""0 S 3pz"", ""1 H 1s"", ""2 H 1s""]","[0, 1, 3, 4, 5]","[""0 S 1s"", ""0 S 2s"", ""0 S 2px"", ""0 S 2py"", ""0 S 2pz""]","[0.033139254926022765, 0.03852849599584762, 1.999999999999996, 1.9999999999999964, 1.9999999999999998, 2.0000000000000036]","[0.033139254926022765, 0.03852849599584762, 1.999999999999996, 1.9999999999999964, 1.9999999999999998, 2.0000000000000036]",PASS,0.0,0.0,0.0,0.0,2.220446049250313e-16
030,11,"[6, 6]",6,"[2, 6, 7, 8, 9, 10]","[""0 S 3s"", ""0 S 3px"", ""0 S 3py"", ""0 S 3pz"", ""1 H 1s"", ""2 H 1s""]","[0, 1, 3, 4, 5]","[""0 S 1s"", ""0 S 2s"", ""0 S 2px"", ""0 S 2py"", ""0 S 2pz""]","[0.033238250373682776, 0.038563541971926796, 1.9999999999999962, 1.9999999999999967, 1.9999999999999976, 2.0000000000000027]","[0.033238250373682776, 0.038563541971926796, 1.9999999999999962, 1.9999999999999967, 1.9999999999999976, 2.0000000000000027]",PASS,0.0,0.0,0.0,0.0,1.1102230246251565e-16
