molecule,E_re_Ha,E_diss_Ha,D_e_Ha,k_Ha_per_Bohr2,mu_eff_amu,omega_rad_per_s,E_0_Ha,E_1_Ha,E_total_0_Ha,E_total_1_Ha,n0_bound,n1_bound,Delta_q_n0_A,Delta_q_n1_A,asymptote_status,basis,coordinate,gap_tolerance_Ha,harmonic_quantum_Ha,k_Ha_per_A2,k_N_per_m,mu_eff_kg,n0_abs_gap_absolute_Ha,n0_abs_gap_relative_Ha,n0_abs_gap_residual_Ha,n0_bound_relative,n0_classification_agrees,n0_gap_absolute_Ha,n0_gap_relative_Ha,n0_gap_residual_Ha,n0_max_A,n0_min_A,n1_abs_gap_absolute_Ha,n1_abs_gap_relative_Ha,n1_abs_gap_residual_Ha,n1_bound_relative,n1_classification_agrees,n1_gap_absolute_Ha,n1_gap_relative_Ha,n1_gap_residual_Ha,n1_max_A,n1_min_A,near_threshold_levels,r_e_A,selected_n,selected_range_max_A,selected_range_min_A,validation_status
LiH,-7.863382128921103,-7.519403313292334,0.34397881562876886,0.11621039750120737,0.880161046803545,351840856677855.3,0.004255311673153625,0.012765935019460876,-7.859126817247949,-7.850616193901642,YES,YES,0.14320537696450547,0.24803898881957717,PLATEAU_CONFIRMED,sto-3g,q = r(Li-H) - r_e(Li-H),1.4210854715202004e-14,0.00851062334630725,0.414994862916199,180.92716312648525,1.461541780080527e-27,0.33972350395561524,0.33972350395561524,0.0,YES,YES,-0.33972350395561524,-0.33972350395561524,0.0,1.6540172299965055,1.3676064760674946,0.331212880609308,0.331212880609308,0.0,YES,YES,-0.331212880609308,-0.331212880609308,0.0,1.7588508418515771,1.262772864212423,[],1.510811853032,1,1.7588508418515771,1.262772864212423,PASS
BeH2,-15.561352807782086,-14.897741283582285,0.6636115241998013,0.47324778063118805,2.015999999999556,469141527175702.75,0.005673995441580378,0.017021986324741136,-15.555678812340506,-15.544330821457345,YES,YES,0.08194384327985485,0.1419308999281701,PLATEAU_CONFIRMED,sto-3g,r(Be-H_i) = r_e(Be-H_i) + q for every H,2.842170943040401e-14,0.011347990883160757,1.6899985033300902,736.796192480251,3.3476467055004255e-27,0.6579375287582216,0.6579375287582209,7.771561172376096e-16,YES,YES,-0.6579375287582216,-0.6579375287582209,7.771561172376096e-16,1.372482264277855,1.208594577718145,0.6465895378750606,0.6465895378750601,4.440892098500626e-16,YES,YES,-0.6465895378750606,-0.6465895378750601,4.440892098500626e-16,1.43246932092617,1.1486075210698299,[],1.290538420998,1,1.43246932092617,1.1486075210698299,PASS
H2O,-74.96590119229926,-74.20767773502641,0.7582234572728481,1.2468939474477645,1.9228376826155318,779737271980277.9,0.009430471340878457,0.02829141402263537,-74.95647072095838,-74.93760977827662,YES,YES,0.0650830762274857,0.1127271947388834,PLATEAU_CONFIRMED,sto-3g,r(O-H_i) = r_e(O-H_i) + q for every H,2.2737367544323206e-13,0.018860942681756913,4.452739117313037,1941.2805521895316,3.192947040387587e-27,0.7487929859319706,0.7487929859319696,9.992007221626409e-16,YES,YES,-0.7487929859319706,-0.7487929859319696,9.992007221626409e-16,1.0544922526127356,0.9243261001577642,0.7299320432502157,0.7299320432502128,2.886579864025407e-15,YES,YES,-0.7299320432502157,-0.7299320432502128,2.886579864025407e-15,1.1021363711241332,0.8766819816463665,[],0.9894091763852498,1,1.1021363711241332,0.8766819816463665,PASS
NH3,-55.45541977879945,-54.183259473523556,1.2721603052758965,1.6292477532464624,2.9326118905754153,721723951053823.0,0.008728833776475924,0.02618650132942777,-55.44669094502298,-55.429233277470026,YES,YES,0.05477730696310762,0.09487707876189883,PLATEAU_CONFIRMED,sto-3g,r(N-H_i) = r_e(N-H_i) + q for every H,1.1368683772161603e-13,0.017457667552951847,5.8181493442358825,2536.564544683015,4.869716534721392e-27,1.2634314714994233,1.2634314714994206,2.6645352591003757e-15,YES,YES,-1.2634314714994233,-1.2634314714994206,2.6645352591003757e-15,1.0873000205292445,0.9777454066030291,1.2459738039464696,1.2459738039464687,8.881784197001252e-16,YES,YES,-1.2459738039464696,-1.2459738039464687,8.881784197001252e-16,1.1273997923280357,0.9376456348042379,[],1.0325227135661368,1,1.1273997923280357,0.9376456348042379,PASS
N2,-107.50065426275157,-106.7276699911953,0.7729842715562683,1.8886404537016717,7.003499999998458,502830862315110.56,0.006081448465749102,0.018244345397247307,-107.49457281428582,-107.48240991735432,YES,YES,0.04246635660334191,0.07355388724932627,PLATEAU_CONFIRMED,sto-3g,q = r(N-N) - r_e(N-N),2.2737367544323206e-13,0.012162896931498204,6.744457492917276,2940.4112437582125,1.1629585169629082e-26,0.7669028230905184,0.7669028230905192,7.771561172376096e-16,YES,YES,-0.7669028230905184,-0.7669028230905192,7.771561172376096e-16,1.1763173640973419,1.0913846508906582,0.7547399261590186,0.754739926159021,2.3314683517128287e-15,YES,YES,-0.7547399261590186,-0.754739926159021,2.3314683517128287e-15,1.2074048947433262,1.0602971202446738,[],1.133851007494,1,1.2074048947433262,1.0602971202446738,PASS
CO,-111.22544951413585,-110.75140353733572,0.4740459768001273,1.5738288619576921,6.860549410923158,463771602567688.2,0.005609049309160739,0.016827147927482217,-111.21984046482669,-111.20862236620836,YES,YES,0.04467679465701904,0.07738247826527873,PLATEAU_CONFIRMED,sto-3g,q = r(C-O) - r_e(C-O),2.2737367544323206e-13,0.011218098618321478,5.620244890866191,2450.2832566047423,1.1392210135617488e-26,0.4684369274909699,0.46843692749096655,3.3306690738754696e-15,YES,YES,-0.4684369274909699,-0.46843692749096655,3.3306690738754696e-15,1.190157470611019,1.100803881296981,0.45721882887264087,0.4572188288726451,4.218847493575595e-15,YES,YES,-0.45721882887264087,-0.4572188288726451,4.218847493575595e-15,1.2228631542192787,1.0680981976887212,[],1.145480675954,1,1.2228631542192787,1.0680981976887212,PASS
HF,-98.57284734716009,-98.01126603214851,0.5615813150115798,0.7252742018611432,0.9572130598523252,842852647653477.6,0.010193815306652025,0.030581445919956075,-98.56265353185344,-98.54226590124014,YES,YES,0.08872242349363701,0.15367174526162192,PLATEAU_CONFIRMED,sto-3g,q = r(H-F) - r_e(H-F),2.2737367544323206e-13,0.02038763061330405,2.5900011913726884,1129.1743824402554,1.5894896558915297e-27,0.55138749970493,0.5513874997049278,2.1094237467877974e-15,YES,YES,-0.55138749970493,-0.5513874997049278,2.1094237467877974e-15,1.0441851221036371,0.866740275116363,0.5309998690916302,0.5309998690916238,6.439293542825908e-15,YES,YES,-0.5309998690916302,-0.5309998690916238,6.439293542825908e-15,1.109134443871622,0.801790953348378,[],0.95546269861,1,1.109134443871622,0.801790953348378,PASS
H2S,-394.3116300592765,-393.57853257752845,0.7330974817480751,0.7944999723451962,1.9589919275703847,616645360310388.0,0.007457968993997085,0.022373906981991255,-394.3041720902825,-394.2892561522945,YES,YES,0.07250692285158937,0.12558567427942965,PLATEAU_CONFIRMED,sto-3g,r(S-H_i) = r_e(S-H_i) + q for every H,9.094947017729282e-13,0.01491593798799417,2.8372109053916024,1236.9515051266724,3.252982575612287e-27,0.7256395127540713,0.725639512754078,6.661338147750939e-15,YES,YES,-0.7256395127540713,-0.725639512754078,6.661338147750939e-15,1.4011627916926765,1.256148945989498,0.7107235747660638,0.7107235747660838,1.9984014443252818e-14,YES,YES,-0.7107235747660638,-0.7107235747660838,1.9984014443252818e-14,1.454241543120517,1.2030701945616575,[],1.3286558688410872,1,1.454241543120517,1.2030701945616575,PASS
H2O2,-148.76499662127225,-148.28701434160945,0.4779822796627968,0.709124310058551,8.462311148572715,280298994797179.0,0.0033900542301878002,0.010170162690563402,-148.76160656704207,-148.75482645858168,YES,YES,0.05174379368513854,0.08962287963902157,PLATEAU_CONFIRMED,sto-3g,"q = r(O-O) - r_e(O-O); both OH lengths, OOH angles and HOOH torsion fixed",4.547473508864641e-13,0.0067801084603756005,2.532328880814947,1104.0307277288746,1.4051998034447028e-26,0.47459222543261603,0.47459222543260904,6.994405055138486e-15,YES,YES,-0.47459222543261603,-0.47459222543260904,6.994405055138486e-15,1.4479923728177184,1.3445047854474412,0.467812116972226,0.4678121169722334,7.382983113757291e-15,YES,YES,-0.467812116972226,-0.4678121169722334,7.382983113757291e-15,1.4858714587716013,1.3066256994935583,[],1.3962485791325798,1,1.4858714587716013,1.3066256994935583,PASS
