molecule,RHF_basis,coordinate_definition,s_eq_A,k_q_Eh_per_Bohr2,k_q_Eh_per_A2,k_q_N_per_m,mu_eff_amu,mu_eff_kg,omega_rad_per_s,harmonic_frequency_cm1,Delta_q_n0_A,Delta_q_n1_A,n0_min_A,n0_max_A,n1_min_A,n1_max_A,Hessian_FD_relative_difference,dominant_normal_mode,dominant_mode_frequency_cm1,mode_overlap,validation_status,message
LiH,sto-3g,q = r(Li-H) - r_e(Li-H),1.510811853032,0.11621039750120737,0.414994862916199,180.92716312648525,0.880161046803545,1.461541780080527e-27,351840856677855.3,1867.8659194944714,0.14320537696450547,0.24803898881957717,1.3676064760674946,1.6540172299965055,1.262772864212423,1.7588508418515771,7.244682480716566e-07,1,1867.8659194944712,0.9999999999999999,PASS,
BeH2,sto-3g,r(Be-H_i) = r_e(Be-H_i) + q for every H,1.290538420998,0.47324778063118805,1.6899985033300902,736.796192480251,2.015999999999556,3.3476467055004255e-27,469141527175702.75,2490.596112984732,0.08194384327985485,0.1419308999281701,1.208594577718145,1.372482264277855,1.1486075210698299,1.43246932092617,1.1859223535552464e-06,3,2490.5961129847306,0.9999999999999993,PASS,
H2O,sto-3g,r(O-H_i) = r_e(O-H_i) + q for every H,0.9894091763852498,1.2468939474477645,4.452739117313037,1941.2805521895316,1.9228376826155318,3.192947040387587e-27,779737271980277.9,4139.498437570796,0.0650830762274857,0.1127271947388834,0.9243261001577642,1.0544922526127356,0.8766819816463665,1.1021363711241332,2.502648205470385e-06,2,4139.638283101215,0.9999534198877882,PASS,
NH3,sto-3g,r(N-H_i) = r_e(N-H_i) + q for every H,1.0325227135661368,1.6292477532464624,5.8181493442358825,2536.564544683015,2.9326118905754153,4.869716534721392e-27,721723951053823.0,3831.515146322629,0.05477730696310762,0.09487707876189883,0.9777454066030291,1.0873000205292445,0.9376456348042379,1.1273997923280357,2.403932312057759e-06,4,3832.9331097443583,0.9995720023600705,PASS,
N2,sto-3g,q = r(N-N) - r_e(N-N),1.133851007494,1.8886404537016717,6.744457492917276,2940.4112437582125,7.003499999998458,1.1629585169629082e-26,502830862315110.56,2669.447317337452,0.04246635660334191,0.07355388724932627,1.0913846508906582,1.1763173640973419,1.0602971202446738,1.2074048947433262,2.8994240689780395e-06,1,2669.447317337451,0.9999999999999998,PASS,
CO,sto-3g,q = r(C-O) - r_e(C-O),1.145480675954,1.5738288619576921,5.620244890866191,2450.2832566047423,6.860549410923158,1.1392210135617488e-26,463771602567688.2,2462.088056074363,0.04467679465701904,0.07738247826527873,1.100803881296981,1.190157470611019,1.0680981976887212,1.2228631542192787,2.794154091295728e-06,1,2462.0880560743626,1.0,PASS,
HF,sto-3g,q = r(H-F) - r_e(H-F),0.95546269861,0.7252742018611432,2.5900011913726884,1129.1743824402554,0.9572130598523252,1.5894896558915297e-27,842852647653477.6,4474.567708175719,0.08872242349363701,0.15367174526162192,0.866740275116363,1.0441851221036371,0.801790953348378,1.109134443871622,2.517045457929185e-06,1,4474.567708175721,1.0000000000000002,PASS,
H2S,sto-3g,r(S-H_i) = r_e(S-H_i) + q for every H,1.3286558688410872,0.7944999723451962,2.8372109053916024,1236.9515051266724,1.9589919275703847,3.252982575612287e-27,616645360310388.0,3273.669987657965,0.07250692285158937,0.12558567427942965,1.256148945989498,1.4011627916926765,1.2030701945616575,1.454241543120517,1.280336488940424e-06,2,3274.25522357873,0.9997643021169311,PASS,
H2O2,sto-3g,"q = r(O-O) - r_e(O-O); both OH lengths, OOH angles and HOOH torsion fixed",1.3962485791325798,0.709124310058551,2.532328880814947,1104.0307277288746,8.462311148572715,1.4051998034447028e-26,280298994797179.0,1488.0618032645937,0.05174379368513854,0.08962287963902157,1.3445047854474412,1.4479923728177184,1.3066256994935583,1.4858714587716013,1.5870779819402609e-06,2,1486.7652554262097,0.997888748371245,PASS,
