epoch,train_mae_ha,train_mae_mha,test_mae_ha,test_mae_mha,learning_rate,best_epoch,a,b,c
1,0.11424932389431379,114.24932389431379,0.1154248746051058,115.4248746051058,0.02,1,-0.14861553212696169,0.0015655875644531754,-0.0965655115606486
2,0.08215561838092929,82.15561838092928,0.08337238225973492,83.37238225973492,0.02,2,-0.17500769993351634,0.03279662061453276,-0.1296401617373952
3,0.00945465537263723,9.45465537263723,0.009322870551568633,9.322870551568633,0.02,3,-0.19645964958430095,0.06045023258985535,-0.16168907005216862
4,0.05110612875216815,51.106128752168146,0.04994794070423243,49.94794070423243,0.02,3,-0.21351850389850185,0.08259559628400322,-0.1874578090039966
5,0.052802143835021124,52.80214383502113,0.05171152793063296,51.71152793063296,0.02,3,-0.23375065745212112,0.10752977718554949,-0.21359447540684776
6,0.03022464440203108,30.224644402031082,0.029185464419019824,29.185464419019823,0.02,3,-0.25653619039172487,0.1345331213636218,-0.24127976410916158
7,0.008525732048768013,8.525732048768013,0.008313748540831917,8.313748540831917,0.02,7,-0.2780203386954592,0.15961632350225266,-0.26710016350678895
8,0.014007928071667527,14.007928071667527,0.015024891603588655,15.024891603588655,0.02,7,-0.29605005050476874,0.18057397794965094,-0.2886945572873899
9,0.024113433887753447,24.113433887753448,0.02512326650868033,25.123266508680327,0.02,7,-0.3103688435827115,0.1972418529283467,-0.3058943234947337
10,0.02553454350596673,25.53454350596673,0.026515615093855822,26.51561509385582,0.02,7,-0.32145080236052603,0.2101962461530457,-0.3193369082364007
11,0.020455142007348357,20.455142007348357,0.02138634220807597,21.38634220807597,0.02,7,-0.33007129419034276,0.22038149753858205,-0.3298245275273791
12,0.011398941621719234,11.398941621719235,0.012266489692857797,12.266489692857798,0.02,7,-0.3369283879404546,0.22864429984944787,-0.3379724626700656
13,0.005921291566714559,5.92129156671456,0.006124513640760397,6.124513640760397,0.02,13,-0.34253887111578485,0.23554674790196076,-0.3443862794519009
14,0.0081412133135188,8.1412133135188,0.0077989626745681865,7.798962674568187,0.02,13,-0.3472581393183536,0.24135117056950134,-0.34962354650557775
15,0.012706424690356901,12.7064246903569,0.011999767389413522,11.999767389413522,0.02,13,-0.351312999114118,0.2460848327936857,-0.3542870766429773
16,0.014148384934867031,14.148384934867032,0.01346235222774289,13.46235222774289,0.02,13,-0.35481793668282074,0.24971659002127003,-0.35880447444571983
17,0.01195641390346423,11.95641390346423,0.011273376096399777,11.273376096399778,0.02,13,-0.3578439448314409,0.25234439334578523,-0.36328933909191974
18,0.008042664134824537,8.042664134824536,0.0076802506421789095,7.680250642178909,0.02,13,-0.3604648289600072,0.25421907899562735,-0.36760030249251696
19,0.005488892858463578,5.488892858463578,0.0055000081203203125,5.500008120320312,0.02,19,-0.36272928447483177,0.25561361516829295,-0.37151390371683185
20,0.0054443583380912155,5.444358338091216,0.005742824005522211,5.742824005522211,0.02,20,-0.364714912375629,0.2568048512557869,-0.374808537215292
21,0.006673147379138518,6.673147379138518,0.007194323002766613,7.194323002766613,0.02,20,-0.36644953912062916,0.2579603812394841,-0.3773575139197149
22,0.007211650465933709,7.211650465933709,0.00779998259244299,7.79998259244299,0.02,20,-0.36798935482867673,0.2591935343463996,-0.3791311129847791
23,0.006534302726675965,6.534302726675965,0.00704655650314987,7.04655650314987,0.02,20,-0.36936650142404576,0.26050012650014487,-0.3802481249905005
24,0.005471476286470709,5.471476286470709,0.005831102163485682,5.831102163485682,0.02,20,-0.37059897308453366,0.26182341033209144,-0.3808851016516766
25,0.0048852469073938235,4.885246907393824,0.005082444288441023,5.082444288441023,0.02,25,-0.37172068974150535,0.2631173010603759,-0.38120110931227164
26,0.005044133478219572,5.044133478219572,0.00506655968653098,5.066559686530979,0.02,25,-0.37275053357599397,0.2642998900075836,-0.38138464480377204
27,0.005453591986403631,5.453591986403631,0.005385215348767043,5.385215348767042,0.02,25,-0.3736969688924482,0.26529014528992356,-0.381598902671548
28,0.0056541484762161935,5.654148476216194,0.005515902282795913,5.515902282795913,0.02,25,-0.3745763011035244,0.26606759015454384,-0.38191808343392236
29,0.005348942620114789,5.348942620114789,0.005286417119056059,5.286417119056059,0.02,25,-0.3753948848431361,0.2666174906432664,-0.38239330948779904
30,0.004857949915858699,4.857949915858699,0.004888503160974489,4.888503160974489,0.02,30,-0.376176855646269,0.26700662566796834,-0.38296916732174857
31,0.004564458534118169,4.564458534118169,0.0046811784494575955,4.681178449457596,0.02,31,-0.3769305135344434,0.2673391778970256,-0.38351788225134065
32,0.004517591654321039,4.517591654321039,0.0047143615316464545,4.714361531646454,0.02,32,-0.37765245069656106,0.2676976030739248,-0.3839322143549889
33,0.004502940832928828,4.502940832928828,0.004745861584480077,4.7458615844800764,0.02,33,-0.37838187341021523,0.2681972324542016,-0.38409077743488806
34,0.004415848536006112,4.415848536006112,0.004624544898145819,4.624544898145819,0.02,34,-0.37910850632051285,0.26881033820714406,-0.38403393010150827
35,0.004291846722401338,4.2918467224013375,0.004486864659161292,4.4868646591612915,0.02,35,-0.3798193910764085,0.26947813248264896,-0.38384752138364453
36,0.004265579623442541,4.265579623442541,0.0043881601798781734,4.388160179878174,0.02,36,-0.3805318221983732,0.2702002899202095,-0.38355137114625104
37,0.004285325819299452,4.285325819299452,0.00434878601818421,4.348786018184209,0.02,36,-0.3812216612836306,0.2708337767495797,-0.3833365398715256
38,0.004298331871732203,4.298331871732203,0.004345929816300054,4.345929816300053,0.02,36,-0.3819154730205986,0.2714453165938627,-0.38313262025233596
39,0.00425116982473433,4.251169824734331,0.004301151348948251,4.301151348948251,0.02,39,-0.3825889488156177,0.27197677379083174,-0.3830062768925343
40,0.004100926872412491,4.100926872412491,0.00416481417104624,4.16481417104624,0.02,40,-0.38325700004839025,0.2723960686290118,-0.38301826093052704
41,0.003954175791314316,3.954175791314316,0.004082806225473471,4.082806225473471,0.02,41,-0.3839458973961539,0.272834651342588,-0.38300713774086703
42,0.0038755897137813717,3.8755897137813715,0.004005005373619841,4.0050053736198405,0.02,42,-0.3846149880525832,0.27327072424675725,-0.3829732254822841
43,0.003805323268295409,3.805323268295409,0.003948212250953398,3.9482122509533983,0.02,43,-0.38529241684194127,0.2737602916882317,-0.38286170651772167
44,0.0037460077528624833,3.746007752862483,0.0038779210855423765,3.8779210855423765,0.02,44,-0.3859860975299769,0.27432893736104363,-0.38264533707558673
45,0.003691067642112795,3.691067642112795,0.00382459652847118,3.82459652847118,0.02,45,-0.38668881930169935,0.27493329467169736,-0.38238042972716346
46,0.003661125036326547,3.6611250363265473,0.0037696405862878463,3.769640586287846,0.02,46,-0.387381501111289,0.27551571134883795,-0.3821327685997506
47,0.0036121795957207757,3.6121795957207756,0.0037086140313345303,3.7086140313345304,0.02,47,-0.38807070169990016,0.27605913009960037,-0.3819315843400413
48,0.0035477156697224085,3.5477156697224084,0.003644679483292146,3.644679483292146,0.02,48,-0.38875468480518083,0.276579044843082,-0.38175534840025055
49,0.003467910990877182,3.467910990877182,0.0035765448016921533,3.5765448016921533,0.02,49,-0.38945336108922957,0.27709116979247167,-0.3815970304188083
50,0.0034076243752762846,3.4076243752762845,0.003513625774527027,3.513625774527027,0.02,50,-0.3901370393111461,0.27761194264443056,-0.38141221274535436
51,0.0033502622884531343,3.350262288453134,0.00345033339705189,3.45033339705189,0.02,51,-0.3908348210534612,0.2781466973960214,-0.3812162869018304
52,0.003250726137385847,3.250726137385847,0.0033785650896836694,3.3785650896836694,0.02,52,-0.3915302576700008,0.27862611186181596,-0.3810924118807216
53,0.0031652082599259953,3.165208259925995,0.0033086431867289613,3.308643186728961,0.02,53,-0.3922113469737848,0.27909768874278884,-0.38096735827032
54,0.003097907434927492,3.097907434927492,0.0032424501911540674,3.2424501911540675,0.02,54,-0.3928878476618779,0.27958477045399754,-0.3808161205196263
55,0.003061959497579567,3.0619594975795668,0.003188155666416655,3.1881556664166553,0.02,55,-0.3935844444440779,0.2801707285940667,-0.3805434120571433
56,0.0030118815186798388,3.011881518679839,0.003127252542826082,3.127252542826082,0.02,56,-0.3942719973437992,0.28069988774039806,-0.38033952061360166
57,0.002938048618002947,2.938048618002947,0.0030627095475612284,3.0627095475612283,0.02,57,-0.39494465871112405,0.2811840902327698,-0.3801847437389067
58,0.0028711705080925413,2.871170508092541,0.002999396960472343,2.999396960472343,0.02,58,-0.3956215235492175,0.2816780891179321,-0.38001756055617264
59,0.0028296045492649064,2.8296045492649062,0.002940878180503791,2.9408781805037907,0.02,59,-0.3963007019048645,0.2822082706683787,-0.37980344904430174
60,0.002782631352886262,2.7826313528862623,0.0028824846284598135,2.8824846284598133,0.02,60,-0.39696498516464973,0.2827157612808635,-0.3796073755085377
61,0.002699927056987662,2.699927056987662,0.0028174558683525014,2.8174558683525013,0.02,61,-0.3976248620120218,0.2831694035816248,-0.3794800222527658
62,0.0026633167086545615,2.6633167086545613,0.0027661406046228893,2.766140604622889,0.02,62,-0.3982869133366882,0.28368641329003746,-0.3792678067340353
63,0.0025955865772769146,2.5955865772769147,0.0027006013218495092,2.700601321849509,0.02,63,-0.3989572301892605,0.28416640360579803,-0.37911112288854815
64,0.002538208555407685,2.5382085554076848,0.0026454880346399316,2.6454880346399317,0.02,64,-0.3996227884999582,0.28465306915755767,-0.3789396947602687
65,0.0024765146729058066,2.4765146729058065,0.0025859820011629713,2.5859820011629715,0.02,65,-0.4002804234735168,0.28512747170754277,-0.378779715291345
66,0.002423357229176982,2.423357229176982,0.002535111002400273,2.535111002400273,0.02,66,-0.40094117250651323,0.2856149711088381,-0.3786036021911043
67,0.002342429636845243,2.342429636845243,0.002456495503977398,2.456495503977398,0.02,67,-0.4015750557523872,0.2860372474786849,-0.37849420041866344
68,0.0022844088763767935,2.2844088763767934,0.0024001050924112046,2.4001050924112044,0.02,68,-0.40220341244855473,0.2864867023142433,-0.3783438294966809
69,0.0022298375412211574,2.2298375412211575,0.0023476624122581845,2.3476624122581846,0.02,69,-0.40283485288162657,0.2869428188934645,-0.37818640303819945
70,0.002188109467576489,2.188109467576489,0.002308170668840397,2.3081706688403973,0.02,70,-0.403458788638752,0.28741075645391495,-0.37800768144469493
71,0.0021646149150109572,2.164614915010957,0.0022846431131010123,2.2846431131010125,0.02,71,-0.40408898609624455,0.28790513781622706,-0.3777971077424747
72,0.002099697312412499,2.099697312412499,0.0022241247064516,2.2241247064516,0.02,72,-0.40470047860093,0.2883267912331448,-0.3776690051278388
73,0.002035879115729203,2.035879115729203,0.002162244017585291,2.1622440175852913,0.02,73,-0.40531777599562924,0.2887495118538952,-0.3775428159157815
74,0.001952082691360233,1.952082691360233,0.002080048214428838,2.080048214428838,0.02,74,-0.40591177020131086,0.2891199011474263,-0.37746847187564475
75,0.0018748567442779132,1.8748567442779132,0.002006013393389556,2.006013393389556,0.02,75,-0.40648852889921466,0.28948427090676454,-0.37738915652438293
76,0.001840311885954568,1.840311885954568,0.0019719976150922272,1.9719976150922272,0.02,76,-0.4070746675883338,0.2899222465526572,-0.37721923083651177
77,0.001786189844264342,1.7861898442643418,0.0019196635751433761,1.9196635751433762,0.02,77,-0.4076350691351161,0.29030775801796,-0.37710064372960556
78,0.0017478153171395538,1.7478153171395538,0.0018832352062911597,1.8832352062911597,0.02,78,-0.408190522693925,0.2907124731449811,-0.3769526668660576
79,0.0017676443818615824,1.7676443818615823,0.0018789024097509224,1.8789024097509224,0.02,78,-0.40874944146643455,0.2911693673511808,-0.3767382684327738
80,0.0017142603684961034,1.7142603684961035,0.0018277107628506878,1.8277107628506877,0.02,80,-0.40929591403808785,0.29153853367926147,-0.3766286242548119
81,0.0016611410583670411,1.6611410583670412,0.0017773454687113864,1.7773454687113863,0.02,81,-0.4098254498938538,0.29189422361052386,-0.37652480877292066
82,0.0015828242678935683,1.5828242678935682,0.001713163295333132,1.713163295333132,0.02,82,-0.4103546106440611,0.29222650159104024,-0.3764511043371817
83,0.0014870672386535337,1.4870672386535337,0.001630841295147801,1.630841295147801,0.02,83,-0.41086058861769403,0.2925095154973054,-0.37642556672091315
84,0.0014570218033775845,1.4570218033775846,0.0016025842099848156,1.6025842099848155,0.02,84,-0.41136242440637905,0.292874750861865,-0.3762888508020364
85,0.001410889220366981,1.410889220366981,0.0015579567684025986,1.5579567684025986,0.02,85,-0.4118438513397878,0.2931964784619066,-0.3761951468001571
86,0.0014063919345251737,1.4063919345251736,0.0015378063761604444,1.5378063761604444,0.02,86,-0.4123190344056095,0.2935518599967971,-0.376052739901193
87,0.0014438864728098003,1.4438864728098004,0.0015589220544290064,1.5589220544290063,0.02,86,-0.41278954837121956,0.29393810569212403,-0.3758664644588607
88,0.0014010784214719505,1.4010784214719505,0.0015182770887402742,1.5182770887402741,0.02,88,-0.4132525328643493,0.2942457735424251,-0.3757775841053635
89,0.0013334454969383925,1.3334454969383924,0.0014525291041920824,1.4525291041920825,0.02,89,-0.4137084921008953,0.2945221292144623,-0.37572262751431307
90,0.0012544551098009906,1.2544551098009906,0.0013816153252836133,1.3816153252836132,0.02,90,-0.41415074413426634,0.2947776227343372,-0.3756855982657611
91,0.0012030160935165859,1.203016093516586,0.0013361299577177327,1.3361299577177328,0.02,91,-0.41458697490065044,0.29505228640482634,-0.3756187760775701
92,0.001164143289014196,1.1641432890141958,0.0012983087399086662,1.2983087399086661,0.02,92,-0.4150039738701321,0.29532316069230313,-0.3755434724922527
93,0.00116341718072459,1.1634171807245899,0.0012902311752051707,1.2902311752051707,0.02,93,-0.41540731255825847,0.2956188849345168,-0.3754268838629653
94,0.001116055541070613,1.116055541070613,0.0012445496704103554,1.2445496704103554,0.02,94,-0.4157955738266444,0.2958595077284465,-0.37537136162463897
95,0.0011139812259534634,1.1139812259534634,0.0012445481108655093,1.2445481108655092,0.02,95,-0.41618074313431547,0.2961387482137989,-0.37526317575212675
96,0.001149500592402504,1.149500592402504,0.0012686177338426747,1.2686177338426747,0.02,95,-0.4165641501191909,0.2964372961296739,-0.37512799738603186
97,0.0010850813509095442,1.085081350909544,0.0012143886994273804,1.2143886994273805,0.02,97,-0.41693430032213896,0.2966514537940154,-0.37509198901288804
98,0.0010134993846812503,1.0134993846812503,0.001149142340461503,1.149142340461503,0.02,98,-0.41729472724424144,0.29684758167173586,-0.3750725599897023
99,0.000991324123085932,0.9913241230859321,0.001128679610449695,1.128679610449695,0.02,99,-0.417652022858916,0.2970823214000253,-0.37500076060449167
100,0.000940262344160205,0.9402623441602049,0.0010723626515128542,1.0723626515128541,0.02,100,-0.4179928206258373,0.29727134690857177,-0.37497711745323925
101,0.0009210267823314827,0.9210267823314827,0.001046554595277204,1.046554595277204,0.02,101,-0.4183249630952908,0.2974812100534518,-0.3749200158710926
102,0.0009108294159858541,0.9108294159858541,0.0010358720828074481,1.0358720828074481,0.02,102,-0.4186422570644242,0.2976935594895167,-0.3748494235288705
103,0.0009689076647854594,0.9689076647854594,0.0010806998519400834,1.0806998519400834,0.02,102,-0.4189583656211629,0.2979566287489678,-0.3747123744688235
104,0.0009597276240888367,0.9597276240888366,0.001071035384414922,1.0710353844149219,0.02,102,-0.4192652206596512,0.29815568260803293,-0.37465100609222146
105,0.000934440682298078,0.934440682298078,0.0010363363659246171,1.0363363659246172,0.02,102,-0.419569690141168,0.29833425442061834,-0.3746138765951971
106,0.0008812395480177468,0.8812395480177467,0.0009812271758369462,0.9812271758369462,0.02,106,-0.41986391362990394,0.2984793278295603,-0.37461260344406705
107,0.0008231970209565296,0.8231970209565296,0.0009351625677434916,0.9351625677434916,0.02,107,-0.42014667458059296,0.2986015487663678,-0.37463262902981387
108,0.0008116097997416254,0.8116097997416254,0.0009144939290621721,0.9144939290621721,0.02,108,-0.42041892982547974,0.2987565653438801,-0.374603387010177
109,0.000821456819564977,0.821456819564977,0.000919114992924537,0.919114992924537,0.02,108,-0.42067473525056215,0.2989398880345862,-0.3745267800528888
110,0.0008464577815134687,0.8464577815134687,0.000939807075868369,0.939807075868369,0.02,108,-0.42092323900974116,0.2991332440634994,-0.3744320062502896
111,0.0008477464441056441,0.8477464441056441,0.0009422818881988444,0.9422818881988444,0.02,108,-0.4211753556150609,0.29929426922068325,-0.37438014927028784
112,0.0008349163401627006,0.8349163401627007,0.0009250569106700149,0.9250569106700149,0.02,108,-0.421419788718504,0.2994317350725394,-0.3743533790118234
113,0.0008122327153359356,0.8122327153359357,0.0008879173119879176,0.8879173119879176,0.02,108,-0.42165023108392996,0.29954081863048265,-0.3743535508776663
114,0.0007873010601055015,0.7873010601055015,0.0008660401723561293,0.8660401723561293,0.02,114,-0.42187864459635643,0.2996439642742599,-0.37435932303849917
115,0.0007840917927454028,0.7840917927454029,0.0008596569635165424,0.8596569635165423,0.02,115,-0.42208704927620705,0.2997667190217156,-0.37432721445251216
116,0.0007895363011812188,0.7895363011812189,0.0008617354494457353,0.8617354494457353,0.02,115,-0.4222964370928955,0.2999024094902105,-0.3742785981200535
117,0.0007937003708050926,0.7937003708050926,0.0008664857383042447,0.8664857383042447,0.02,115,-0.42249144617604434,0.3000252979816678,-0.37423646415231565
118,0.0007917081846491545,0.7917081846491545,0.0008650145912295932,0.8650145912295931,0.02,115,-0.42268158937515055,0.30013501332967796,-0.37420779277928234
119,0.0007804752247774702,0.7804752247774702,0.0008541949370749896,0.8541949370749896,0.02,119,-0.42286140065941574,0.30022294372012637,-0.37419999749678484
120,0.0007791374786245304,0.7791374786245304,0.0008533574084819589,0.8533574084819588,0.02,120,-0.42304414244863336,0.30032735373179087,-0.37417258684044163
121,0.0008043311804284058,0.8043311804284058,0.0008729455546179922,0.8729455546179923,0.02,120,-0.4232188225706433,0.30045687910640545,-0.3741076077578004
122,0.000768961293169057,0.768961293169057,0.0008440559971505488,0.8440559971505488,0.02,122,-0.4233903830266914,0.3005095239539652,-0.3741383637758743
123,0.0007583023418284994,0.7583023418284994,0.0008229704253326462,0.8229704253326462,0.02,123,-0.4235560164208924,0.30056945399739343,-0.3741556246091009
124,0.0007544236952580821,0.7544236952580821,0.0008126031750108818,0.8126031750108819,0.02,124,-0.4237159899441925,0.30064101947822736,-0.3741537742962262
125,0.0007547560442981646,0.7547560442981647,0.000814704731999343,0.8147047319993429,0.02,124,-0.4238701590521862,0.30072827435714067,-0.3741285208739047
126,0.0007587474838683795,0.7587474838683795,0.0008276151253209088,0.8276151253209088,0.02,124,-0.424015536533074,0.30082507958832383,-0.37408475877139824
127,0.0007689736177981423,0.7689736177981423,0.0008386393215135171,0.838639321513517,0.02,124,-0.4241632573024315,0.3009202991038086,-0.3740443690094115
128,0.0007690265533938136,0.7690265533938136,0.0008354133967742876,0.8354133967742876,0.02,124,-0.42430742581807895,0.3009908342738175,-0.3740329451965235
129,0.0007610773422566598,0.7610773422566598,0.0008249341455211713,0.8249341455211713,0.02,124,-0.42444377113501147,0.30104385564851693,-0.3740381518167717
130,0.0007524805995960148,0.7524805995960148,0.0008130988104979998,0.8130988104979998,0.02,130,-0.42457878806977023,0.3010940608478568,-0.3740462061853107
131,0.0007490048755573256,0.7490048755573255,0.0008037060278730907,0.8037060278730908,0.02,131,-0.42470613255432277,0.3011423094078387,-0.3740514954348247
132,0.0007476912658050921,0.7476912658050922,0.000800649040497016,0.8006490404970159,0.02,132,-0.42482125019121086,0.3011915537217854,-0.37404735034726116
133,0.0007435810401910848,0.7435810401910848,0.0007953369576476938,0.7953369576476937,0.02,133,-0.4249291005553183,0.3012223657873363,-0.3740616297427727
134,0.0007620418115148662,0.7620418115148663,0.0008131718843022564,0.8131718843022564,0.02,133,-0.4250327445878809,0.3013040655950613,-0.37400788398808854
135,0.0007624064064304214,0.7624064064304215,0.0008113217437674772,0.8113217437674772,0.02,133,-0.42513863994187373,0.30134770662621485,-0.3740042273868565
136,0.0007762086480412114,0.7762086480412114,0.0008219933351074585,0.8219933351074585,0.02,133,-0.4252467890149839,0.3014114907650984,-0.3739759089970865
137,0.0007704488476431168,0.7704488476431168,0.0008148143194206791,0.8148143194206791,0.02,133,-0.42533879529404406,0.30143621239034313,-0.37398661005963707
138,0.0007643941867525566,0.7643941867525567,0.0008071331922866455,0.8071331922866455,0.02,133,-0.42543967529580345,0.30146573803570487,-0.3739966239809815
139,0.0007455913607733076,0.7455913607733076,0.0007938759072109798,0.7938759072109798,0.02,133,-0.42553605018871193,0.30147375427398115,-0.37403099584224575
140,0.0007362308454015587,0.7362308454015587,0.0007886105602309197,0.7886105602309197,0.02,140,-0.42562855313028675,0.30148575829540636,-0.37405766949740454
141,0.0007369417028177463,0.7369417028177463,0.0007894150652744066,0.7894150652744065,0.02,140,-0.4257202965223272,0.3015252683862821,-0.3740490920023509
142,0.0007461639936216087,0.7461639936216087,0.0007919111291474541,0.7919111291474541,0.02,140,-0.4258020912771011,0.30156536433685005,-0.37403316701319295
143,0.0007534218681992356,0.7534218681992356,0.0007935321016400289,0.7935321016400289,0.02,140,-0.42588740647682644,0.30160422558934663,-0.37402128640203697
144,0.0007801116989135946,0.7801116989135947,0.0008117518575414923,0.8117518575414924,0.02,140,-0.42596983079123574,0.3016681972651465,-0.3739748231615472
145,0.0007737823657397506,0.7737823657397507,0.0008046003826814206,0.8046003826814205,0.02,140,-0.42604243805616865,0.30167788325778944,-0.3739909974332397
146,0.0007555174305832913,0.7555174305832912,0.0007923766222478132,0.7923766222478132,0.02,140,-0.42612323386459916,0.30167591506480795,-0.3740275531106545
147,0.0007444512001687683,0.7444512001687683,0.0007883271198107588,0.7883271198107588,0.02,140,-0.4261956250296483,0.30167767280143115,-0.37405305947809714
148,0.000752945480614103,0.7529454806141029,0.0007903406936997972,0.7903406936997972,0.02,140,-0.42628205573880806,0.3017172788586846,-0.3740398027644049
149,0.0007486320639015313,0.7486320639015313,0.0007883762580570215,0.7883762580570215,0.02,140,-0.42636014287634877,0.3017325261559016,-0.3740518633880278
150,0.0007582072651547155,0.7582072651547155,0.0007908615063514525,0.7908615063514526,0.02,140,-0.426434551447831,0.30176521556135666,-0.37403913471124495
151,0.0007631896062049527,0.7631896062049527,0.0007919871412843352,0.7919871412843352,0.02,140,-0.42649991365295914,0.3017846782804208,-0.3740369117038422
152,0.0007444039064620781,0.7444039064620781,0.0007856232373385341,0.7856232373385341,0.02,140,-0.4265597577682549,0.30176609415833977,-0.374079504317503
153,0.0007551571726909391,0.7551571726909392,0.0007885690490788878,0.7885690490788878,0.02,140,-0.42662636201944026,0.30179456965973916,-0.3740665051835689
154,0.0007384179758645526,0.7384179758645526,0.0007827500528148323,0.7827500528148322,0.02,140,-0.42669598296346456,0.30178584732576624,-0.3741032905058239
155,0.0007526975772869986,0.7526975772869986,0.0007869067355435929,0.7869067355435929,0.02,140,-0.42675416875692496,0.3018133536975962,-0.3740856396601825
156,0.0007696802585084358,0.7696802585084358,0.0007918303421480569,0.7918303421480569,0.02,140,-0.42682056252904976,0.30185097584771264,-0.37406103714462935
157,0.0007679025029089154,0.7679025029089154,0.0007908943970551877,0.7908943970551876,0.02,140,-0.4268784353626238,0.3018547012049812,-0.37407327593901396
158,0.0007612188325115047,0.7612188325115048,0.0007883972106781309,0.788397210678131,0.02,140,-0.426936164708366,0.30185184135546095,-0.37409418857832033
159,0.0007458369720090012,0.7458369720090012,0.0007831878689678704,0.7831878689678704,0.02,140,-0.4269892186750375,0.30183328056804964,-0.374132034337828
160,0.0007536709607730845,0.7536709607730845,0.0007853782663945167,0.7853782663945167,0.02,140,-0.42704004201325013,0.3018460358256077,-0.3741279531703572
161,0.0007391757364998882,0.7391757364998882,0.0007805881289313324,0.7805881289313324,0.02,140,-0.4270808466872458,0.30181930156662795,-0.3741672342319539
162,0.0007540109961481166,0.7540109961481166,0.000784971076212639,0.7849710762126391,0.02,140,-0.4271346677720386,0.3018440298260962,-0.37414977667044585
163,0.0007716682167063888,0.7716682167063889,0.0007927695819879825,0.7927695819879824,0.02,140,-0.4271817092070038,0.3018682690190942,-0.3741284067890499
164,0.0007649568746869973,0.7649568746869974,0.0007879715379987949,0.7879715379987948,0.02,140,-0.4272263047288842,0.3018541122911852,-0.37415338403357246
165,0.0007449704110775626,0.7449704110775626,0.0007813476682962519,0.7813476682962519,0.02,140,-0.4272757002246969,0.3018252366163715,-0.3742011627742254
166,0.0007414966802219517,0.7414966802219517,0.0007801307685101071,0.7801307685101071,0.02,140,-0.42731013370354914,0.301809229665781,-0.3742219124244052
167,0.0007570207466409813,0.7570207466409813,0.0007848633531132641,0.7848633531132642,0.02,140,-0.42735160201067457,0.30182648447649935,-0.3742056331961491
168,0.0007744877082113994,0.7744877082113993,0.0007957814325962579,0.7957814325962579,0.02,140,-0.42739197198661866,0.3018444461800873,-0.37418682495889016
169,0.0007548983438767143,0.7548983438767143,0.0007837474187869564,0.7837474187869564,0.02,140,-0.42744163114980627,0.3018144199523791,-0.3742349805032381
170,0.0007376166459554231,0.7376166459554231,0.00077812421628105,0.77812421628105,0.02,140,-0.42747833642882366,0.30177975563383236,-0.37428088496367806
171,0.0007387702813004465,0.7387702813004465,0.0007781648219912646,0.7781648219912646,0.02,140,-0.42753275104341076,0.30178397277502794,-0.37428921743203575
172,0.0007377172618087878,0.7377172618087878,0.0007776270255728329,0.7776270255728329,0.02,140,-0.427575667448516,0.301777171105474,-0.37430388237247797
173,0.0007642753771786873,0.7642753771786873,0.0007860122731277369,0.7860122731277369,0.02,140,-0.4276038301050161,0.3018001841706432,-0.37427058103194627
174,0.000787807255296948,0.7878072552969481,0.0008137677617125823,0.8137677617125822,0.02,140,-0.42765126479274385,0.30183196668590895,-0.37423905619878683
175,0.0007749135966545177,0.7749135966545176,0.00079646798331032,0.79646798331032,0.02,140,-0.4276949853701586,0.3018069550168403,-0.37427642390329424
176,0.0007401551970232128,0.7401551970232128,0.000777596085423018,0.7775960854230181,0.02,140,-0.42774872426182364,0.3017573604466205,-0.3743520239818124
177,0.0007315066546566088,0.7315066546566088,0.0007673989504105819,0.7673989504105819,0.02,177,-0.42778995319372715,0.30170360146818154,-0.3744243812052637
178,0.0007320259274694953,0.7320259274694952,0.0007720367032213053,0.7720367032213054,0.02,177,-0.4278280128650323,0.30171645178454376,-0.37441051355494115
179,0.0007638858142369384,0.7638858142369384,0.0007855040533065401,0.78550405330654,0.02,177,-0.4278641796004782,0.30176401484915083,-0.37435084422380616
180,0.0007894057567938239,0.7894057567938239,0.000816309514296253,0.816309514296253,0.02,177,-0.42789192613276017,0.3017842640753541,-0.3743201739127236
181,0.0007872351500676241,0.7872351500676241,0.0008127079036150499,0.81270790361505,0.02,177,-0.4279375319032643,0.3017758778159293,-0.37433750478178923
182,0.0007361115189585483,0.7361115189585483,0.0007748768823154668,0.7748768823154668,0.02,177,-0.42798337862116037,0.3016934437016414,-0.3744487792488565
183,0.0007324953013577736,0.7324953013577736,0.0007716083148172603,0.7716083148172602,0.02,177,-0.42802708528001226,0.30167167738218476,-0.3744811471916975
184,0.0007349642936936185,0.7349642936936185,0.000773595978508738,0.773595978508738,0.02,177,-0.428063169697206,0.301669952676238,-0.374483877289471
185,0.0007652014149938223,0.7652014149938222,0.0007869462919443927,0.7869462919443927,0.02,177,-0.4280961077687252,0.3017051430398023,-0.37443728950028804
186,0.0007909139969110893,0.7909139969110893,0.0008187814207567618,0.8187814207567617,0.02,177,-0.4281348983980274,0.3017315801466835,-0.3744050862894983
187,0.0007794703729833911,0.7794703729833912,0.0008013554292266504,0.8013554292266505,0.02,177,-0.42818033486237544,0.30170865144947134,-0.374440192746288
188,0.0007347996628070693,0.7347996628070693,0.0007727059355769543,0.7727059355769543,0.02,177,-0.4282294310844372,0.30163344826389815,-0.374543909770097
189,0.0007290882483107178,0.7290882483107178,0.0007660370507612229,0.766037050761223,0.02,189,-0.42827840775441645,0.30159997643489633,-0.37459471506796943
190,0.000732850628178749,0.732850628178749,0.0007708532110584088,0.7708532110584088,0.02,189,-0.4283054292134637,0.3016040993739591,-0.3745836508671275
191,0.0007508650922876937,0.7508650922876937,0.0007786873853910826,0.7786873853910826,0.02,189,-0.4283449247044099,0.30163074751456,-0.3745520099567778
192,0.0007677063111667969,0.7677063111667969,0.0007896303277739529,0.7896303277739529,0.02,189,-0.428379018669205,0.30164276899079184,-0.37453609614536487
193,0.0007787713902566514,0.7787713902566513,0.0008007866025838862,0.8007866025838861,0.02,189,-0.42842043582786615,0.3016496061555273,-0.3745305070451907
194,0.0007435299766133867,0.7435299766133867,0.0007759669785311983,0.7759669785311983,0.02,189,-0.4284585824072092,0.30158653570580185,-0.3746114156314511
195,0.0007367923930406838,0.7367923930406838,0.0007736455351701167,0.7736455351701167,0.02,189,-0.4284947772604818,0.3015635458774424,-0.3746402413151492
196,0.0007385737803706049,0.738573780370605,0.000774142759711265,0.774142759711265,0.02,189,-0.4285341042258011,0.30155578908312297,-0.37465180661276704
197,0.0007399669476103923,0.7399669476103923,0.0007743280003759151,0.7743280003759151,0.02,189,-0.4285840518009255,0.3015544854530949,-0.37466231272846434
198,0.0007582847866907134,0.7582847866907133,0.0007802874695986515,0.7802874695986515,0.02,189,-0.42862264080552925,0.30156945038995686,-0.3746441615586238
199,0.0007562540486952753,0.7562540486952752,0.0007793166410960275,0.7793166410960275,0.02,189,-0.42865335814702277,0.3015497204934287,-0.3746650442124132
200,0.0007466706889124222,0.7466706889124222,0.0007760345131754378,0.7760345131754378,0.02,189,-0.4287021419330026,0.3015311410000616,-0.37469639942257704
201,0.0007446094111595376,0.7446094111595376,0.0007752883029291187,0.7752883029291187,0.02,189,-0.42873683639462534,0.3015141396452327,-0.37471650569594145
202,0.0007580301338518622,0.7580301338518622,0.0007801148999727697,0.7801148999727697,0.02,189,-0.4287837245921831,0.30152729107440024,-0.3747059618662376
203,0.0007658512032255816,0.7658512032255815,0.0007879634279108515,0.7879634279108515,0.02,189,-0.42881038539219907,0.3015182051160754,-0.37471000149652045
204,0.0007450797760702875,0.7450797760702875,0.00077503043886539,0.77503043886539,0.02,189,-0.4288555391915957,0.3014794316277145,-0.37476367431683655
205,0.0007332564577478194,0.7332564577478194,0.0007694315473395631,0.7694315473395631,0.02,189,-0.42889240130805795,0.3014398457065345,-0.37481275046322426
206,0.0007327955053253093,0.7327955053253093,0.0007690699825127869,0.7690699825127869,0.02,189,-0.4289259383795855,0.301423138373992,-0.374831333010812
207,0.00074207815186947,0.74207815186947,0.0007738976322509602,0.7738976322509602,0.02,189,-0.4289534296951681,0.30142502319684833,-0.37482174829068415
208,0.0007657921763626896,0.7657921763626896,0.0007879329437557453,0.7879329437557453,0.02,189,-0.42898983630370324,0.3014455032851545,-0.3747945618323585
209,0.0007613228696857849,0.7613228696857849,0.0007834573673922633,0.7834573673922633,0.02,189,-0.4290312205581081,0.3014279125173185,-0.37481881721663113
210,0.0007634737817400834,0.7634737817400834,0.0007856007708169081,0.7856007708169082,0.02,189,-0.4290581266145585,0.301410100233343,-0.3748337186036444
211,0.0007455155803972574,0.7455155803972574,0.0007746128298466715,0.7746128298466715,0.02,189,-0.42909779378950286,0.3013711130523505,-0.3748836517580513
212,0.000736286435527803,0.736286435527803,0.0007715409825601422,0.7715409825601423,0.02,189,-0.42913836395952787,0.3013461745758682,-0.3749167805313696
213,0.0007321993687493103,0.7321993687493102,0.00076862368116625,0.76862368116625,0.02,189,-0.42917294623442886,0.30131671273580185,-0.374951145689703
214,0.0007330929768030755,0.7330929768030755,0.0007692722113420573,0.7692722113420574,0.02,189,-0.4292126174661663,0.3013082748491986,-0.374962774469711
215,0.0007597145770461222,0.7597145770461222,0.0007818475376690924,0.7818475376690924,0.02,189,-0.4292394867435355,0.3013311767800897,-0.3749260874237263
216,0.000769238303974656,0.769238303974656,0.0007914044643577192,0.7914044643577192,0.02,189,-0.42926546226124107,0.3013232291686071,-0.3749276963251606
217,0.0007544425866310133,0.7544425866310133,0.0007770294977373813,0.7770294977373813,0.02,189,-0.42930108045064225,0.3012861827103898,-0.3749725275110027
218,0.0007421715693853655,0.7421715693853654,0.000773076391179943,0.773076391179943,0.02,189,-0.4293346947330967,0.30125092558317307,-0.37501342340528343
219,0.0007394712963859531,0.7394712963859531,0.0007721441619258607,0.7721441619258608,0.02,189,-0.4293693082300534,0.30123099008762627,-0.3750359588436533
220,0.0007530230379199306,0.7530230379199305,0.0007764124669144089,0.7764124669144089,0.02,189,-0.42940016916199897,0.3012317115259356,-0.37502945503501606
221,0.0007582739083780654,0.7582739083780654,0.0007803711372210985,0.7803711372210985,0.02,189,-0.4294385886679923,0.30122505508874836,-0.3750370704387833
222,0.0007619466586909295,0.7619466586909295,0.0007840743661696612,0.7840743661696612,0.02,189,-0.42947702140063404,0.30121593916935374,-0.3750477042446494
223,0.0007557969150604938,0.7557969150604938,0.0007779259284153809,0.7779259284153809,0.02,189,-0.4295264063712156,0.3011994185767699,-0.3750746506715215
224,0.0007311438016405954,0.7311438016405954,0.0007675507141313806,0.7675507141313807,0.02,189,-0.4295800414369248,0.30115393945610763,-0.3751416668348916
225,0.000732924061110266,0.732924061110266,0.0007689153983370126,0.7689153983370126,0.02,189,-0.4296226601261643,0.3011489638153375,-0.3751496007604684
226,0.000748181518462961,0.748181518462961,0.0007738941435627612,0.7738941435627612,0.02,189,-0.42966299188962914,0.3011583498436073,-0.37513743861886306
227,0.0007555339071787871,0.7555339071787871,0.0007777345525419162,0.7777345525419161,0.02,189,-0.4296956303727111,0.30115000995038044,-0.37514283001826515
228,0.0007480935230959131,0.748093523095913,0.0007737280572468789,0.7737280572468789,0.02,189,-0.42973363815456334,0.3011235992760788,-0.3751746326193184
229,0.0007345788926594446,0.7345788926594445,0.0007692425603875263,0.7692425603875263,0.02,189,-0.4297804038012495,0.30109516663100067,-0.3752153672287158
230,0.0007358549097452816,0.7358549097452816,0.0007694956995165615,0.7694956995165615,0.02,189,-0.4298231677013866,0.3010851883923192,-0.3752297620702727
231,0.0007601150475668746,0.7601150475668746,0.0007824107319800382,0.7824107319800382,0.02,189,-0.42986325677275844,0.30110617194065714,-0.37520258558402114
232,0.0007669321708907643,0.7669321708907644,0.0007892751204247664,0.7892751204247663,0.02,189,-0.42990211266275885,0.3011006649706607,-0.37520809722414245
233,0.0007434523154027887,0.7434523154027887,0.000771649641692763,0.771649641692763,0.02,189,-0.4299351865641878,0.30104651296659507,-0.3752712416943556
234,0.000731086886893346,0.731086886893346,0.0007667391867680146,0.7667391867680146,0.02,189,-0.42998954483656987,0.3010198070749288,-0.3753136723428462
235,0.0007327548457768733,0.7327548457768733,0.0007679158967501394,0.7679158967501394,0.02,189,-0.43002552778236536,0.30100866862789577,-0.3753247881797265
236,0.0007517660992785216,0.7517660992785216,0.0007740320089842032,0.7740320089842032,0.02,189,-0.43005386353367586,0.30101390601224925,-0.3753097848985223
237,0.0007818401028242869,0.7818401028242868,0.0008082118032331285,0.8082118032331286,0.02,189,-0.4300854497815168,0.30103587604577625,-0.3752746572485099
238,0.0007606517388666379,0.760651738866638,0.0007829600338062154,0.7829600338062154,0.02,189,-0.43012601061702416,0.30098921445699295,-0.37533265844111613
239,0.0007229027684244178,0.7229027684244178,0.0007571708919707636,0.7571708919707636,0.02,239,-0.4301745708961045,0.30089021834154833,-0.3754624559344593
240,0.0007243882156025228,0.7243882156025228,0.0007615783570393886,0.7615783570393886,0.02,239,-0.4302044185106666,0.3008873736416842,-0.37545776299547695
241,0.0007472296125461949,0.7472296125461949,0.0007721612908323141,0.7721612908323141,0.02,239,-0.4302390919900192,0.3009169755672335,-0.37541534145706246
242,0.0007797221418082682,0.7797221418082682,0.0008055763478622358,0.8055763478622358,0.02,239,-0.43027194063283686,0.3009440558701952,-0.3753750542485595
243,0.0007713631966486084,0.7713631966486084,0.0007937332945563092,0.7937332945563091,0.02,239,-0.4303146449201873,0.3009174481915035,-0.37540895137896
244,0.0007269766183863477,0.7269766183863478,0.0007639294654598621,0.7639294654598621,0.02,239,-0.4303545057217527,0.3008293381633044,-0.3755191398458896
245,0.0007216397103005423,0.7216397103005423,0.0007566891893073363,0.7566891893073362,0.02,245,-0.4303933960853147,0.30077997129345047,-0.3755797645645515
246,0.0007327302447684327,0.7327302447684327,0.0007671636590716541,0.7671636590716541,0.02,245,-0.43042885561618394,0.3008080075736969,-0.3755388649982522
247,0.0007648983092546094,0.7648983092546094,0.0007872162294189249,0.7872162294189249,0.02,245,-0.43046298684225914,0.30083486511893937,-0.3754993161920823
248,0.0007704216360124726,0.7704216360124726,0.0007927550732906362,0.7927550732906362,0.02,245,-0.43049549931281117,0.3008210073960677,-0.37550993184988757
249,0.0007248382338467215,0.7248382338467215,0.0007627011195889715,0.7627011195889715,0.02,245,-0.4305313276245916,0.300726108348584,-0.3756255255284448
250,0.0007200044974002664,0.7200044974002664,0.0007568656678125636,0.7568656678125636,0.02,250,-0.43057875710224536,0.3006891178878048,-0.37567588648925565
251,0.000736441349125562,0.736441349125562,0.0007679040600002795,0.7679040600002796,0.02,250,-0.4306237501522218,0.30072737978697484,-0.37562871224337235
252,0.0007684150414121599,0.7684150414121599,0.0007907704560802188,0.7907704560802188,0.02,250,-0.43066240809614836,0.30075591072274716,-0.37558934628602514
253,0.0007409219813999034,0.7409219813999034,0.0007691553243698519,0.7691553243698519,0.02,250,-0.43070214916446825,0.30069872562212835,-0.3756597250562382
254,0.0007301584300926251,0.7301584300926252,0.0007655803019166361,0.7655803019166361,0.02,250,-0.4307478982047812,0.3006705270419343,-0.37569755853332404
255,0.0007255824288800024,0.7255824288800024,0.0007628710704932008,0.7628710704932008,0.02,250,-0.43079160079705603,0.30064483172845535,-0.3757308654794863
256,0.0007500166815405111,0.7500166815405112,0.0007722811420065159,0.7722811420065159,0.02,250,-0.4308244077788114,0.3006632120867837,-0.37570031123226305
257,0.0007677756447732382,0.7677756447732382,0.0007901696386403645,0.7901696386403645,0.02,250,-0.4308722557765797,0.3006766389207518,-0.3756857521490291
258,0.0007618929354908122,0.7618929354908123,0.0007842820711374566,0.7842820711374566,0.02,250,-0.43092304589592323,0.3006571649543738,-0.37571465399176895
259,0.00072194174493788,0.72194174493788,0.0007591907131473845,0.7591907131473845,0.02,250,-0.43098347009260757,0.30058113869807257,-0.37582184848609623
260,0.0007202996242677011,0.7202996242677011,0.0007529724114018509,0.7529724114018509,0.02,250,-0.43102967101171263,0.30053908255443834,-0.3758763563473079
261,0.0007237736364148872,0.7237736364148872,0.0007605352887229943,0.7605352887229943,0.02,250,-0.43107421782132266,0.30056056747217236,-0.37584993300796976
262,0.0007606623476913344,0.7606623476913345,0.0007831156193708148,0.7831156193708148,0.02,250,-0.4311058885883061,0.3006013894551438,-0.37579109763541313
263,0.0007672432919467962,0.7672432919467962,0.0007897628571116644,0.7897628571116644,0.02,250,-0.43115460360112445,0.30059964842319414,-0.37579672992484164
264,0.0007392398269940717,0.7392398269940716,0.0007670423152979869,0.7670423152979869,0.02,250,-0.4311956508381535,0.3005419318950058,-0.37586820707270674
265,0.0007200665240619089,0.7200665240619089,0.000757444012663729,0.7574440126637291,0.02,250,-0.4312368259884042,0.3004809266801273,-0.37594361175106045
266,0.0007234619981207155,0.7234619981207155,0.0007599116647317467,0.7599116647317466,0.02,250,-0.43129316215548996,0.3004880590212193,-0.37594345455089156
267,0.0007471451976208553,0.7471451976208553,0.0007696249511524626,0.7696249511524625,0.02,250,-0.4313403846594681,0.30051867284854483,-0.3759072437519285
268,0.0007779216371862097,0.7779216371862098,0.0008054655744499618,0.8054655744499618,0.02,250,-0.4313726207955743,0.30053973194606726,-0.3758722635070501
269,0.0007726359928134516,0.7726359928134516,0.000797003988386397,0.7970039883863971,0.02,250,-0.43141565865073006,0.30051588349738056,-0.3759016534724106
270,0.0007317909511054446,0.7317909511054446,0.0007637649477773059,0.7637649477773059,0.02,250,-0.4314728727920929,0.30044844958095096,-0.3759948384073754
271,0.0007183458050969788,0.7183458050969788,0.0007548504082098816,0.7548504082098816,0.02,271,-0.4315348996758476,0.3004054153088026,-0.3760609113933012
272,0.0007176531483043883,0.7176531483043882,0.0007542441303989946,0.7542441303989946,0.02,272,-0.43157686615038976,0.3003872665484014,-0.37608300628027935
273,0.0007483966113380837,0.7483966113380837,0.0007709513757527042,0.7709513757527042,0.02,272,-0.4316061010364637,0.30042776069582844,-0.3760216287375895
274,0.0008048027341226981,0.8048027341226981,0.0008442001065017621,0.8442001065017621,0.02,272,-0.4316500646916472,0.3004890784377503,-0.37594309798773484
275,0.0007633218564577091,0.7633218564577091,0.0007860193799482348,0.7860193799482348,0.02,272,-0.4317070598997771,0.300425584838815,-0.3760313405862649
276,0.0007182024487354453,0.7182024487354454,0.0007492809150236627,0.7492809150236627,0.02,272,-0.43176642368797213,0.30031092056895914,-0.376185736867065
277,0.0007154946618037413,0.7154946618037412,0.0007516816328227741,0.7516816328227741,0.02,277,-0.4318233850876734,0.30031454719281925,-0.3761882640955509
278,0.0007229573011755628,0.7229573011755628,0.0007579980815184332,0.7579980815184333,0.02,277,-0.4318635277756316,0.30032549905497735,-0.37617141471601545
279,0.0007755645938895416,0.7755645938895416,0.0008022170617334447,0.8022170617334446,0.02,277,-0.4319079949546862,0.3003919490668417,-0.3760856172151086
280,0.0007674916435810961,0.7674916435810961,0.0007902956013311063,0.7902956013311063,0.02,277,-0.4319458396468688,0.3003581457122104,-0.376122815034115
281,0.0007299164453026169,0.7299164453026169,0.0007613759861352127,0.7613759861352126,0.02,277,-0.43200466967778245,0.30029502780206574,-0.37621068714777983
282,0.0007211126837324324,0.7211126837324324,0.0007561528833011597,0.7561528833011597,0.02,277,-0.43205357527820853,0.300257117516218,-0.37626027815067775
283,0.0007225692887853038,0.7225692887853038,0.0007574051884123486,0.7574051884123486,0.02,277,-0.4320960998213758,0.30024487669548183,-0.37627339248826286
284,0.0007241883005676468,0.7241883005676468,0.0007585675195791828,0.7585675195791828,0.02,277,-0.4321477610477792,0.3002393145655429,-0.3762842954313383
285,0.0007375429033101931,0.7375429033101931,0.0007632737535611052,0.7632737535611052,0.02,277,-0.4321871660168588,0.3002422284554728,-0.3762770631831186
286,0.0007526987393990649,0.7526987393990648,0.00077551894811265,0.77551894811265,0.02,277,-0.43223453222013075,0.3002497584409163,-0.3762685815503075
287,0.0007395734363095268,0.7395734363095268,0.0007636562820213295,0.7636562820213295,0.02,277,-0.43227822388205145,0.3002133718753985,-0.3763133588186354
288,0.0007336843721457482,0.7336843721457482,0.0007615877022910449,0.7615877022910449,0.02,277,-0.43232998308518084,0.30019342740049443,-0.3763427794614759
289,0.0007437328049912456,0.7437328049912456,0.0007665569777279108,0.7665569777279109,0.02,277,-0.4323788303776242,0.30019513945900106,-0.3763430521593162
290,0.000757364773550453,0.7573647735504531,0.0007802424251874852,0.7802424251874852,0.02,277,-0.43241107910638227,0.3001893969032456,-0.376341009686129
291,0.0007412198682847963,0.7412198682847962,0.0007640002877465778,0.7640002877465778,0.02,277,-0.43245354720888,0.3001467443667508,-0.3763922890692688
292,0.0007133890487646399,0.7133890487646399,0.0007495389240878063,0.7495389240878063,0.02,292,-0.4324934966519989,0.30006096399960547,-0.37649674585687126
293,0.000719551859988823,0.719551859988823,0.0007546767135472837,0.7546767135472837,0.02,292,-0.4325388530106972,0.30006858665276587,-0.3764864466164558
294,0.0007255926107988822,0.7255926107988823,0.0007585353809553742,0.7585353809553742,0.02,292,-0.4325770085876166,0.30006669395860147,-0.37648448365340953
295,0.0007366499450449685,0.7366499450449685,0.0007619393406130409,0.7619393406130409,0.02,292,-0.43261983023200995,0.3000652936137341,-0.3764844449853356
296,0.0007593574108393716,0.7593574108393717,0.0007822618348587426,0.7822618348587426,0.02,292,-0.4326679524183046,0.300083965214015,-0.37646205384798564
297,0.0007724923227942142,0.7724923227942142,0.0007996353073832581,0.799635307383258,0.02,292,-0.4327046680335146,0.3000794725566718,-0.37646071258502045
298,0.0007176075033872987,0.7176075033872987,0.0007529878032827823,0.7529878032827823,0.02,292,-0.432761727372766,0.2999768223070964,-0.376596616992612
299,0.0007189782989259291,0.7189782989259291,0.0007484746944141469,0.7484746944141469,0.02,292,-0.4328137308763332,0.29990461185071565,-0.3766909605833896
300,0.000711488744247472,0.711488744247472,0.0007476131644378978,0.7476131644378978,0.02,300,-0.43284104356901737,0.2999090684688131,-0.3766724796779073
301,0.0007794812532345952,0.7794812532345953,0.0008119387844309277,0.8119387844309277,0.02,300,-0.4328603598075841,0.3000009477153908,-0.3765382999748341
302,0.000842864721862308,0.842864721862308,0.0008763435074542071,0.8763435074542072,0.02,300,-0.4328844502943437,0.3000249723730352,-0.37649187546593954
303,0.0007234575181909545,0.7234575181909545,0.000757397003546619,0.757397003546619,0.02,300,-0.43293522855090893,0.29986803314223864,-0.376691230205833
304,0.0007192010263856959,0.7192010263856958,0.0007487789601935011,0.7487789601935011,0.02,300,-0.4329931888471643,0.2997701093038588,-0.3768211045662177
305,0.0007146193192884518,0.7146193192884518,0.0007516456095536218,0.7516456095536218,0.02,300,-0.43303847632461484,0.29981168340287406,-0.3767659247925597
306,0.000761756571885247,0.761756571885247,0.0007845709032923573,0.7845709032923573,0.02,300,-0.4330765664417017,0.2998688399764051,-0.37668675374779437
307,0.0007681716815213009,0.7681716815213009,0.0007949196949529983,0.7949196949529983,0.02,300,-0.43311553437016714,0.2998549256660552,-0.37669829181176734
308,0.0007436813171920687,0.7436813171920686,0.0007663886474546328,0.7663886474546328,0.02,300,-0.4331666683011835,0.29980403840907877,-0.37676460645987087
309,0.0007145961353658979,0.7145961353658979,0.0007515352689793905,0.7515352689793905,0.02,300,-0.4332289974437805,0.299743278833446,-0.3768504276430414
310,0.0007107939684518616,0.7107939684518616,0.0007447016100039787,0.7447016100039787,0.02,310,-0.43329385643138996,0.29970836831998415,-0.3769059454073565
311,0.0007184369328798942,0.7184369328798943,0.0007546516069549754,0.7546516069549754,0.02,310,-0.433324371714487,0.2997263681707391,-0.3768723295937973
312,0.0007517204348055417,0.7517204348055417,0.0007745735268260663,0.7745735268260663,0.02,310,-0.4333775968915195,0.2997624287149592,-0.3768301512620527
313,0.0007526760632331778,0.7526760632331778,0.0007755870980568342,0.7755870980568342,0.02,310,-0.43343947243823194,0.2997573214381645,-0.37684612975276893
314,0.0007342589078688395,0.7342589078688395,0.0007591094074991973,0.7591094074991973,0.02,310,-0.43348825320896933,0.29971357925542397,-0.37690169636908694
315,0.000711164134530629,0.711164134530629,0.0007475072812990572,0.7475072812990572,0.02,310,-0.43355164263987983,0.2996551271057522,-0.3769857899873807
316,0.0007160686867637711,0.7160686867637711,0.0007518472635846249,0.7518472635846248,0.02,310,-0.4335885754843787,0.2996506296683664,-0.3769840486427733
317,0.0007253297004183437,0.7253297004183437,0.0007559226983301345,0.7559226983301345,0.02,310,-0.43362744838862816,0.2996477519965739,-0.37698237418220587
318,0.0007603944561825842,0.7603944561825842,0.0007833638739517007,0.7833638739517007,0.02,310,-0.43366418968779846,0.29967545748785074,-0.37694036674744663
319,0.0007644442764138735,0.7644442764138736,0.0007899985798133965,0.7899985798133965,0.02,310,-0.43371248406303126,0.2996640474270664,-0.3769544608402389
320,0.0007348614626269901,0.73486146262699,0.0007586790561984955,0.7586790561984955,0.02,310,-0.43375993269391033,0.29960212042166207,-0.37703160337240305
321,0.0007121775997781933,0.7121775997781933,0.0007491473228328022,0.7491473228328022,0.02,310,-0.4337974601523985,0.2995321988446137,-0.37711209246728256
322,0.0007109544211646085,0.7109544211646085,0.0007482449935133417,0.7482449935133417,0.02,310,-0.4338389745976319,0.29950648813014846,-0.37714001256873464
323,0.0007131219208798385,0.7131219208798385,0.0007500591743059147,0.7500591743059147,0.02,310,-0.43388524528255606,0.2994973967613275,-0.37715028383914745
324,0.0007388028340348306,0.7388028340348306,0.0007615631628587027,0.7615631628587027,0.02,310,-0.4339072418787556,0.2995069991090015,-0.3771206946424757
325,0.000763241215922542,0.763241215922542,0.0007895687367917949,0.789568736791795,0.02,310,-0.43395138841826564,0.2995233951167788,-0.3770973348333262
326,0.0007621936541738192,0.7621936541738191,0.0007878887313073906,0.7878887313073906,0.02,310,-0.43400732184764396,0.29950960015505623,-0.37711934279648407
327,0.0007243846201155026,0.7243846201155025,0.0007547892930474276,0.7547892930474277,0.02,310,-0.43406659350397875,0.29944350008541115,-0.377209373982229
328,0.0007069688833412903,0.7069688833412903,0.0007420578917117453,0.7420578917117453,0.02,328,-0.43412059592822927,0.29937032425514415,-0.3773044295827347
329,0.0007059732042947834,0.7059732042947834,0.0007426676380739105,0.7426676380739105,0.02,329,-0.4341732875791249,0.29935905938793833,-0.3773208883992979
330,0.0007148928272193151,0.7148928272193151,0.0007514552142313997,0.7514552142313997,0.02,329,-0.43420835467491936,0.2993718022005874,-0.3772949357520938
331,0.0007573553333008279,0.7573553333008279,0.0007806787990297145,0.7806787990297145,0.02,329,-0.43425508112231387,0.2994154819065055,-0.3772381429682655
332,0.0007426977017080616,0.7426977017080616,0.000765571195929809,0.765571195929809,0.02,329,-0.4343047325715027,0.29937595644438036,-0.3772877658213801
333,0.000709960680113055,0.709960680113055,0.0007475632046447384,0.7475632046447384,0.02,329,-0.43435359981812316,0.29930129319394483,-0.3773820004279455
334,0.0007129507868114685,0.7129507868114685,0.0007502600142124704,0.7502600142124703,0.02,329,-0.4343936560641081,0.2992900183125582,-0.3773900456493939
335,0.000749983519104049,0.749983519104049,0.0007728855035235608,0.7728855035235608,0.02,329,-0.4344376106396287,0.2993236075112638,-0.37734359956644514
336,0.0007461469725641379,0.7461469725641379,0.000769045811365302,0.7690458113653019,0.02,329,-0.4344911993389632,0.29930273972307514,-0.37737221466356957
337,0.0007174812031705678,0.7174812031705677,0.0007512245794038396,0.7512245794038396,0.02,329,-0.4345656129994435,0.29925974812539247,-0.3774423996239913
338,0.0007077982976799139,0.7077982976799139,0.0007448008723602781,0.7448008723602781,0.02,329,-0.43463426001998606,0.2992266657213405,-0.3774962581528505
339,0.0007295841122365924,0.7295841122365925,0.0007546671468455154,0.7546671468455155,0.02,329,-0.43467776282185105,0.29924921918807335,-0.37746255446493837
340,0.0007322285515921433,0.7322285515921433,0.0007553143271014658,0.7553143271014658,0.02,329,-0.4347334977851927,0.29923850445978506,-0.37747919177189554
341,0.0007148620948755846,0.7148620948755846,0.0007496384645975291,0.7496384645975291,0.02,329,-0.43478722882512083,0.2991973891244896,-0.3775332398075097
342,0.0007268490592966452,0.7268490592966452,0.000753311354411262,0.753311354411262,0.02,329,-0.43483649492368814,0.2991967486640653,-0.37753341222316056
343,0.0007108745537894663,0.7108745537894663,0.000746810399865958,0.746810399865958,0.02,329,-0.4349026201734183,0.29916161436952665,-0.3775883608252518
344,0.0007425974848314143,0.7425974848314143,0.0007657539052027591,0.7657539052027591,0.02,329,-0.4349646806277127,0.2992029796276762,-0.3775430561083576
345,0.0007540868565013491,0.7540868565013491,0.0007773560584596384,0.7773560584596384,0.02,329,-0.4350282953974277,0.29920958999783825,-0.37754223476325244
346,0.0007140379969638571,0.7140379969638571,0.0007480962276130705,0.7480962276130705,0.02,329,-0.4350967069987991,0.2991432831124888,-0.37763653611761744
347,0.0007076427760608091,0.7076427760608092,0.0007375204016707025,0.7375204016707025,0.02,329,-0.4351611270937015,0.2990661274037201,-0.3777425195738511
348,0.0007123726455968519,0.7123726455968519,0.0007468675640037281,0.7468675640037281,0.02,329,-0.4352021593960036,0.2991054362819622,-0.37768664541702973
349,0.0007416282816357936,0.7416282816357936,0.0007649004013740616,0.7649004013740616,0.02,329,-0.4352479631313381,0.2991283061187782,-0.37765405956885767
350,0.0007601102537965379,0.7601102537965378,0.0007865417416074416,0.7865417416074415,0.02,329,-0.43529769238739124,0.2991357184041724,-0.3776432529280284
351,0.0007116231252877312,0.7116231252877312,0.0007458999387514399,0.7458999387514399,0.02,329,-0.43536678367301945,0.29905534013198265,-0.37775620994181963
352,0.0007031288419558861,0.7031288419558861,0.0007388373392822422,0.7388373392822422,0.02,352,-0.4354143283174017,0.29900216556445247,-0.377820935634972
353,0.0007203744069402075,0.7203744069402075,0.000749221888704163,0.749221888704163,0.02,352,-0.4354494784668148,0.29902072384680134,-0.3777868157309285
354,0.0007505697780351997,0.7505697780351998,0.0007739255371765743,0.7739255371765743,0.02,352,-0.4355009827808004,0.2990457571478673,-0.377754372715993
355,0.0007143815074655686,0.7143815074655686,0.0007469824055706943,0.7469824055706943,0.02,352,-0.43555988378681726,0.29897866720835825,-0.3778435132821658
356,0.0007010368661589767,0.7010368661589768,0.0007375500550052349,0.7375500550052349,0.02,356,-0.43559879194700873,0.29890650025410276,-0.37792571287530774
357,0.0007132142397899416,0.7132142397899416,0.0007465482000219653,0.7465482000219653,0.02,356,-0.4356449619925813,0.2989267752167692,-0.37789655089816254
358,0.0007547435079490775,0.7547435079490775,0.0007793654396358586,0.7793654396358586,0.02,356,-0.43568788430316163,0.298962443621902,-0.3778450102777099
359,0.0007484436018137998,0.7484436018137998,0.0007717989911322147,0.7717989911322147,0.02,356,-0.43575112171818187,0.2989418141184823,-0.3778779173423912
360,0.0007091000934495578,0.7091000934495578,0.0007438658448348142,0.7438658448348142,0.02,356,-0.4358207247546587,0.29887419296831214,-0.37797484183823316
361,0.0007013278951093003,0.7013278951093004,0.0007373445530862134,0.7373445530862134,0.02,356,-0.43587268412293606,0.2988249341353091,-0.37803637701346543
362,0.0007028943614667331,0.7028943614667331,0.0007390270778960262,0.7390270778960262,0.02,356,-0.43590834354613844,0.29880275425450714,-0.37805371199943516
363,0.0007481261607153535,0.7481261607153534,0.0007715241817399039,0.7715241817399039,0.02,356,-0.43596347146750175,0.298869109038355,-0.3779715115297631
364,0.0007272284843898964,0.7272284843898964,0.0007505647778161308,0.7505647778161308,0.02,356,-0.436035229153325,0.2988330215679385,-0.37802960387940554
365,0.0007071717703077962,0.7071717703077962,0.0007417922429109278,0.7417922429109278,0.02,356,-0.4360954484968018,0.29878441937918976,-0.3780964512334026
366,0.0007073166616531633,0.7073166616531633,0.000742055572044179,0.7420555720441789,0.02,356,-0.43614160504716437,0.29876223187860534,-0.37811990344478186
367,0.0007592035888434013,0.7592035888434013,0.000787450592920654,0.787450592920654,0.02,356,-0.4361940347639589,0.29882386428475655,-0.37804110442876554
368,0.0007444491326664609,0.744449132666461,0.0007679559031428945,0.7679559031428945,0.02,356,-0.4362578174420258,0.2987907306060494,-0.3780899428736953
369,0.0007358856611781396,0.7358856611781396,0.0007593479141873189,0.759347914187319,0.02,356,-0.4363107674943979,0.2987588421601235,-0.3781299633780933
370,0.0006992003407755427,0.6992003407755427,0.0007346163028282884,0.7346163028282884,0.02,370,-0.4363788010228776,0.29866994013166437,-0.37825064703732286
371,0.0007009476063682999,0.7009476063682999,0.0007310155149571785,0.7310155149571784,0.02,370,-0.4364457707950057,0.2986400651338981,-0.3782972270560922
372,0.0007214793728630611,0.7214793728630611,0.0007465077231279376,0.7465077231279376,0.02,370,-0.4364914239153782,0.29869391942344703,-0.37822467937133314
373,0.0007685603003389847,0.7685603003389847,0.0008031550748605616,0.8031550748605616,0.02,370,-0.4365423517128343,0.2987427404693518,-0.3781614188539866
374,0.0007490402846012697,0.7490402846012697,0.0007727021733324712,0.7727021733324712,0.02,370,-0.43660512835748855,0.2987016939557837,-0.37821949836074015
375,0.0006990428318143,0.6990428318143,0.0007301458057433332,0.7301458057433332,0.02,375,-0.4366702704613856,0.298574707218944,-0.37838630814458174
376,0.000699611485601385,0.699611485601385,0.0007350120295702635,0.7350120295702635,0.02,375,-0.43669430455444963,0.29855505068044946,-0.37839094807943413
377,0.0007511808424649667,0.7511808424649666,0.0007760370426352451,0.7760370426352451,0.02,375,-0.43672988174171296,0.2986182043614646,-0.3782990570937465
378,0.0007705151561557742,0.7705151561557743,0.0008075381949362373,0.8075381949362372,0.02,375,-0.43678726144680063,0.29862950630572305,-0.378286768616707
379,0.0007073488442400647,0.7073488442400647,0.0007413450963731995,0.7413450963731995,0.02,375,-0.4368461024058887,0.2985195637108603,-0.37842831752871114
380,0.0006993841574804455,0.6993841574804455,0.000729546313400629,0.729546313400629,0.02,375,-0.4369233804052097,0.2984544474846098,-0.37852524212650634
381,0.0007043956350241756,0.7043956350241756,0.0007388696237564075,0.7388696237564075,0.02,375,-0.43696979922928547,0.29848088386269656,-0.3784864590791511
382,0.0007079268837995807,0.7079268837995807,0.0007409974298630861,0.740997429863086,0.02,375,-0.4370202453514755,0.29846931621498457,-0.3784986704272747
383,0.0007774984942370388,0.7774984942370389,0.0008162186091694649,0.816218609169465,0.02,375,-0.437069776798624,0.2985447400848238,-0.3783994281948634
384,0.0007250485838459271,0.7250485838459271,0.0007485852445542595,0.7485852445542595,0.02,375,-0.43713474186779205,0.2984563455609945,-0.37851677803730016
385,0.0006974144821576989,0.6974144821576989,0.0007328753903444872,0.7328753903444872,0.02,385,-0.43719491960521234,0.2983788025437159,-0.3786176770825649
386,0.0006979842088731115,0.6979842088731115,0.0007282040303298834,0.7282040303298835,0.02,385,-0.43725751243111427,0.2983361365414857,-0.3786764506175312
387,0.0007083153654651735,0.7083153654651735,0.000740354033214557,0.7403540332145571,0.02,385,-0.4373032933794688,0.2983755512972335,-0.3786214721967168
388,0.0007868984882950075,0.7868984882950074,0.0008247993991910947,0.8247993991910947,0.02,385,-0.4373618493555941,0.29846640569949834,-0.3785100601111886
389,0.0007426136385704857,0.7426136385704857,0.0007663895655724053,0.7663895655724053,0.02,385,-0.43744063642320186,0.29840785449818935,-0.37859968830597374
390,0.000696794970201077,0.696794970201077,0.0007270309352699779,0.727030935269978,0.02,390,-0.43751059754462424,0.2982852170825151,-0.3787647518078007
391,0.000698183231776669,0.6981832317766691,0.0007284464939870311,0.7284464939870311,0.02,390,-0.43755276702751555,0.29824783599552523,-0.37880342968802144
392,0.0007376651871578599,0.7376651871578599,0.0007614426235822124,0.7614426235822124,0.02,390,-0.43760851330818623,0.2983446190444913,-0.37868235000946815
393,0.000767676557313617,0.7676765573136171,0.0008044572875696691,0.804457287569669,0.02,390,-0.43767244653855164,0.2983772420852093,-0.37864807365553416
394,0.0007472862047322805,0.7472862047322805,0.000771284864203084,0.771284864203084,0.02,390,-0.4377449150739954,0.2983383275050014,-0.37870777817481005
395,0.0006937965933372227,0.6937965933372227,0.0007276691342236459,0.7276691342236459,0.02,395,-0.43782531769098687,0.2982287044862961,-0.37886248484548773
396,0.0006982228333237823,0.6982228333237823,0.0007285059112082816,0.7285059112082817,0.02,395,-0.43789051890856495,0.29818851399194735,-0.37892016159812186
397,0.0007366271857592865,0.7366271857592865,0.0007605544581790043,0.7605544581790042,0.02,395,-0.43792615435790594,0.29827364526649386,-0.3787995456131592
398,0.0007817308107153263,0.7817308107153262,0.0008183183148694262,0.8183183148694262,0.02,395,-0.4379722164714053,0.2983044109994298,-0.3787542440550129
399,0.0007193334474032749,0.7193334474032749,0.0007432075288927605,0.7432075288927605,0.02,395,-0.43805245896612904,0.29821679221734826,-0.37888016267229346
400,0.0007027021077219864,0.7027021077219864,0.000733054448784889,0.733054448784889,0.02,395,-0.4381230326039604,0.2980857095954204,-0.37905514948781965
401,0.0006926961132246251,0.6926961132246251,0.0007265793767102425,0.7265793767102425,0.02,401,-0.4381672888897486,0.2981114906397302,-0.3790151741557024
402,0.0007505880803671247,0.7505880803671247,0.0007779423601055653,0.7779423601055653,0.02,401,-0.4382002609822086,0.2981880893981626,-0.3789034614258824
403,0.000770231169632006,0.7702311696320061,0.0008071107969700027,0.8071107969700027,0.02,401,-0.43826474320867476,0.2982009831465781,-0.3788931110627468
404,0.0007259836690409504,0.7259836690409504,0.0007499374333641275,0.7499374333641274,0.02,401,-0.4383361729346671,0.29812798310221467,-0.37899487169207036
405,0.0006963725082963811,0.6963725082963811,0.0007291761860460937,0.7291761860460937,0.02,401,-0.43841188812102394,0.29805959318894043,-0.3790934500976058
406,0.0006911479136391637,0.6911479136391637,0.0007251281235724434,0.7251281235724434,0.02,406,-0.43845515588000394,0.29801071297750437,-0.3791464513897971
407,0.0007318207163659931,0.7318207163659931,0.000755843942528199,0.755843942528199,0.02,406,-0.4385122423115569,0.29807873032095783,-0.37906053145810326
408,0.0007087402472231053,0.7087402472231052,0.0007364398657778978,0.7364398657778978,0.02,406,-0.43857825442994297,0.2980306710052745,-0.3791272258613453
409,0.0007010345276470709,0.7010345276470709,0.0007330038785712821,0.7330038785712821,0.02,406,-0.4386420107167809,0.2980003171317732,-0.3791702143024365
410,0.0007424168103452307,0.7424168103452307,0.0007665393970867925,0.7665393970867925,0.02,406,-0.43868966651060165,0.2980363308447286,-0.3791176655491868
411,0.0007041813286177451,0.7041813286177451,0.0007345865776063632,0.7345865776063633,0.02,406,-0.43875100134874595,0.29796055078290745,-0.379215098054658
412,0.0006913043775729919,0.6913043775729919,0.0007217325946823038,0.7217325946823038,0.02,406,-0.4388069200416899,0.29787669234412156,-0.3793195049357197
413,0.0006972529589714971,0.6972529589714972,0.0007302039591055867,0.7302039591055868,0.02,406,-0.4388594819965884,0.29789444913887964,-0.37929398902312117
414,0.0007361349914451864,0.7361349914451865,0.0007602392668225858,0.7602392668225858,0.02,406,-0.4389172500640109,0.29794311516638955,-0.3792341553878872
415,0.0007414913765126527,0.7414913765126527,0.0007656284257405217,0.7656284257405217,0.02,406,-0.43897320434972026,0.2979286908026336,-0.3792510294559235
416,0.0006908350416977922,0.6908350416977922,0.0007246634116213652,0.7246634116213652,0.02,416,-0.43903746027899054,0.2978132785744507,-0.3794004184813132
417,0.0006956317530358145,0.6956317530358145,0.0007261360027153506,0.7261360027153506,0.02,416,-0.4391081284994231,0.297756810893707,-0.37948076255632973
418,0.0007132234512755959,0.7132234512755959,0.0007371768383168507,0.7371768383168507,0.02,416,-0.43913556317304187,0.29781755584377545,-0.37938482652589195
419,0.000762619132112223,0.7626191321122231,0.0008007966325887086,0.8007966325887086,0.02,416,-0.4391557860715115,0.2978448304561096,-0.3793270438010153
420,0.000712305802001679,0.712305802001679,0.0007365679227238802,0.7365679227238802,0.02,416,-0.4392091239343664,0.29774595421073796,-0.37944874047779453
421,0.0006918857855288886,0.6918857855288886,0.0007267396001216675,0.7267396001216675,0.02,416,-0.4392748775973123,0.2976872141174728,-0.3795288660201871
422,0.0006932549989003477,0.6932549989003477,0.0007280154979134174,0.7280154979134174,0.02,416,-0.43932796879696917,0.2976690234849689,-0.37954859245414263
423,0.0007153768646925259,0.7153768646925259,0.0007392579820428383,0.7392579820428383,0.02,416,-0.43938260948492436,0.2976906657244246,-0.3795202596095874
424,0.0007692183771745163,0.7692183771745164,0.0008076167386872437,0.8076167386872437,0.02,416,-0.4394452823030871,0.2977477393677358,-0.3794509510997646
425,0.0006910555952787218,0.6910555952787218,0.0007257414067075497,0.7257414067075497,0.02,416,-0.4395204328025553,0.2976107947129251,-0.3796337129154826
426,0.0006859800548485539,0.6859800548485538,0.0007207094875034163,0.7207094875034162,0.02,426,-0.4395881839265135,0.2975726885545417,-0.37968719404931817
427,0.000694876679695514,0.694876679695514,0.0007287891894323717,0.7287891894323717,0.02,426,-0.43964528597241026,0.2975888282220354,-0.37966590652169735
428,0.0007167402133094839,0.7167402133094839,0.0007407749939972485,0.7407749939972484,0.02,426,-0.4397159521091013,0.2976149540280697,-0.3796418929352642
429,0.0007316593550918192,0.7316593550918192,0.0007557597683614479,0.7557597683614479,0.02,426,-0.43976340446005496,0.2976089579030924,-0.3796428420988729
430,0.0007208705816309353,0.7208705816309353,0.000744943846225396,0.744943846225396,0.02,426,-0.43983199061628875,0.2975799726460966,-0.37968651914604246
431,0.0007084553786400313,0.7084553786400313,0.0007335018147186498,0.7335018147186497,0.02,426,-0.43987576109623644,0.2975308038963408,-0.3797394664765231
432,0.0006989414488368438,0.6989414488368438,0.0007302077073048793,0.7302077073048794,0.02,426,-0.4399460696734455,0.2975049503294515,-0.3797803126482428
433,0.000690270489004885,0.690270489004885,0.0007248196785085217,0.7248196785085217,0.02,426,-0.43999658808303543,0.29745299480798154,-0.37984056233584595
434,0.0007129905355874534,0.7129905355874534,0.0007370310852935468,0.7370310852935468,0.02,426,-0.4400604832080355,0.29748312068284355,-0.3798070142377254
435,0.0007325559886780838,0.7325559886780838,0.0007567313549961809,0.7567313549961808,0.02,426,-0.4401213215065456,0.2974938672232139,-0.37979569071942054
436,0.0007367951860855769,0.7367951860855769,0.0007612928313913622,0.7612928313913623,0.02,426,-0.4401907133378227,0.29748660654276654,-0.379811826849989
437,0.0006848207845418425,0.6848207845418425,0.0007166811800430943,0.7166811800430943,0.02,437,-0.440258708908752,0.2973561342123554,-0.37998192841976763
438,0.0006842960872157605,0.6842960872157605,0.0007193318165809356,0.7193318165809356,0.02,438,-0.44030827152861013,0.2973406888248063,-0.3799953542009311
439,0.0007072843982715155,0.7072843982715155,0.0007316025660746401,0.7316025660746401,0.02,438,-0.4403786379947956,0.2973873953872469,-0.3799445107221852
440,0.000719788381020275,0.719788381020275,0.0007439879578265705,0.7439879578265706,0.02,438,-0.4404400853126771,0.2973867456701606,-0.3799471320951558
441,0.0007218805955745001,0.7218805955745001,0.0007461125011254746,0.7461125011254746,0.02,438,-0.44050376734439306,0.29737195910356384,-0.37996887855823425
442,0.0006919129826918603,0.6919129826918603,0.0007251747881894051,0.7251747881894051,0.02,438,-0.44056477510671266,0.2973032756603715,-0.38005708900258445
443,0.0006863967222004927,0.6863967222004927,0.0007206958242411465,0.7206958242411465,0.02,438,-0.44061813581773235,0.29725763485182766,-0.3801112524040288
444,0.0006983142684259573,0.6983142684259572,0.0007283023257789035,0.7283023257789035,0.02,438,-0.44065239002154466,0.29725352185531845,-0.38010036489309756
445,0.0007266548871841194,0.7266548871841194,0.0007508093237684777,0.7508093237684778,0.02,438,-0.4406962919102995,0.2972638289966877,-0.38007782946283597
446,0.0007121015686670576,0.7121015686670575,0.0007361939829319033,0.7361939829319033,0.02,438,-0.4407620218579854,0.29722618769510334,-0.38012996540949817
447,0.000692103957330048,0.692103957330048,0.0007258397347589416,0.7258397347589416,0.02,438,-0.4408355049985066,0.2971861029728789,-0.38019022689858256
448,0.0006962049923125962,0.6962049923125962,0.0007267324603597825,0.7267324603597826,0.02,438,-0.4409179013741062,0.2971874588044603,-0.38020362668917923
449,0.0006887625955601121,0.6887625955601121,0.0007226278957833519,0.7226278957833518,0.02,438,-0.4409754715776223,0.29714574961203644,-0.38025489582957195
450,0.0006981219431290449,0.698121943129045,0.0007269405232698858,0.7269405232698858,0.02,438,-0.44104699000966613,0.2971550041584411,-0.3802513973063114
451,0.0007352595407584182,0.7352595407584183,0.0007615215060018933,0.7615215060018933,0.02,438,-0.44108417348726314,0.29717280990541733,-0.38021464220629697
452,0.0007208178974186176,0.7208178974186176,0.0007450990343320446,0.7450990343320446,0.02,438,-0.4411528170972536,0.29713567635403937,-0.3802669978373703
453,0.000682486298705598,0.682486298705598,0.0007133453180402154,0.7133453180402154,0.02,453,-0.44123056148282064,0.29702099814695704,-0.3804220413334875
454,0.0006846860862999002,0.6846860862999001,0.0007155646028642771,0.715564602864277,0.02,453,-0.4413012944450015,0.2969949584064766,-0.3804618994382356
455,0.0006887600220648567,0.6887600220648568,0.0007219565689290858,0.7219565689290858,0.02,453,-0.44136390818222654,0.2970394327313747,-0.3804084778252473
456,0.0007449564247063431,0.744956424706343,0.0007780157115260357,0.7780157115260358,0.02,453,-0.4414002069365078,0.2970907526535605,-0.3803293520352454
457,0.0007143694411809028,0.7143694411809027,0.0007386466585206915,0.7386466585206914,0.02,453,-0.4414565248694652,0.2970213323969015,-0.3804147809927666
458,0.0007043561872307874,0.7043561872307873,0.0007285756966348686,0.7285756966348685,0.02,453,-0.4415171734511269,0.2969841890890922,-0.3804615340390272
459,0.0006798073220520021,0.6798073220520021,0.0007148247213263325,0.7148247213263325,0.02,459,-0.44159235368774064,0.29691242902380816,-0.38056137819192537
460,0.0006847992505764432,0.6847992505764432,0.0007195024274609445,0.7195024274609445,0.02,459,-0.4416352747634185,0.2968981829729697,-0.3805672938789499
461,0.0007021818125088184,0.7021818125088184,0.0007270025309366573,0.7270025309366573,0.02,459,-0.44168250747010984,0.29690376415853215,-0.38055287558885453
462,0.0007444104077997504,0.7444104077997504,0.0007789170589859706,0.7789170589859705,0.02,459,-0.4417277220747298,0.2969321694409072,-0.3805064583141074
463,0.0007111998726018439,0.7111998726018439,0.0007353894286813115,0.7353894286813115,0.02,459,-0.44179073918752015,0.2968624172199138,-0.38059591935380604
464,0.000682453017479386,0.6824530174793859,0.0007134715952554993,0.7134715952554993,0.02,459,-0.4418652649440078,0.2967431825389579,-0.38075518905069444
465,0.0007044812666624985,0.7044812666624984,0.0007285919043289157,0.7285919043289156,0.02,459,-0.44189960463707084,0.29679707146338796,-0.3806691871322026
466,0.0007150236810420947,0.7150236810420948,0.0007391966021388071,0.7391966021388071,0.02,459,-0.4419595093326081,0.2967892364712045,-0.3806782225999455
467,0.0007115597176949452,0.7115597176949452,0.0007357013289336693,0.7357013289336694,0.02,459,-0.442017544467321,0.2967581722935824,-0.380714635812879
468,0.0006771663825932389,0.6771663825932389,0.0007139132129758623,0.7139132129758623,0.02,468,-0.44210171798060616,0.2966804627377701,-0.3808273226463489
469,0.0006809176245308509,0.6809176245308509,0.0007173957927459526,0.7173957927459526,0.02,468,-0.44215053770793644,0.29666582758587134,-0.38083807003853426
470,0.0007252110288502446,0.7252110288502446,0.0007495000280500971,0.7495000280500972,0.02,468,-0.4422206727163709,0.2967246001646902,-0.38076944038383514
471,0.0007059962166764415,0.7059962166764415,0.0007301901534913747,0.7301901534913747,0.02,468,-0.4422871041744254,0.2966786252609754,-0.380831489350831
472,0.0006824880098678866,0.6824880098678866,0.0007182445370759016,0.7182445370759016,0.02,468,-0.4423572574626919,0.29662133096283255,-0.3809086608279998
473,0.0007001980979350439,0.700198097935044,0.000724719224816794,0.724719224816794,0.02,468,-0.4424221310542741,0.2966333335870387,-0.38089623987846055
474,0.0007240219626032399,0.7240219626032399,0.0007483525884599269,0.7483525884599269,0.02,468,-0.44247825274520886,0.29664233486145986,-0.38088145808234186
475,0.0006918662571293102,0.6918662571293102,0.0007216324349413236,0.7216324349413236,0.02,468,-0.4425606411386037,0.29658711427597,-0.38096456127032363
476,0.0006895620206797363,0.6895620206797363,0.0007206962102158136,0.7206962102158135,0.02,468,-0.4426294484855131,0.296565048491224,-0.3809963147138973
477,0.0006760508693149939,0.6760508693149939,0.000707186433527121,0.7071864335271211,0.02,477,-0.4427065459941117,0.29648820708320284,-0.3811024498717
478,0.0006823875811398368,0.6823875811398368,0.000717759896092914,0.7177598960929139,0.02,477,-0.44275176477595174,0.29650513007346124,-0.38107048416052053
479,0.0007261442038598534,0.7261442038598535,0.0007520631357803842,0.7520631357803842,0.02,477,-0.44283126850100113,0.29656375289159703,-0.38100899547871775
480,0.0007021250462690925,0.7021250462690924,0.0007265028089470692,0.7265028089470692,0.02,477,-0.4429045701541384,0.2965132869602781,-0.3810798031262797
481,0.0006776641629246697,0.6776641629246697,0.000712614163057453,0.7126141630574531,0.02,477,-0.44298713791933714,0.296454525992624,-0.38116716833476466
482,0.0006762920602881006,0.6762920602881005,0.0007115832657761426,0.7115832657761426,0.02,477,-0.4430446640301998,0.2964254859304009,-0.3812017104003329
483,0.0007097648411885399,0.7097648411885399,0.0007342755437698846,0.7342755437698847,0.02,477,-0.44311571552232526,0.29647610253935003,-0.38114399681274796
484,0.0006808465868142623,0.6808465868142622,0.0007147276507673254,0.7147276507673254,0.02,477,-0.4431972122752989,0.2964191107947284,-0.3812288581620312
485,0.0006811243418703923,0.6811243418703923,0.0007146951861899199,0.7146951861899199,0.02,477,-0.4432704500279092,0.29640636643896273,-0.38125271580463477
486,0.0007135210585519109,0.7135210585519108,0.0007382033607008222,0.7382033607008222,0.02,477,-0.44334687797837036,0.29644842917070874,-0.3812096847072896
487,0.0007379165186857412,0.7379165186857412,0.0007712336671652961,0.7712336671652961,0.02,477,-0.4434349994688146,0.29648079436315855,-0.381185877268003
488,0.0006801982574882298,0.6801982574882297,0.0007123912215975396,0.7123912215975396,0.02,477,-0.4435226995539026,0.2963788898081288,-0.38132945553487807
489,0.0006728317114026563,0.6728317114026563,0.0007040280820057902,0.7040280820057901,0.02,489,-0.44359326429144263,0.2963192553879226,-0.38140978898610955
490,0.000678899365219462,0.678899365219462,0.0007110861539911404,0.7110861539911404,0.02,489,-0.4436586494609333,0.2963376641968933,-0.38138928905936664
491,0.0007376526444963556,0.7376526444963556,0.0007709131894930919,0.770913189493092,0.02,489,-0.44373724383854596,0.29642619154900396,-0.38128874633736454
492,0.0007047052610343491,0.7047052610343492,0.0007296395129249405,0.7296395129249404,0.02,489,-0.4438204417725085,0.2963681071543936,-0.38137474163431595
493,0.0006770913520128551,0.6770913520128551,0.000708951597520599,0.708951597520599,0.02,489,-0.4438768452369685,0.29628303788843446,-0.38147741918742656
494,0.0006747392844376107,0.6747392844376107,0.0007064991065357791,0.7064991065357791,0.02,489,-0.443960039758821,0.29626513380594105,-0.3815133562651647
495,0.0007035093364553297,0.7035093364553296,0.0007284102603192645,0.7284102603192645,0.02,489,-0.44400066116598236,0.296289596014512,-0.38146777711930935
496,0.0007099960131743494,0.7099960131743493,0.0007349207020119741,0.734920702011974,0.02,489,-0.4440585899770555,0.29627195881039387,-0.38148659580530564
497,0.0006717989261668509,0.6717989261668509,0.0007048034445505928,0.7048034445505927,0.02,497,-0.44412673831626476,0.2961697156824336,-0.381618185826891
498,0.0006736358297470334,0.6736358297470334,0.0007049460523076552,0.7049460523076552,0.02,497,-0.44419012514141487,0.29611571156320526,-0.3816873966801503
499,0.0007141075798429875,0.7141075798429874,0.0007389896789962148,0.7389896789962148,0.02,497,-0.44422367466133195,0.29619254028696096,-0.3815724686736955
500,0.0007544285129911579,0.7544285129911579,0.0007914169164341817,0.7914169164341817,0.02,497,-0.44427904158091924,0.2962158161112288,-0.3815386915242323
