molecule,point_index,bond_length_A,q_A,E_RHF_Ha,E_FCI_Ha,E_corr_Ha,E_corr_mHa,display_reference_Ha,display_RHF,display_FCI,display_unit
LiH,1,1.2627723698145548,-0.2480388808631253,-7.846905488627087,-7.863666397797438,-0.016760909170351113,-16.760909170351113,-7.86338212892119,16.476640294103007,-0.28426887624810604,mHa
LiH,2,1.2798784995292531,-0.23093275114842693,-7.849365411671973,-7.866207549885629,-0.0168421382136561,-16.8421382136561,-7.86338212892119,14.016717249217159,-2.8254209644389405,mHa
LiH,3,1.2969846292439513,-0.21382662143372877,-7.851586254003153,-7.8685194149447515,-0.01693316094159858,-16.93316094159858,-7.86338212892119,11.795874918036908,-5.137286023561671,mHa
LiH,4,1.3140907589586497,-0.1967204917190304,-7.853580012731602,-7.870614059360389,-0.017034046628787713,-17.034046628787713,-7.86338212892119,9.802116189588261,-7.231930439199452,mHa
LiH,5,1.331196888673348,-0.179614362004332,-7.855358016458685,-7.872502875824975,-0.017144859366290177,-17.144859366290177,-7.86338212892119,8.024112462504895,-9.120746903785282,mHa
LiH,6,1.3483030183880462,-0.16250823228963385,-7.8569309704792225,-7.8741966295102985,-0.01726565903107602,-17.26565903107602,-7.86338212892119,6.4511584419673085,-10.814500589108711,mHa
LiH,7,1.3654091481027446,-0.14540210257493547,-7.858308998577662,-7.875705500746038,-0.01739650216837596,-17.39650216837596,-7.86338212892119,5.07313034352741,-12.32337182484855,mHa
LiH,8,1.3825152778174428,-0.1282959728602373,-7.859501681626981,-7.877039124418992,-0.01753744279201097,-17.53744279201097,-7.86338212892119,3.8804472942084445,-13.656995497802527,mHa
LiH,9,1.3996214075321411,-0.11118984314553892,-7.860518093203393,-7.878206626311631,-0.01768853310823726,-17.68853310823726,-7.86338212892119,2.864035717796476,-14.824497390440783,mHa
LiH,10,1.4167275372468395,-0.09408371343084054,-7.861366832428312,-7.879216656596697,-0.01784982416838421,-17.84982416838421,-7.86338212892119,2.015296492877461,-15.834527675506749,mHa
LiH,11,1.4338336669615377,-0.07697758371614238,-7.862056054245256,-7.880077420700788,-0.018021366455531762,-18.021366455531762,-7.86338212892119,1.3260746759335973,-16.695291779598165,mHa
LiH,12,1.450939796676236,-0.059871454001444,-7.862593497331795,-7.880796707742409,-0.018203210410614012,-18.203210410614012,-7.86338212892119,0.7886315893950169,-17.414578821218996,mHa
LiH,13,1.4680459263909342,-0.04276532428674584,-7.862986509838548,-7.88138191674128,-0.01839540690273278,-18.39540690273278,-7.86338212892119,0.3956190826421846,-17.999787820090596,mHa
LiH,14,1.4851520561056326,-0.02565919457204746,-7.863242073136501,-7.8818400807851585,-0.0185980076486576,-18.5980076486576,-7.86338212892119,0.14005578468889723,-18.457951863968702,mHa
LiH,15,1.502258185820331,-0.00855306485734908,-7.863366823743038,-7.882177889328925,-0.01881106558588641,-18.81106558588641,-7.86338212892119,0.015305178151514554,-18.795760407734896,mHa
LiH,16,1.5193643155350292,0.00855306485734908,-7.8633670735853745,-7.8824017087889935,-0.019034635203619032,-19.034635203619032,-7.86338212892119,0.015055335815361559,-19.01957986780367,mHa
LiH,17,1.5364704452497275,0.02565919457204746,-7.863248828748517,-7.882517601583936,-0.019268772835419057,-19.268772835419057,-7.86338212892119,0.13330017267243477,-19.135472662746622,mHa
LiH,18,1.553576574964426,0.04276532428674584,-7.86301780684255,-7.882531343759947,-0.019513536917396657,-19.513536917396657,-7.86338212892119,0.36432207863956734,-19.14921483875709,mHa
LiH,19,1.570682704679124,0.059871454001444,-7.862679453113094,-7.882448441328107,-0.01976898821501294,-19.76898821501294,-7.86338212892119,0.7026758080961315,-19.066312406916808,mHa
LiH,20,1.5877888343938225,0.07697758371614238,-7.862238955407887,-7.882274145429635,-0.020035190021748583,-20.035190021748583,-7.86338212892119,1.143173513303175,-18.89201650844541,mHa
LiH,21,1.6048949641085208,0.09408371343084077,-7.861701258101523,-7.882013466433766,-0.020312208332242676,-20.312208332242676,-7.86338212892119,1.6808708196665023,-18.631337512576174,mHa
LiH,22,1.622001093823219,0.11118984314553892,-7.861071075071287,-7.881671187063703,-0.02060011199241618,-20.60011199241618,-7.86338212892119,2.311053849902933,-18.289058142513248,mHa
LiH,23,1.6391072235379174,0.1282959728602373,-7.860352901807693,-7.881251874636477,-0.020898972828783613,-20.898972828783613,-7.86338212892119,3.029227113496624,-17.86974571528699,mHa
LiH,24,1.6562133532526158,0.1454021025749357,-7.859551026734975,-7.88075989249383,-0.02120886575885539,-21.20886575885539,-7.86338212892119,3.831102186214963,-17.377763572640426,mHa
LiH,25,1.673319482967314,0.16250823228963385,-7.858669541809688,-7.88019941069414,-0.02152986888445252,-21.52986888445252,-7.86338212892119,4.712587111502131,-16.817281772950388,mHa
LiH,26,1.690425612682012,0.179614362004332,-7.857712352458455,-7.879574416027605,-0.021862063569150436,-21.862063569150436,-7.86338212892119,5.669776462735143,-16.192287106415293,mHa
LiH,27,1.7075317423967105,0.1967204917190304,-7.856683186909647,-7.878888721411046,-0.02220553450139917,-22.20553450139917,-7.86338212892119,6.698942011542641,-15.50659248985653,mHa
LiH,28,1.7246378721114088,0.21382662143372877,-7.855585604968732,-7.878145974712777,-0.022560369744045516,-22.560369744045516,-7.86338212892119,7.796523952458223,-14.763845791587293,mHa
LiH,29,1.741744001826107,0.23093275114842693,-7.854423006281625,-7.8773496670528385,-0.022926660771213747,-22.926660771213747,-7.86338212892119,8.95912263956511,-13.967538131648638,mHa
LiH,30,1.7588501315408054,0.2480388808631253,-7.853198638126461,-7.87650314061955,-0.023304502493089352,-23.304502493089352,-7.86338212892119,10.183490794728911,-13.12101169836044,mHa
HF,1,0.8017909532112666,-0.15367174522172344,-98.53077195104531,-98.54893506402632,-0.01816311298101425,-18.16311298101425,-98.57284734716004,42.07539611472555,23.9122831337113,mHa
HF,2,0.8123890046058682,-0.14307369382712187,-98.5372226610317,-98.55600372929977,-0.018781068268069134,-18.781068268069134,-98.57284734716004,35.624686128329586,16.84361786026045,mHa
HF,3,0.8229870560004698,-0.1324756424325202,-98.54300636110256,-98.56242196019979,-0.01941559909722912,-19.41559909722912,-98.57284734716004,29.840986057479313,10.425386960250194,mHa
HF,4,0.8335851073950714,-0.12187759103791862,-98.54816362520772,-98.56823067516072,-0.020067049952999128,-20.067049952999128,-98.57284734716004,24.683721952314386,4.616671999315258,mHa
HF,5,0.8441831587896731,-0.11127953964331694,-98.55273226900877,-98.57346803060989,-0.020735761601116565,-20.735761601116565,-98.57284734716004,20.115078151263788,-0.6206834498527769,mHa
HF,6,0.8547812101842747,-0.10068148824871537,-98.5567475906805,-98.57816966157483,-0.02142207089433157,-21.42207089433157,-98.57284734716004,16.099756479533767,-5.322314414797802,mHa
HF,7,0.8653792615788762,-0.0900834368541138,-98.56024258869071,-98.58236889920802,-0.022126310517307957,-22.126310517307957,-98.57284734716004,12.604758469322519,-9.521552047985438,mHa
HF,8,0.8759773129734779,-0.07948538545951211,-98.5632481583049,-98.58609696697832,-0.022848808673415988,-22.848808673415988,-98.57284734716004,9.599188855133889,-13.249619818282099,mHa
HF,9,0.8865753643680795,-0.06888733406491054,-98.56579326849617,-98.58938315721211,-0.023589888715946472,-23.589888715946472,-98.57284734716004,7.0540786638702,-16.535810052076272,mHa
HF,10,0.8971734157626812,-0.05828928267030886,-98.56790512087258,-98.59225498960559,-0.024349868733011704,-24.349868733011704,-98.57284734716004,4.942226287454332,-19.40764244555737,mHa
HF,11,0.9077714671572827,-0.04769123127570729,-98.56960929217641,-98.5947383532689,-0.025129061092485472,-25.129061092485472,-98.57284734716004,3.2380549836261707,-21.8910061088593,mHa
HF,12,0.9183695185518843,-0.03709317988110572,-98.57092986182637,-98.59685763378316,-0.025927771956787637,-25.927771956787637,-98.57284734716004,1.9174853336636488,-24.01028662312399,mHa
HF,13,0.928967569946486,-0.026495128486504038,-98.57188952591669,-98.59863582669291,-0.02674630077622453,-26.74630077622453,-98.57284734716004,0.957821243346757,-25.788479532877773,mHa
HF,14,0.9395656213410876,-0.015897077091902467,-98.57250969899914,-98.60009463877299,-0.027584939773845463,-27.584939773845463,-98.57284734716004,0.3376481608938775,-27.247291612951585,mHa
HF,15,0.9501636727356892,-0.005299025697300785,-98.57281060490803,-98.60125457833793,-0.028443973429901348,-28.443973429901348,-98.57284734716004,0.036742252007115894,-28.407231177894232,mHa
HF,16,0.9607617241302908,0.005299025697300785,-98.572811357801,-98.60213503577934,-0.0293236779783399,-29.3236779783399,-98.57284734716004,0.035989359034260815,-29.28768861930564,mHa
HF,17,0.9713597755248924,0.015897077091902356,-98.57253003451676,-98.60275435544156,-0.030224320924801873,-30.224320924801873,-98.57284734716004,0.3173126432756135,-29.90700828152626,mHa
HF,18,0.9819578269194941,0.026495128486504038,-98.57198373926502,-98.60312989986062,-0.03114616059559694,-31.14616059559694,-98.57284734716004,0.8636078950132742,-30.282552700583665,mHa
HF,19,0.9925558783140956,0.03709317988110561,-98.57118866158999,-98.60327810731675,-0.03208944572676842,-32.08944572676842,-98.57284734716004,1.6586855700495562,-30.43076015671886,mHa
HF,20,1.0031539297086973,0.04769123127570729,-98.57016012846368,-98.60321454356279,-0.033054415099101675,-33.054415099101675,-98.57284734716004,2.6872186963515787,-30.367196402750096,mHa
HF,21,1.013751981103299,0.05828928267030886,-98.56891265129455,-98.60295394852189,-0.034041297227332734,-34.041297227332734,-98.57284734716004,3.9346958654817854,-30.10660136185095,mHa
HF,22,1.0243500324979005,0.06888733406491043,-98.56745996855416,-98.60251027866025,-0.03505031010608661,-35.05031010608661,-98.57284734716004,5.38737860587446,-29.662931500212153,mHa
HF,23,1.0349480838925023,0.07948538545951223,-98.5658150846609,-98.60189674567727,-0.036081661016368116,-36.081661016368116,-98.57284734716004,7.032262499137687,-29.04939851723043,mHa
HF,24,1.0455461352871038,0.0900834368541138,-98.56399030568157,-98.60112585207521,-0.03713554639364247,-37.13554639364247,-98.57284734716004,8.857041478464112,-28.27850491517836,mHa
HF,25,1.0561441866817054,0.10068148824871537,-98.56199727234646,-98.60020942410321,-0.03821215175675263,-38.21215175675263,-98.57284734716004,10.850074813575361,-27.36207694317727,mHa
HF,26,1.066742238076307,0.11127953964331694,-98.55984699081723,-98.59915864251325,-0.039311651696010586,-39.311651696010586,-98.57284734716004,13.000356342800501,-26.311295353210085,mHa
HF,27,1.0773402894709085,0.12187759103791851,-98.5575498615783,-98.59798407149421,-0.040434209915915176,-40.434209915915176,-98.57284734716004,15.297485581740489,-25.136724334174687,mHa
HF,28,1.0879383408655103,0.1324756424325203,-98.55511570677464,-98.5966956861026,-0.0415799793279632,-41.5799793279632,-98.57284734716004,17.73164038539221,-23.84833894257099,mHa
HF,29,1.098536392260112,0.14307369382712187,-98.55255379626495,-98.59530289845098,-0.042749102186036225,-42.749102186036225,-98.57284734716004,20.293550895090107,-22.45555129094612,mHa
HF,30,1.1091344436547135,0.15367174522172344,-98.54987287261443,-98.5938145828714,-0.043941710256973465,-43.941710256973465,-98.57284734716004,22.974474545605972,-20.967235711367493,mHa
BeH2,1,1.1486075019376127,-0.1419308970542672,-15.540923032932644,-15.56937481979936,-0.028451786866716233,-28.451786866716233,-15.561352807782088,20.429774849443305,-8.022012017272928,mHa
BeH2,2,1.1583958396654932,-0.13214255932638674,-15.543875009728994,-15.572582679467391,-0.028707669738397,-28.707669738397,-15.561352807782088,17.477798053093352,-11.22987168530365,mHa
BeH2,3,1.1681841773933737,-0.12235422159850629,-15.546562811207462,-15.57553558495015,-0.028972773742687252,-28.972773742687252,-15.561352807782088,14.789996574625874,-14.182777168061378,mHa
BeH2,4,1.1779725151212543,-0.1125658838706256,-15.548995907703247,-15.578242966902218,-0.02924705919897086,-29.24705919897086,-15.561352807782088,12.356900078840383,-16.890159120130477,mHa
BeH2,5,1.1877608528491348,-0.10277754614274515,-15.551183418337654,-15.580713912360398,-0.02953049402274388,-29.53049402274388,-15.561352807782088,10.169389444433463,-19.361104578310417,mHa
BeH2,6,1.1975491905770153,-0.09298920841486469,-15.553134124895351,-15.582957178365035,-0.02982305346968417,-29.82305346968417,-15.561352807782088,8.218682886736772,-21.604370582947396,mHa
BeH2,7,1.2073375283048957,-0.08320087068698423,-15.554856485086692,-15.584981204972516,-0.030124719885824547,-30.124719885824547,-15.561352807782088,6.496322695396017,-23.62839719042853,mHa
BeH2,8,1.2171258660327762,-0.07341253295910377,-15.556358645231645,-15.586794127695669,-0.030435482464023167,-30.435482464023167,-15.561352807782088,4.9941625504423826,-25.441319913580784,mHa
BeH2,9,1.2269142037606566,-0.06362419523122331,-15.557648452399565,-15.588403789406224,-0.030755337006658223,-30.755337006658223,-15.561352807782088,3.7043553825224507,-27.050981624135773,mHa
BeH2,10,1.2367025414885373,-0.05383585750334263,-15.558733466037383,-15.589817751731854,-0.031084285694470637,-31.084285694470637,-15.561352807782088,2.619341744704684,-28.464943949765953,mHa
BeH2,11,1.2464908792164178,-0.044047519775462174,-15.559620969115391,-15.591043305977244,-0.03142233686185314,-31.42233686185314,-15.561352807782088,1.7318386666964614,-29.690498195156678,mHa
BeH2,12,1.2562792169442982,-0.034259182047581715,-15.560317978819171,-15.592087483597453,-0.031769504778282,-31.769504778282,-15.561352807782088,1.034828962916734,-30.734675815365264,mHa
BeH2,13,1.2660675546721787,-0.024470844319701257,-15.56083125681183,-15.592957066247958,-0.03212580943612764,-32.12580943612764,-15.561352807782088,0.5215509702569676,-31.60425846587067,mHa
BeH2,14,1.2758558924000591,-0.014682506591820799,-15.561167319090728,-15.593658595435613,-0.03249127634488502,-32.49127634488502,-15.561352807782088,0.1854886913594811,-32.30578765352554,mHa
BeH2,15,1.2856442301279396,-0.00489416886394034,-15.561332445460108,-15.5941983817916,-0.032865936331491596,-32.865936331491596,-15.561352807782088,0.020362321979661147,-32.845574009511935,mHa
BeH2,16,1.2954325678558203,0.00489416886394034,-15.561332688638943,-15.594582513986143,-0.0332498253472,-33.2498253472,-15.561352807782088,0.020119143144370355,-33.22970620405563,mHa
BeH2,17,1.3052209055837007,0.014682506591820799,-15.561173883022258,-15.59481686730281,-0.03364298428055257,-33.64298428055257,-15.561352807782088,0.17892475982961287,-33.464059520722955,mHa
BeH2,18,1.3150092433115812,0.024470844319701257,-15.560861653112138,-15.594907111888741,-0.034045458776603255,-34.045458776603255,-15.561352807782088,0.49115466994997803,-33.55430410665328,mHa
BeH2,19,1.3247975810394617,0.034259182047581715,-15.560401421633568,-15.594858720695846,-0.03445729906227868,-34.45729906227868,-15.561352807782088,0.9513861485199726,-33.505912913758706,mHa
BeH2,20,1.3345859187673421,0.044047519775462174,-15.559798417348649,-15.59467697712652,-0.03487855977787113,-34.87855977787113,-15.561352807782088,1.554390433438968,-33.324169344432164,mHa
BeH2,21,1.3443742564952226,0.05383585750334263,-15.559057682582184,-15.594366982396657,-0.035309299814473505,-35.309299814473505,-15.561352807782088,2.2951251999039357,-33.01417461456957,mHa
BeH2,22,1.3541625942231033,0.06362419523122331,-15.558184080469477,-15.593933662626757,-0.03574958215727975,-35.74958215727975,-15.561352807782088,3.168727312610642,-32.580854844669105,mHa
BeH2,23,1.3639509319509837,0.07341253295910377,-15.557182301937354,-15.593381775672109,-0.036199473734754406,-36.199473734754406,-15.561352807782088,4.170505844733441,-32.028967890020965,mHa
BeH2,24,1.3737392696788642,0.08320087068698423,-15.556056872428183,-15.592715917701561,-0.036659045273378155,-36.659045273378155,-15.561352807782088,5.295935353904824,-31.36310991947333,mHa
BeH2,25,1.3835276074067446,0.09298920841486469,-15.55481215837598,-15.59194052953395,-0.0371283711579693,-37.1283711579693,-15.561352807782088,6.54064940610688,-30.587721751862418,mHa
BeH2,26,1.393315945134625,0.10277754614274515,-15.553452373442582,-15.59105990274001,-0.0376075292974285,-37.6075292974285,-15.561352807782088,7.900434339505935,-29.707094957922564,mHa
BeH2,27,1.4031042828625058,0.11256588387062583,-15.551981584522183,-15.590078185517962,-0.03809660099577883,-38.09660099577883,-15.561352807782088,9.371223259904582,-28.725377735874247,mHa
BeH2,28,1.4128926205903862,0.12235422159850629,-15.550403717521613,-15.588999388349865,-0.03859567082825244,-38.59567082825244,-15.561352807782088,10.949090260474748,-27.64658056777769,mHa
BeH2,29,1.4226809583182667,0.13214255932638674,-15.548722562923551,-15.58782738944608,-0.03910482652252867,-39.10482652252867,-15.561352807782088,12.630244858536699,-26.47458166399197,mHa
BeH2,30,1.4324692960461471,0.1419308970542672,-15.546941781138694,-15.58656593998329,-0.039624158844596025,-39.624158844596025,-15.561352807782088,14.41102664339411,-25.213132201201915,mHa
NH3,1,0.9376455019630171,-0.09487706449101341,-55.42410430536252,-55.479847205219116,-0.05574289985659675,-55.74289985659675,-55.45541977880504,31.315473442518282,-24.427426414078468,mHa
NH3,2,0.9441887477899835,-0.08833381866404699,-55.428621906610104,-55.485192272076816,-0.05657036546671179,-56.57036546671179,-55.45541977880504,26.797872194933348,-29.772493271778444,mHa
NH3,3,0.95073199361695,-0.08179057283708047,-55.432736810400364,-55.490146125839004,-0.05740931543864036,-57.40931543864036,-55.45541977880504,22.68296840467343,-34.72634703396693,mHa
NH3,4,0.9572752394439165,-0.07524732701011405,-55.43646323144508,-55.49472317345962,-0.0582599420145371,-58.2599420145371,-55.45541977880504,18.956547359955778,-39.303394654581325,mHa
NH3,5,0.9638184852708829,-0.06870408118314764,-55.43981485006998,-55.498937289707946,-0.05912243963796726,-59.12243963796726,-55.45541977880504,15.604928735058365,-43.517510902908896,mHa
NH3,6,0.9703617310978493,-0.06216083535618122,-55.442804835663395,-55.50280184055054,-0.0599970048871441,-59.9970048871441,-55.45541977880504,12.614943141642243,-47.38206174550186,mHa
NH3,7,0.9769049769248158,-0.055617589529214695,-55.445445869095266,-55.50632970550218,-0.06088383640691575,-60.88383640691575,-55.45541977880504,9.973909709771078,-50.90992669714467,mHa
NH3,8,0.9834482227517822,-0.04907434370224828,-55.44775016414038,-55.50953329897651,-0.06178313483612641,-61.78313483612641,-55.45541977880504,7.669614664656876,-54.11352017146953,mHa
NH3,9,0.9899914685787486,-0.042531097875281865,-55.44972948793889,-55.51242459067495,-0.0626951027360576,-62.695102736057606,-55.45541977880504,5.690290866148473,-57.00481186990913,mHa
NH3,10,0.9965347144057151,-0.03598785204831545,-55.451395180527896,-55.51501512504181,-0.06361994451391695,-63.61994451391695,-55.45541977880504,4.024598277140967,-59.59534623677598,mHa
NH3,11,1.0030779602326816,-0.029444606221348923,-55.45275817347529,-55.51731603982104,-0.06455786634575134,-64.55786634575134,-55.45541977880504,2.661605329748795,-61.89626101600254,mHa
NH3,12,1.0096212060596481,-0.022901360394382397,-55.45382900765014,-55.519338083746234,-0.06550907609609169,-65.50907609609169,-55.45541977880504,1.59077115489481,-63.91830494119688,mHa
NH3,13,1.0161644518866144,-0.016358114567416093,-55.454617850155536,-55.52109163339232,-0.06647378323678055,-66.47378323678055,-55.45541977880504,0.8019286495013489,-65.6718545872792,mHa
NH3,14,1.022707697713581,-0.009814868740449567,-55.455134510461676,-55.522586709223695,-0.06745219876201958,-67.45219876201958,-55.45541977880504,0.2852683433616221,-67.16693041865796,mHa
NH3,15,1.0292509435405472,-0.003271622913483263,-55.45538845576259,-55.52383299086493,-0.06844453510234416,-68.44453510234416,-55.45541977880504,0.0313230424495714,-68.41321205989459,mHa
NH3,16,1.0357941893675138,0.003271622913483263,-55.45538882559224,-55.524839831627574,-0.0694510060353366,-69.4510060353366,-55.45541977880504,0.030953212800000074,-69.4200528225366,mHa
NH3,17,1.0423374351944803,0.00981486874044979,-55.45514444572147,-55.52561627231513,-0.07047182659366058,-70.47182659366058,-55.45541977880504,0.2753330835645329,-70.19649351009605,mHa
NH3,18,1.0488806810214466,0.016358114567416093,-55.4546638413748,-55.52617105434574,-0.07150721297093554,-71.50721297093554,-55.45541977880504,0.75593743023461,-70.75127554070093,mHa
NH3,19,1.0554239268484131,0.02290136039438262,-55.453955249784016,-55.52651263220799,-0.07255738242397314,-72.55738242397314,-55.45541977880504,1.4645290210211215,-71.09285340295202,mHa
NH3,20,1.0619671726753797,0.029444606221349146,-55.45302663211662,-55.52664918528843,-0.0736225531718091,-73.6225531718091,-55.45541977880504,2.3931466884192787,-71.22940648338982,mHa
NH3,21,1.068510418502346,0.03598785204831545,-55.45188568479819,-55.52658862909036,-0.07470294429217006,-74.70294429217006,-55.45541977880504,3.534094006845123,-71.16885028532494,mHa
NH3,22,1.0750536643293125,0.042531097875281976,-55.45053985026124,-55.52633862587424,-0.07579877561300208,-75.79877561300208,-55.45541977880504,4.8799285438008155,-70.91884706920126,mHa
NH3,23,1.081596910156279,0.0490743437022485,-55.44899632714219,-55.52590659474224,-0.0769102676000486,-76.9102676000486,-55.45541977880504,6.4234516628474125,-70.48681593720119,mHa
NH3,24,1.0881401559832453,0.055617589529214806,-55.44726207995508,-55.5252997211979,-0.07803764124281543,-78.03764124281543,-55.45541977880504,8.157698849956319,-69.8799423928591,mHa
NH3,25,1.0946834018102118,0.06216083535618133,-55.44534384826648,-55.52452496619935,-0.07918111793286897,-79.18111793286897,-55.45541977880504,10.075930538555156,-69.10518739431382,mHa
NH3,26,1.1012266476371781,0.06870408118314764,-55.44324815539376,-55.52358907473349,-0.08034091933973286,-80.34091933973286,-55.45541977880504,12.171623411276755,-68.16929592845611,mHa
NH3,27,1.1077698934641447,0.07524732701011416,-55.440981316654636,-55.522498583935715,-0.08151726728107889,-81.51726728107889,-55.45541977880504,14.438462150401676,-67.07880513067721,mHa
NH3,28,1.1143131392911112,0.08179057283708069,-55.438549447186766,-55.521259830775016,-0.08271038358824967,-82.71038358824967,-55.45541977880504,16.87033161827145,-65.84005196997822,mHa
NH3,29,1.1208563851180775,0.08833381866404699,-55.43595846936264,-55.51987895932938,-0.08392048996674362,-83.92048996674362,-55.45541977880504,19.461309442398544,-64.45918052434507,mHa
NH3,30,1.127399630945044,0.09487706449101352,-55.433214119820576,-55.51836192767183,-0.08514780785125708,-85.14780785125708,-55.45541977880504,22.20565898446125,-62.94214886679583,mHa
H2O,1,0.8766820946783271,-0.11272722400113389,-74.9305954294513,-74.97135215104066,-0.04075672158936072,-40.75672158936072,-74.96590119230045,35.30576284914844,-5.450958740212286,mHa
H2O,2,0.8844563859887502,-0.10495293269071082,-74.93578600178965,-74.97737805275293,-0.04159205096327412,-41.59205096327412,-74.96590119230045,30.115190510798584,-11.476860452475535,mHa
H2O,3,0.8922306772991732,-0.09717864138028787,-74.94049108442891,-74.98293349756847,-0.04244241313955399,-42.44241313955399,-74.96590119230045,25.410107871536525,-17.032305268017467,mHa
H2O,4,0.9000049686095962,-0.0894043500698648,-74.94473178500326,-74.9880398330304,-0.04330804802714283,-43.30804802714283,-74.96590119230045,21.169407297193743,-22.13864072994909,mHa
H2O,5,0.9077792599200193,-0.08163005875944174,-74.94852820398167,-74.99271739740897,-0.04418919342730021,-44.18919342730021,-74.96590119230045,17.3729883187832,-26.81620510851701,mHa
H2O,6,0.9155535512304422,-0.07385576744901878,-74.95189949404875,-74.99698557886782,-0.04508608481907572,-45.08608481907572,-74.96590119230045,14.001698251703942,-31.08438656737178,mHa
H2O,7,0.9233278425408653,-0.06608147613859572,-74.95486391581031,-75.00086287095411,-0.04599895514380137,-45.99895514380137,-74.96590119230045,11.037276490142744,-34.96167865365862,mHa
H2O,8,0.9311021338512884,-0.05830718482817265,-74.95743888999577,-75.00436692458509,-0.04692803458931394,-46.92803458931394,-74.96590119230045,8.462302304678815,-38.46573228463512,mHa
H2O,9,0.9388764251617113,-0.0505328935177497,-74.95964104632206,-75.00751459669772,-0.04787355037565533,-47.87355037565533,-74.96590119230045,6.260145978387754,-41.61340439726757,mHa
H2O,10,0.9466507164721344,-0.042758602207326635,-74.96148626918632,-75.01032199572973,-0.04883572654340185,-48.83572654340185,-74.96590119230045,4.414923114126168,-44.42080342927568,mHa
H2O,11,0.9544250077825573,-0.03498431089690368,-74.96298974034647,-75.01280452409114,-0.04981478374466519,-49.81478374466519,-74.96590119230045,2.911451953977462,-46.90333179068773,mHa
H2O,12,0.9621992990929804,-0.027210019586480616,-74.96416597875154,-75.01497691779232,-0.05081093904078671,-50.81093904078671,-74.96590119230045,1.7352135489119291,-49.07572549187478,mHa
H2O,13,0.9699735904034035,-0.01943572827605755,-74.9650288776729,-75.01685328337712,-0.05182440570420965,-51.82440570420965,-74.96590119230045,0.8723146275428917,-50.95209107666676,mHa
H2O,14,0.9777478817138265,-0.011661436965634486,-74.96559173929221,-75.01844713232205,-0.05285539302984432,-52.85539302984432,-74.96590119230045,0.3094530082421443,-52.54594002160218,mHa
H2O,15,0.9855221730242495,-0.0038871456552115324,-74.96586730689306,-75.01977141304593,-0.05390410615287067,-53.90410615287067,-74.96590119230045,0.03388540739024393,-53.870220745480424,mHa
H2O,16,0.9932964643346726,0.0038871456552115324,-74.96586779479925,-75.02083854067745,-0.05497074587819384,-54.97074587819384,-74.96590119230045,0.033397501198351165,-54.93734837699549,mHa
H2O,17,1.0010707556450955,0.011661436965634486,-74.96560491620397,-75.02166042472334,-0.05605550851936414,-56.05550851936414,-74.96590119230045,0.29627609647775444,-55.759232422886384,mHa
H2O,18,1.0088450469555186,0.01943572827605755,-74.96508990902286,-75.02224849477234,-0.05715858574947674,-57.15858574947674,-74.96590119230045,0.811283277585062,-56.34730247189168,mHa
H2O,19,1.0166193382659416,0.027210019586480616,-74.96433355990357,-75.02261372436905,-0.05828016446548645,-58.28016446548645,-74.96590119230045,1.5676323968847328,-56.71253206860172,mHa
H2O,20,1.0243936295763647,0.03498431089690368,-74.96334622651966,-75.02276665318503,-0.059420426665369064,-59.420426665369064,-74.96590119230045,2.5549657807886206,-56.86546088458044,mHa
H2O,21,1.0321679208867875,0.042758602207326524,-74.96213785827123,-75.0227174076112,-0.06057954933996257,-60.57954933996257,-74.96590119230045,3.7633340292160256,-56.81621531074654,mHa
H2O,22,1.0399422121972106,0.05053289351774959,-74.96071801550896,-75.02247571988882,-0.061757704379857614,-61.757704379857614,-74.96590119230045,5.183176791490496,-56.57452758836712,mHa
H2O,23,1.0477165035076337,0.05830718482817265,-74.9590958873919,-75.02205094588994,-0.06295505849804783,-62.95505849804783,-74.96590119230045,6.805304908553467,-56.14975358949437,mHa
H2O,24,1.0554907948180567,0.06608147613859572,-74.95728030848984,-75.02145208165783,-0.06417177316798472,-64.17177316798472,-74.96590119230045,8.620883810607438,-55.55088935737729,mHa
H2O,25,1.0632650861284798,0.07385576744901878,-74.95527977422806,-75.02068777880727,-0.06540800457921137,-65.40800457921137,-74.96590119230045,10.621418072389588,-54.78658650682178,mHa
H2O,26,1.0710393774389029,0.08163005875944185,-74.95310245527196,-75.01976635888096,-0.06666390360899754,-66.66390360899754,-74.96590119230045,12.798737028489882,-53.86516658050766,mHa
H2O,27,1.078813668749326,0.08940435006986491,-74.95075621094247,-75.01869582675288,-0.06793961581040264,-67.93961581040264,-74.96590119230045,15.144981357977372,-52.79463445242527,mHa
H2O,28,1.0865879600597488,0.09717864138028776,-74.94824860174691,-75.01748388316497,-0.06923528141805946,-69.23528141805946,-74.96590119230045,17.652590553538516,-51.58269086452094,mHa
H2O,29,1.0943622513701718,0.10495293269071082,-74.94558690110547,-75.01613793647545,-0.07055103536997365,-70.55103536997365,-74.96590119230045,20.314291194978296,-50.23674417499535,mHa
H2O,30,1.102136542680595,0.11272722400113389,-74.94277810634824,-75.01466511369377,-0.07188700734552356,-71.88700734552356,-74.96590119230045,23.123085952207134,-48.76392139331642,mHa
H2S,1,1.2030703521648283,-0.1255856989017472,-394.2844813091399,-394.31764922400566,-0.03316791486577131,-33.16791486577131,-394.31163005927584,27.148750135950195,-6.019164729821114,mHa
H2S,2,1.2117314348477073,-0.11692461621886818,-394.28841997776124,-394.3221034367017,-0.03368345894045888,-33.68345894045888,-394.31163005927584,23.210081514605463,-10.473377425853414,mHa
H2S,3,1.2203925175305865,-0.10826353353598894,-394.29200294202366,-394.3262132705942,-0.03421032857056616,-34.21032857056616,-394.31163005927584,19.62711725218469,-14.583211318381473,mHa
H2S,4,1.2290536002134655,-0.09960245085310993,-394.2952433631079,-394.3299920102045,-0.03474864709659187,-34.74864709659187,-394.31163005927584,16.38669616795596,-18.361950928635906,mHa
H2S,5,1.2377146828963448,-0.09094136817023069,-394.29815392871103,-394.3334524684906,-0.035298539779546445,-35.298539779546445,-394.31163005927584,13.476130564811228,-21.822409214735217,mHa
H2S,6,1.2463757655792238,-0.08228028548735167,-394.30074687045214,-394.33660700418267,-0.0358601337305231,-35.8601337305231,-394.31163005927584,10.883188823697765,-24.976944906825338,mHa
H2S,7,1.255036848262103,-0.07361920280447243,-394.30303398063916,-394.33946753847636,-0.03643355783719926,-36.43355783719926,-394.31163005927584,8.596078636685434,-27.837479200513826,mHa
H2S,8,1.263697930944982,-0.06495812012159341,-394.3050266284165,-394.3420455711027,-0.03701894268618844,-37.01894268618844,-394.31163005927584,6.603430859343007,-30.41551182684543,mHa
H2S,9,1.2723590136278613,-0.05629703743871417,-394.306735775309,-394.34435219580166,-0.03761642049266811,-37.61642049266811,-394.31163005927584,4.894283966848434,-32.72213652581968,mHa
H2S,10,1.2810200963107403,-0.04763595475583515,-394.30817199020595,-394.34639811522527,-0.03822612501932099,-38.22612501932099,-394.31163005927584,3.4580690698930994,-34.76805594942789,mHa
H2S,11,1.2896811789936193,-0.038974872072956135,-394.3093454637926,-394.34819365529376,-0.03884819150113117,-38.84819150113117,-394.31163005927584,2.2845954832177995,-36.56359601791337,mHa
H2S,12,1.2983422616764986,-0.030313789390076895,-394.31026602246015,-394.34974877902414,-0.03948275656398437,-39.48275656398437,-394.31163005927584,1.3640368156870863,-38.11871974829728,mHa
H2S,13,1.3070033443593776,-0.021652706707197877,-394.3109431417073,-394.35107309985494,-0.040129958147645084,-40.129958147645084,-394.31163005927584,0.6869175685437767,-39.44304057910131,mHa
H2S,14,1.3156644270422568,-0.012991624024318638,-394.3113859590629,-394.3521758944826,-0.04078993541975251,-40.78993541975251,-394.31163005927584,0.24410021296716877,-40.54583520678534,mHa
H2S,15,1.3243255097251359,-0.00433054134143962,-394.31160328653726,-394.3530661152342,-0.04146282869692186,-41.46282869692186,-394.31163005927584,0.02677273857898399,-41.43605595834288,mHa
H2S,16,1.332986592408015,0.00433054134143962,-394.31160362262483,-394.35375240198505,-0.042148779360218214,-42.148779360218214,-394.31163005927584,0.02643665101231818,-42.122342709205896,mHa
H2S,17,1.341647675090894,0.012991624024318638,-394.3113951638824,-394.35424309365067,-0.04284792976824292,-42.84792976824292,-394.31163005927584,0.23489539341881027,-42.61303437482411,mHa
H2S,18,1.3503087577737733,0.021652706707197877,-394.31098581608023,-394.35454623925216,-0.04356042317192532,-43.56042317192532,-394.31163005927584,0.6442431956088512,-42.91617997631647,mHa
H2S,19,1.3589698404566524,0.030313789390076895,-394.3103832049609,-394.35466960858855,-0.044286403627666004,-44.286403627666004,-394.31163005927584,1.2468543149566358,-43.03954931270937,mHa
H2S,20,1.3676309231395316,0.038974872072956135,-394.3095946866061,-394.35462070251253,-0.04502601590644417,-45.02601590644417,-394.31163005927584,2.035372669752178,-42.990643236691994,mHa
H2S,21,1.3762920058224106,0.04763595475583515,-394.3086273574314,-394.3544067628387,-0.045779405407301965,-45.779405407301965,-394.31163005927584,3.0027018444229725,-42.77670356287899,mHa
H2S,22,1.3849530885052896,0.05629703743871417,-394.307488063826,-394.3540347818871,-0.04654671806110855,-46.54671806110855,-394.31163005927584,4.141995449856495,-42.404722611252055,mHa
H2S,23,1.3936141711881689,0.06495812012159341,-394.30618341143395,-394.3535115116781,-0.04732810024415812,-47.32810024415812,-394.31163005927584,5.446647841893082,-41.88145240226504,mHa
H2S,24,1.402275253871048,0.07361920280447243,-394.30471977410934,-394.3528434727889,-0.04812369867954658,-48.12369867954658,-394.31163005927584,6.9102851664979426,-41.213413513048636,mHa
H2S,25,1.4109363365539271,0.08228028548735167,-394.3031033025438,-394.3520369628902,-0.048933660346449415,-48.933660346449415,-394.31163005927584,8.526756732067042,-40.40690361438237,mHa
H2S,26,1.4195974192368062,0.09094136817023069,-394.30133993257874,-394.3510980649611,-0.04975813238235105,-49.75813238235105,-394.31163005927584,10.290126697100277,-39.46800568525077,mHa
H2S,27,1.4282585019196854,0.09960245085310993,-394.29943539321897,-394.35003265520425,-0.050597261985274145,-50.597261985274145,-394.31163005927584,12.194666056871029,-38.402595928403116,mHa
H2S,28,1.4369195846025644,0.10826353353598894,-394.29739521435,-394.34884641066986,-0.05145119631987427,-51.45119631987427,-394.31163005927584,14.23484492585203,-37.21635139402224,mHa
H2S,29,1.4455806672854434,0.11692461621886796,-394.29522473417575,-394.347544816587,-0.05232008241125641,-52.32008241125641,-394.31163005927584,16.40532510009507,-35.91475731116134,mHa
H2S,30,1.4542417499683227,0.1255856989017472,-394.2929291063803,-394.3461331734335,-0.05320406705317282,-53.20406705317282,-394.31163005927584,18.700952895528644,-34.50311415764418,mHa
N2,1,1.0602973735344006,-0.07355392064141952,-107.47926683532586,-107.62503083003969,-0.14576399471383183,-145.76399471383183,-107.50065426275155,21.387427425693772,-124.37656728813806,mHa
N2,2,1.0653700577165675,-0.06848123645925264,-107.48232151347028,-107.62952685650184,-0.1472053430315583,-147.2053430315583,-107.50065426275155,18.33274928127082,-128.87259375028748,mHa
N2,3,1.0704427418987343,-0.06340855227708575,-107.48511134323486,-107.63376856904458,-0.14865722580971408,-148.65722580971408,-107.50065426275155,15.54291951669029,-133.1143062930238,mHa
N2,4,1.0755154260809012,-0.058335868094918863,-107.48764430886756,-107.63776395700583,-0.15011964813827205,-150.11964813827205,-107.50065426275155,13.009953883994285,-137.10969425427777,mHa
N2,5,1.0805881102630681,-0.05326318391275198,-107.489928179267,-107.64152079292647,-0.1515926136594743,-151.5926136594743,-107.50065426275155,10.72608348455617,-140.86653017491813,mHa
N2,6,1.0856607944452348,-0.04819049973058531,-107.49197051349537,-107.64504663811122,-0.15307612461585052,-153.07612461585052,-107.50065426275155,8.68374925617843,-144.3923753596721,mHa
N2,7,1.0907334786274017,-0.043117815548418426,-107.49377866615201,-107.64834884805192,-0.15457018189991345,-154.57018189991345,-107.50065426275155,6.8755965995421775,-147.69458530037127,mHa
N2,8,1.0958061628095686,-0.03804513136625154,-107.49535979260683,-107.65143457770868,-0.15607478510185047,-156.07478510185047,-107.50065426275155,5.294470144718844,-150.78031495713162,mHa
N2,9,1.1008788469917354,-0.03297244718408465,-107.49672085410302,-107.65431078666099,-0.15758993255796838,-157.58993255796838,-107.50065426275155,3.933408648535419,-153.65652390943296,mHa
N2,10,1.1059515311739023,-0.027899763001917766,-107.49786862272774,-107.65698424412616,-0.15911562139842772,-159.11562139842772,-107.50065426275155,2.785640023816427,-156.3299813746113,mHa
N2,11,1.1110242153560692,-0.02282707881975088,-107.49880968625473,-107.6594615338502,-0.16065184759547435,-160.65184759547435,-107.50065426275155,1.8445764968220146,-158.80727109865234,mHa
N2,12,1.116096899538236,-0.017754394637583992,-107.49955045286629,-107.6617490588769,-0.16219860601060532,-162.19860601060532,-107.50065426275155,1.1038098852651501,-161.09479612534017,mHa
N2,13,1.121169583720403,-0.012681710455417106,-107.50009715575379,-107.66385304619733,-0.16375589044353944,-163.75589044353944,-107.50065426275155,0.5571069977605703,-163.19878344577887,mHa
N2,14,1.1262422679025699,-0.007609026273250219,-107.50045585760213,-107.66577955128143,-0.1653236936792979,-165.3236936792979,-107.50065426275155,0.1984051494190453,-165.12528852987884,mHa
N2,15,1.1313149520847368,-0.0025363420910833323,-107.50063245496105,-107.66753446249776,-0.1669020075367058,-166.9020075367058,-107.50065426275155,0.02180779050320325,-166.8801997462026,mHa
N2,16,1.1363876362669036,0.0025363420910835544,-107.50063268250452,-107.66912350542182,-0.1684908229173061,-168.4908229173061,-107.50065426275155,0.02158024703646788,-168.46924267026964,mHa
N2,17,1.1414603204490703,0.007609026273250219,-107.5004621171847,-107.67055224703923,-0.17009012985452898,-170.09012985452898,-107.50065426275155,0.1921455668565386,-169.89798428767244,mHa
N2,18,1.1465330046312372,0.012681710455417106,-107.50012618228016,-107.67182609984214,-0.17169991756198044,-171.69991756198044,-107.50065426275155,0.5280804713976295,-171.1718370905828,mHa
N2,19,1.151605688813404,0.017754394637583992,-107.49963015134269,-107.67295032582676,-0.17332017448407555,-173.32017448407555,-107.50065426275155,1.0241114088671566,-172.2960630752084,mHa
N2,20,1.156678372995571,0.02282707881975088,-107.49897915204599,-107.67393004039218,-0.17495088834618855,-174.95088834618855,-107.50065426275155,1.675110705562588,-173.27577764062596,mHa
N2,21,1.1617510571777379,0.027899763001917766,-107.49817816993622,-107.67477021614108,-0.1765920462048598,-176.5920462048598,-107.50065426275155,2.4760928153284567,-174.11595338953134,mHa
N2,22,1.1668237413599047,0.03297244718408465,-107.4972320520916,-107.67547568659138,-0.1782436344997791,-178.2436344997791,-107.50065426275155,3.4222106599486324,-174.82142383983046,mHa
N2,23,1.1718964255420716,0.03804513136625154,-107.49614551068953,-107.67605114979506,-0.17990563910552737,-179.90563910552737,-107.50065426275155,4.508752062022836,-175.39688704350453,mHa
N2,24,1.1769691097242385,0.043117815548418426,-107.49492312648441,-107.67650117186858,-0.1815780453841711,-181.5780453841711,-107.50065426275155,5.731136267144166,-175.84690911702694,mHa
N2,25,1.1820417939064054,0.04819049973058531,-107.49356935220213,-107.67683019044063,-0.18326083823849615,-183.26083823849615,-107.50065426275155,7.0849105494232845,-176.17592768907286,mHa
N2,26,1.187114478088572,0.05326318391275198,-107.49208851584709,-107.6770425180132,-0.18495400216610847,-184.95400216610847,-107.50065426275155,8.56574690446621,-176.38825526164226,mHa
N2,27,1.192187162270739,0.058335868094918863,-107.49048482393151,-107.6771423452455,-0.1866575213139896,-186.6575213139896,-107.50065426275155,10.169438820042842,-176.48808249394676,mHa
N2,28,1.1972598464529058,0.06340855227708575,-107.48876236462318,-107.67713374415729,-0.18837137953410377,-188.37137953410377,-107.50065426275155,11.891898128368439,-176.47948140573533,mHa
N2,29,1.2023325306350727,0.06848123645925264,-107.48692511081623,-107.67702067125452,-0.19009556043829434,-190.09556043829434,-107.50065426275155,13.729151935322648,-176.3664085029717,mHa
N2,30,1.2074052148172396,0.07355392064141952,-107.48497692312893,-107.67680697058566,-0.19183004745673315,-191.83004745673315,-107.50065426275155,15.677339622627073,-176.15270783410608,mHa
CO,1,1.0680981974213024,-0.07738247822838762,-111.20558784121425,-111.33145825672895,-0.12587041551469724,-125.87041551469724,-111.22544951413587,19.86167292162122,-106.00874259307602,mHa
CO,2,1.0734349200577429,-0.07204575559194715,-111.20843337018277,-111.33539490324412,-0.1269615330613476,-126.96153306134761,-111.22544951413587,17.016143953100027,-109.94538910824758,mHa
CO,3,1.0787716426941834,-0.06670903295550668,-111.21103015604507,-111.33908861688181,-0.12805846083674055,-128.05846083674055,-111.22544951413587,14.41935809080519,-113.63910274593536,mHa
CO,4,1.084108365330624,-0.06137231031906598,-111.21338604585026,-111.34254724596937,-0.12916120011911403,-129.16120011911403,-111.22544951413587,12.063468285617773,-117.09773183349625,mHa
CO,5,1.0894450879670645,-0.05603558768262551,-111.2155086564643,-111.34577840683163,-0.1302697503673329,-130.2697503673329,-111.22544951413587,9.940857671580261,-120.32889269575264,mHa
CO,6,1.094781810603505,-0.05069886504618504,-111.21740538189371,-111.34878949110482,-0.13138410921111188,-131.38410921111188,-111.22544951413587,8.04413224216205,-123.33997696894983,mHa
CO,7,1.1001185332399455,-0.045362142409744566,-111.21908340032716,-111.35158767276883,-0.13250427244166474,-132.50427244166474,-111.22544951413587,6.366113808709883,-126.13815863295486,mHa
CO,8,1.1054552558763862,-0.04002541977330387,-111.22054968090663,-111.35417991490687,-0.13363023400023621,-133.63023400023621,-111.22544951413587,4.899833229245587,-128.73040077099063,mHa
CO,9,1.1107919785128266,-0.0346886971368634,-111.22181099024382,-111.35657297621194,-0.13476198596811173,-134.76198596811173,-111.22544951413587,3.638523892050216,-131.12346207606151,mHa
CO,10,1.116128701149267,-0.029351974500422928,-111.22287389869027,-111.35877341724473,-0.13589951855446714,-135.89951855446714,-111.22544951413587,2.575615445607582,-133.32390310885955,mHa
CO,11,1.1214654237857076,-0.024015251863982456,-111.2237447863726,-111.36078760645681,-0.1370428200842042,-137.0428200842042,-111.22544951413587,1.7047277632684654,-135.33809232093574,mHa
CO,12,1.1268021464221483,-0.018678529227541762,-111.22442984900388,-111.36262172599012,-0.1381918769862409,-138.1918769862409,-111.22544951413587,1.0196651319915873,-137.17221185424933,mHa
CO,13,1.1321388690585887,-0.01334180659110129,-111.224935103484,-111.36428177726437,-0.13934667378036636,-139.34667378036636,-111.22544951413587,0.5144106518741864,-138.83226312849217,mHa
CO,14,1.1374755916950292,-0.008005083954660819,-111.22526639329448,-111.36577358635684,-0.14050719306236203,-140.50719306236203,-111.22544951413587,0.1831208413989316,-140.3240722209631,mHa
CO,15,1.1428123143314697,-0.002668361318220347,-111.22542939369924,-111.36710280919208,-0.14167341549283208,-141.67341549283208,-111.22544951413587,0.020120436630577387,-141.6532950562015,mHa
CO,16,1.1481490369679104,0.002668361318220347,-111.2254296167613,-111.36827493654263,-0.14284531978132975,-142.84531978132975,-111.22544951413587,0.019897374571087312,-142.82542240675866,mHa
CO,17,1.1534857596043508,0.008005083954660819,-111.22527241618096,-111.36929529885336,-0.14402288267240237,-144.02288267240237,-111.22544951413587,0.17709795491782643,-143.84578471748455,mHa
CO,18,1.1588224822407913,0.01334180659110129,-111.22496299196679,-111.37016907089745,-0.14520607893065574,-145.20607893065574,-111.22544951413587,0.4865221690835142,-144.71955676157222,mHa
CO,19,1.1641592048772318,0.018678529227541762,-111.22450639494483,-111.37090127627062,-0.14639488132579004,-146.39488132579004,-111.22544951413587,0.9431191910493908,-145.45176213474065,mHa
CO,20,1.1694959275136725,0.024015251863982456,-111.22390753111516,-111.37149679173172,-0.14758926061655586,-147.58926061655586,-111.22544951413587,1.5419830207150653,-146.0472775958408,mHa
CO,21,1.174832650150113,0.029351974500422928,-111.22317116586129,-111.3719603513966,-0.14878918553530696,-148.78918553530696,-111.22544951413587,2.278348274586506,-146.51083726072045,mHa
CO,22,1.1801693727865534,0.0346886971368634,-111.22230192802016,-111.37229655079202,-0.1499946227718567,-149.9946227718567,-111.22544951413587,3.1475861157161944,-146.84703665614052,mHa
CO,23,1.185506095422994,0.04002541977330387,-111.22130431381973,-111.37250985077605,-0.15120553695632566,-151.20553695632566,-111.22544951413587,4.145200316145292,-147.06033664018037,mHa
CO,24,1.1908428180594346,0.045362142409744566,-111.2201826906884,-111.37260458133014,-0.15242189064173317,-152.42189064173317,-111.22544951413587,5.26682344747087,-147.1550671942623,mHa
CO,25,1.196179540695875,0.05069886504618504,-111.2189413009442,-111.37258494523206,-0.15364364428786814,-153.64364428786814,-111.22544951413587,6.5082131916796016,-147.13543109618854,mHa
CO,26,1.2015162633323155,0.05603558768262551,-111.21758426536837,-111.37245502161034,-0.15487075624196223,-154.87075624196223,-111.22544951413587,7.865248767501498,-147.00550747446073,mHa
CO,27,1.206852985968756,0.06137231031906598,-111.21611558666888,-111.37221876938936,-0.15610318272048573,-156.10318272048573,-111.22544951413587,9.333927466997238,-146.7692552534885,mHa
CO,28,1.2121897086051967,0.06670903295550668,-111.21453915283864,-111.37188003062836,-0.1573408777897214,-157.3408777897214,-111.22544951413587,10.910361297234772,-146.43051649248662,mHa
CO,29,1.2175264312416372,0.07204575559194715,-111.2128587404124,-111.37144253375872,-0.1585837933463239,-158.5837933463239,-111.22544951413587,12.590773723474058,-145.99301962284983,mHa
CO,30,1.2228631538780776,0.07738247822838762,-111.21107801763176,-111.37090989672714,-0.15983187909537833,-159.83187909537833,-111.22544951413587,14.371496504111292,-145.46038259126703,mHa
H2O2,1,1.3066258024314503,-0.08962289109002786,-148.75320280401903,-148.8497352212124,-0.09653241719337302,-96.53241719337302,-148.76499662127247,11.793817253447969,-84.73859993992505,mHa
H2O2,2,1.312806691472142,-0.08344200204933627,-148.75487933763537,-148.85201122892397,-0.09713189128859767,-97.13189128859767,-148.76499662127247,10.117283637100627,-87.01460765149704,mHa
H2O2,3,1.3189875805128335,-0.07726111300864469,-148.75641223174836,-148.85415393496473,-0.09774170321637143,-97.74170321637143,-148.76499662127247,8.584389524116887,-89.15731369225455,mHa
H2O2,4,1.325168469553525,-0.0710802239679531,-148.75780556755922,-148.85616744516219,-0.09836187760296866,-98.36187760296866,-148.76499662127247,7.191053713256679,-91.17082388971198,mHa
H2O2,5,1.3313493585942167,-0.06489933492726152,-148.75906331392986,-148.85805575444385,-0.09899244051399592,-98.99244051399592,-148.76499662127247,5.93330734261599,-93.05913317137993,mHa
H2O2,6,1.3375302476349082,-0.05871844588656994,-148.76018933179887,-148.85982275114594,-0.0996334193470716,-99.6334193470716,-148.76499662127247,4.80728947360376,-94.82612987346783,mHa
H2O2,7,1.3437111366755998,-0.05253755684587835,-148.76118737840739,-148.8614722211314,-0.10028484272402238,-100.28484272402238,-148.76499662127247,3.809242865088436,-96.47559985893395,mHa
H2O2,8,1.3498920257162914,-0.04635666780518677,-148.7620611113313,-148.86300785171335,-0.10094674038205653,-100.94674038205653,-148.76499662127247,2.9355099411816354,-98.0112304408749,mHa
H2O2,9,1.356072914756983,-0.040175778764495185,-148.7628140923331,-148.86443323539763,-0.10161914306453923,-101.61914306453923,-148.76499662127247,2.182528939385975,-99.43661412515326,mHa
H2O2,10,1.3622538037976746,-0.0339948897238036,-148.7634497910374,-148.86575187345187,-0.10230208241446803,-102.30208241446803,-148.76499662127247,1.5468302350711838,-100.75525217939685,mHa
H2O2,11,1.3684346928383662,-0.027814000683112017,-148.76397158842792,-148.86696717928967,-0.10299559086175236,-102.99559086175236,-148.76499662127247,1.0250328445522428,-101.97055801720012,mHa
H2O2,12,1.3746155818790577,-0.021633111642420433,-148.7643827801827,-148.86808248169706,-0.10369970151435837,-103.69970151435837,-148.76499662127247,0.6138410897733593,-103.08586042458501,mHa
H2O2,13,1.3807964709197493,-0.015452222601728849,-148.7646865798452,-148.86910102788835,-0.10441444804314415,-104.41444804314415,-148.76499662127247,0.3100414272694252,-104.10440661587472,mHa
H2O2,14,1.386977359960441,-0.009271333561037265,-148.76488612183906,-148.870025986408,-0.10513986456894031,-105.13986456894031,-148.76499662127247,0.11049943341845392,-105.02936513552186,mHa
H2O2,15,1.3931582490011323,-0.003090444520345903,-148.76498446433556,-148.8708604498787,-0.10587598554315036,-105.87598554315036,-148.76499662127247,0.012156936918472638,-105.86382860623189,mHa
H2O2,16,1.399339138041824,0.003090444520345903,-148.76498459197214,-148.8716074376011,-0.10662284562897639,-106.62284562897639,-148.76499662127247,0.012029300336280357,-106.61081632864011,mHa
H2O2,17,1.4055200270825154,0.009271333561037265,-148.764889418433,-148.8722698980112,-0.10738047957821095,-107.38047957821095,-148.76499662127247,0.10720283947307507,-107.27327673873788,mHa
H2O2,18,1.411700916123207,0.015452222601728849,-148.76470178889457,-148.87285071100075,-0.10814892210618154,-108.14892210618154,-148.76499662127247,0.29483237790373096,-107.85408972827781,mHa
H2O2,19,1.4178818051638986,0.021633111642420433,-148.76442448234246,-148.87335269010526,-0.10892820776280132,-108.92820776280132,-148.76499662127247,0.5721389300106239,-108.3560688327907,mHa
H2O2,20,1.4240626942045902,0.027814000683112017,-148.76406021376403,-148.87377858456418,-0.10971837080015234,-109.71837080015234,-148.76499662127247,0.9364075084477008,-108.78196329170464,mHa
H2O2,21,1.4302435832452818,0.0339948897238036,-148.76361163622167,-148.8741310812598,-0.11051944503813615,-110.51944503813615,-148.76499662127247,1.3849850508051986,-109.13445998733096,mHa
H2O2,22,1.4364244722859734,0.040175778764495185,-148.76308134281325,-148.87441280653854,-0.11133146372529268,-111.33146372529268,-148.76499662127247,1.915278459222236,-109.41618526607044,mHa
H2O2,23,1.442605361326665,0.04635666780518677,-148.7624718685227,-148.8746263279211,-0.11215445939839697,-112.15445939839697,-148.76499662127247,2.5247527497640476,-109.62970664863292,mHa
H2O2,24,1.4487862503673565,0.05253755684587835,-148.76178569196875,-148.87477415570345,-0.11298846373469473,-112.98846373469473,-148.76499662127247,3.2109293037194675,-109.77753443097527,mHa
H2O2,25,1.4549671394080481,0.05871844588656994,-148.76102523705163,-148.87485874445912,-0.11383350740749165,-113.83350740749165,-148.76499662127247,3.971384220847085,-109.86212318664457,mHa
H2O2,26,1.4611480284487397,0.06489933492726152,-148.76019287450922,-148.87488249444033,-0.11468961993111293,-114.68961993111293,-148.76499662127247,4.803746763258232,-109.8858731678547,mHa
H2O2,27,1.4673289174894313,0.0710802239679531,-148.75929092338123,-148.87484775288965,-0.11555682950842083,-115.55682950842083,-148.76499662127247,5.705697891244199,-109.85113161717663,mHa
H2O2,28,1.4735098065301229,0.07726111300864469,-148.75832165239007,-148.8747568152626,-0.11643516287253419,-116.43516287253419,-148.76499662127247,6.674968882407484,-109.76019399012671,mHa
H2O2,29,1.4796906955708145,0.08344200204933627,-148.75728728124096,-148.87461192636874,-0.11732464512778051,-117.32464512778051,-148.76499662127247,7.709340031510692,-109.61530509626982,mHa
H2O2,30,1.485871584611506,0.08962289109002786,-148.75618998184495,-148.87441528142995,-0.11822529958499217,-118.22529958499217,-148.76499662127247,8.806639427518803,-109.41866015747337,mHa
