molecule,geom_index,bond_length_angstrom,E_RHF_Ha,E_FCI_frozen_core_Ha,E_corr_Ha,E_corr_mHa,E_corr_over_1p6_mHa,RHF_within_1p6_mHa_of_FCI
LiH,0,1.262772864212423,-7.846905563298792,-7.8636664746759966,-0.01676091137720448,-16.76091137720448,-10.4755696107528,False
LiH,1,1.2798790013723937,-7.849365480271401,-7.866207621011387,-0.016842140739986355,-16.842140739986355,-10.526337962491471,False
LiH,2,1.2969851385323645,-7.851586316684363,-7.868519480482412,-0.016933163798048767,-16.933163798048767,-10.58322737378048,False
LiH,3,1.3140912756923355,-7.853580069643868,-7.870614119469796,-0.017034049825928044,-17.034049825928044,-10.646281141205026,False
LiH,4,1.3311974128523063,-7.85535806774674,-7.872502930661344,-0.017144862914604708,-17.14486291460471,-10.715539321627942,False
LiH,5,1.348303550012277,-7.856931016283436,-7.874196679224515,-0.017265662941079007,-17.265662941079007,-10.791039338174379,False
LiH,6,1.3654096871722479,-7.858309039034327,-7.875705545484815,-0.017396506450487514,-17.396506450487514,-10.872816531554696,False
LiH,7,1.3825158243322189,-7.8595017168684755,-7.87703916432519,-0.01753744745671426,-17.53744745671426,-10.960904660446413,False
LiH,8,1.3996219614921896,-7.860518123358377,-7.8782066615243815,-0.017688538166004797,-17.688538166004797,-11.055336353752997,False
LiH,9,1.4167280986521604,-7.861366857621933,-7.8792166872516605,-0.017849829629727587,-17.849829629727587,-11.156143518579741,False
LiH,10,1.4338342358121312,-7.86205607459927,-7.88007744693032,-0.0180213723310505,-18.0213723310505,-11.263357706906563,False
LiH,11,1.4509403729721022,-7.862593512964772,-7.8807967296757155,-0.01820321671094316,-18.20321671094316,-11.377010444339474,False
LiH,12,1.468046510132073,-7.862986520865992,-7.881381934504594,-0.018395413638601532,-18.395413638601532,-11.497133524125957,False
LiH,13,1.4851526472920438,-7.863242079670977,-7.881840094501892,-0.018598014830915055,-18.598014830915055,-11.623759269321909,False
LiH,14,1.5022587844520146,-7.863366825894265,-7.882177899119756,-0.018811073225490915,-18.811073225490915,-11.756920765931822,False
LiH,15,1.5193649216119853,-7.8633670714604085,-7.882401714772063,-0.019034643311654165,-19.034643311654165,-11.896652069783853,False
LiH,16,1.5364710587719563,-7.863248822451761,-7.882517603874897,-0.019268781423135373,-19.268781423135373,-12.042988389459607,False
LiH,17,1.5535771959319271,-7.863017796475906,-7.882531342472069,-0.01951354599616284,-19.51354599616284,-12.195966247601774,False
LiH,18,1.570683333091898,-7.862679438776034,-7.882448436572416,-0.019768997796381527,-19.768997796381527,-12.355623622738454,False
LiH,19,1.587789470251869,-7.862238937197494,-7.8822741373149485,-0.02003520011745419,-20.03520011745419,-12.522000073408867,False
LiH,20,1.6048956074118397,-7.861701236112606,-7.882013455066817,-0.02031221895421087,-20.31221895421087,-12.695136846381793,False
LiH,21,1.6220017445718105,-7.861071049396425,-7.8816711725491775,-0.020600123152752836,-20.600123152752836,-12.875076970470522,False
LiH,22,1.6391078817317812,-7.860352872537257,-7.8812518570770935,-0.020898984539836185,-20.898984539836185,-13.061865337397615,False
LiH,23,1.6562140188917522,-7.859550993957266,-7.880759871990435,-0.02120887803316851,-21.20887803316851,-13.255548770730318,False
LiH,24,1.673320156051723,-7.858669505610947,-7.8801993873457254,-0.021529881734778655,-21.529881734778655,-13.45617608423666,False
LiH,25,1.6904262932116938,-7.85771231292287,-7.879574389931393,-0.021862077008522718,-21.862077008522718,-13.663798130326699,False
LiH,26,1.7075324303716646,-7.856683144119477,-7.878888692662537,-0.02220554854306034,-22.20554854306034,-13.87846783941271,False
LiH,27,1.7246385675316356,-7.855585559004294,-7.878145943405789,-0.022560384401494993,-22.560384401494993,-14.10024025093437,False
LiH,28,1.7417447046916064,-7.854422957221373,-7.8773496332795965,-0.022926676058223627,-22.926676058223627,-14.329172536389766,False
LiH,29,1.7588508418515771,-7.853198586047023,-7.876503104470688,-0.023304518423664433,-23.304518423664433,-14.56532401479027,False
BeH2,0,1.1486075210698299,-15.54092303896709,-15.569374826324921,-0.028451787357830938,-28.451787357830938,-17.782367098644336,False
BeH2,1,1.1583958589959107,-15.543875015294624,-15.572582685547493,-0.028707670252869022,-28.707670252869022,-17.942293908043137,False
BeH2,2,1.1681841969219913,-15.546562816312676,-15.575535590593448,-0.028972774280772384,-28.972774280772384,-18.10798392548274,False
BeH2,3,1.177972534848072,-15.548995912356306,-15.578242972117266,-0.029247059760960425,-29.247059760960425,-18.279412350600264,False
BeH2,4,1.1877608727741527,-15.551183422546572,-15.58071391715557,-0.02953049460899848,-29.53049460899848,-18.45655913062405,False
BeH2,5,1.1975492107002335,-15.553134128668116,-15.582957182748636,-0.029823054080519995,-29.823054080519995,-18.639408800324997,False
BeH2,6,1.207337548626314,-15.55485648843112,-15.58498120895268,-0.030124720521559567,-30.124720521559567,-18.82795032597473,False
BeH2,7,1.2171258865523948,-15.55635864815539,-15.586794131280419,-0.03043548312502864,-30.43548312502864,-19.0221769531429,False
BeH2,8,1.2269142244784754,-15.557648454910193,-15.588403792603476,-0.030755337693282314,-30.755337693282314,-19.222086058301446,False
BeH2,9,1.2367025624045562,-15.55873346814231,-15.58981775454942,-0.031084286407109474,-31.084286407109474,-19.42767900444342,False
BeH2,10,1.2464909003306368,-15.559620970821877,-15.591043308422766,-0.03142233760088864,-31.42233760088864,-19.638961000555398,False
BeH2,11,1.2562792382567176,-15.560317980134364,-15.592087485678482,-0.031769505544117393,-31.769505544117393,-19.85594096507337,False
BeH2,12,1.2660675761827982,-15.560831257742734,-15.592957067971936,-0.03212581022920169,-32.12581022920169,-20.078631393251055,False
BeH2,13,1.275855914108879,-15.561167319644214,-15.593658596809815,-0.03249127716560096,-32.49127716560096,-20.3070482285006,False
BeH2,14,1.2856442520349596,-15.561332445642943,-15.594198382823256,-0.032865937180313054,-32.865937180313054,-20.541210737695657,False
BeH2,15,1.2954325899610404,-15.561332688457734,-15.594582514682315,-0.033249826224581724,-33.249826224581724,-20.781141390363576,False
BeH2,16,1.305220927887121,-15.561173882483494,-15.594816867670488,-0.03364298518699371,-33.64298518699371,-21.02686574187107,False
BeH2,17,1.3150092658132018,-15.56086165222222,-15.594907111934788,-0.03404545971256745,-34.04545971256745,-21.278412320354654,False
BeH2,18,1.3247976037392823,-15.560401420398719,-15.594858720426998,-0.03445730002827929,-34.45730002827929,-21.535812517674557,False
BeH2,19,1.3345859416653632,-15.559798415774997,-15.594676976549398,-0.034878560774400214,-34.87856077440021,-21.79910048400013,False
BeH2,20,1.3443742795914437,-15.559057680675737,-15.594366981517805,-0.035309300842067515,-35.309300842067515,-22.068313026292195,False
BeH2,21,1.3541626175175245,-15.558184078236124,-15.593933661452617,-0.03574958321649291,-35.74958321649291,-22.343489510308068,False
BeH2,22,1.3639509554436051,-15.557182299382854,-15.593381774208948,-0.03619947482609476,-36.19947482609476,-22.624671766309223,False
BeH2,23,1.373739293369686,-15.556056869558212,-15.592715915955672,-0.036659046397460315,-36.659046397460315,-22.911903998412697,False
BeH2,24,1.3835276312957665,-15.5548121551961,-15.591940527511433,-0.03712837231533328,-37.12837231533328,-23.2052326970833,False
BeH2,25,1.3933159692218473,-15.553452369958205,-15.591059900446902,-0.037607530488697805,-37.607530488697805,-23.504706555436126,False
BeH2,26,1.4031043071479279,-15.55198158073863,-15.590078182960184,-0.038096602221553866,-38.096602221553866,-23.810376388471166,False
BeH2,27,1.4128926450740087,-15.55040371344415,-15.588999385533313,-0.03859567208916381,-38.59567208916381,-24.12229505572738,False
BeH2,28,1.4226809830000895,-15.548722558557305,-15.5878273863765,-0.039104827819194554,-39.104827819194554,-24.440517386996596,False
BeH2,29,1.43246932092617,-15.546941776488701,-15.586565936666345,-0.039624160177643475,-39.624160177643475,-24.76510011102717,False
H2O,0,0.8766819816463665,-74.93059529602398,-74.97135203056487,-0.040756734540892126,-40.756734540892126,-25.47295908805758,False
H2O,1,0.8844562709387033,-74.93578587880853,-74.97737794260345,-0.04159206379492275,-41.59206379492275,-25.99503987182672,False
H2O,2,0.8922305602310401,-74.94049097171276,-74.98293339754181,-0.042442425829051444,-42.442425829051444,-26.526516143157153,False
H2O,3,0.9000048495233768,-74.94473168236937,-74.98803974292127,-0.043308060551908056,-43.308060551908056,-27.067537844942535,False
H2O,4,0.9077791388157136,-74.94852811124593,-74.9927173170098,-0.04418920576387109,-44.18920576387109,-27.61825360241943,False
H2O,5,0.9155534281080504,-74.95189941102619,-74.99698550796941,-0.04508609694322274,-45.08609694322274,-28.178810589514214,False
H2O,6,0.9233277174003872,-74.95486384231535,-75.00086280934615,-0.045998967030797644,-45.998967030797644,-28.749354394248527,False
H2O,7,0.9311020066927239,-74.95743882584242,-75.0043668720561,-0.04692804621367941,-46.92804621367941,-29.33002888354963,False
H2O,8,0.9388762959850607,-74.95964099132408,-75.00751455303545,-0.047873561711369916,-47.873561711369916,-29.920976069606198,False
H2O,9,0.9466505852773975,-74.96148622315772,-75.01032196072117,-0.04883573756345072,-48.83573756345072,-30.5223359771567,False
H2O,10,0.9544248745697343,-74.96298970310141,-75.01280449752319,-0.04981479442177772,-49.81479442177772,-31.134246513611075,False
H2O,11,0.962199163862071,-74.96416595010471,-75.01497689945148,-0.05081094934676855,-50.81094934676855,-31.756843341730345,False
H2O,12,0.9699734531544079,-74.96502885743963,-75.0168532730502,-0.05182441561056805,-51.82441561056805,-32.39025975660503,False
H2O,13,0.9777477424467447,-74.96559172728891,-75.01844712979607,-0.05285540250716281,-52.85540250716281,-33.034626566976755,False
H2O,14,0.9855220317390815,-74.96586730293654,-75.01977141810828,-0.05390411517173277,-53.90411517173277,-33.69007198233298,False
H2O,15,0.9932963210314183,-74.96586779870815,-75.0208385531163,-0.054970754408159905,-54.970754408159905,-34.35672150509994,False
H2O,16,1.001070610323755,-74.96560492779813,-75.02166044432774,-0.05605551652961083,-56.05551652961083,-35.03469783100677,False
H2O,17,1.0088448996160917,-74.96508992812328,-75.02224852133206,-0.057158593208782804,-57.158593208782804,-35.72412075548925,False
H2O,18,1.0166191889084286,-74.96433358633298,-75.02261375767532,-0.05828017134233221,-58.28017134233221,-36.42510708895763,False
H2O,19,1.0243934782007653,-74.96334626010272,-75.02276669303025,-0.0594204329275243,-59.4204329275243,-37.13777057970269,False
H2O,20,1.0321677674931022,-74.96213789883434,-75.02271745378934,-0.060579554954998116,-60.579554954998116,-37.86222184687382,False
H2O,21,1.039942056785439,-74.96071806288045,-75.02247577219538,-0.061757709314932185,-61.757709314932185,-38.598568321832616,False
H2O,22,1.0477163460777756,-74.95909594140201,-75.02205100412218,-0.06295506272016382,-62.95506272016382,-39.34691420010239,False
H2O,23,1.0554906353701126,-74.95728036897134,-75.02145214561503,-0.06417177664368978,-64.17177664368978,-40.107360402306114,False
H2O,24,1.0632649246624493,-74.95527984101592,-75.02068784829062,-0.06540800727469787,-65.40800727469787,-40.880004546686166,False
H2O,25,1.0710392139547862,-74.95310252820339,-75.01976643369376,-0.0666639054903726,-66.6639054903726,-41.664940931482874,False
H2O,26,1.0788135032471229,-74.95075628985705,-75.01869590670067,-0.06793961684361705,-67.93961684361705,-42.46226052726065,False
H2O,27,1.0865877925394596,-74.94824868648703,-75.01748396805593,-0.06923528156889347,-69.23528156889347,-43.27205098055842,False
H2O,28,1.0943620818317965,-74.9455869915157,-75.01613802611983,-0.07055103460413648,-70.55103460413648,-44.0943966275853,False
H2O,29,1.1021363711241332,-74.94277820227626,-75.01466520790464,-0.07188700562838335,-71.88700562838335,-44.92937851773959,False
NH3,0,0.9376456348042379,-55.42410414541763,-55.4798471616497,-0.05574301623207134,-55.74301623207134,-34.83938514504459,False
NH3,1,0.9441888816154034,-55.428621757693755,-55.48519224149564,-0.056570483801884563,-56.57048380188456,-35.35655237617785,False
NH3,2,0.9507321284265687,-55.43273667255333,-55.49014610830173,-0.057409435748397186,-57.409435748397186,-35.88089734274824,False
NH3,3,0.9572753752377342,-55.43646310469789,-55.494723169011706,-0.058260064313813587,-58.26006431381359,-36.41254019613349,False
NH3,4,0.9638186220488997,-55.43981473444276,-55.49893729838338,-0.05912256394061899,-59.12256394061899,-36.95160246288687,False
NH3,5,0.9703618688600651,-55.442804731166284,-55.502801862372905,-0.059997131206621646,-59.997131206621646,-37.49820700413853,False
NH3,6,0.9769051156712305,-55.445445775728835,-55.50632974048426,-0.060883964755426234,-60.883964755426234,-38.052477972141396,False
NH3,7,0.983448362482396,-55.447750081895656,-55.50953334712189,-0.06178326522623223,-61.78326522623223,-38.614540766395145,False
NH3,8,0.9899916092935614,-55.4497294167978,-55.51242465197603,-0.06269523517823217,-62.69523517823217,-39.184521986395104,False
NH3,9,0.9965348561047269,-55.451395120463125,-55.515015199481255,-0.06362007901812916,-63.62007901812916,-39.762549386330726,False
NH3,10,1.0030781029158924,-55.452758124451194,-55.517316127372034,-0.06455800292084035,-64.55800292084035,-40.34875182552522,False
NH3,11,1.0096213497270576,-55.45382896962219,-55.519338184372174,-0.06550921474998717,-65.50921474998717,-40.94325921874198,False
NH3,12,1.016164596538223,-55.45461782307142,-55.52109174704752,-0.06647392397609764,-66.47392397609764,-41.54620248506102,False
NH3,13,1.0227078433493886,-55.455134494261046,-55.52258683585319,-0.0674523415921442,-67.4523415921442,-42.15771349509012,False
NH3,14,1.029251090160554,-55.45538845037706,-55.52383313040431,-0.06844468002725534,-68.44468002725534,-42.77792501703459,False
NH3,15,1.0357943369717195,-55.455388830946475,-55.52483998400397,-0.06945115305749283,-69.45115305749283,-43.40697066093302,False
NH3,16,1.042337583782885,-55.45514446173273,-55.52561643744699,-0.07047197571426267,-70.47197571426267,-44.04498482141417,False
NH3,17,1.0488808305940505,-55.45466386795333,-55.526171232142914,-0.07150736418958559,-71.50736418958559,-44.69210261849099,False
NH3,18,1.055424077405216,-55.45395528683365,-55.526512822571874,-0.07255753573822687,-72.55753573822687,-45.3484598363918,False
NH3,19,1.0619673242163812,-55.45302667953436,-55.52664938811209,-0.07362270857773012,-73.62270857773012,-46.01419286108133,False
NH3,20,1.0685105710275467,-55.45188574247522,-55.526588844259194,-0.07470310178397455,-74.70310178397455,-46.68943861498409,False
NH3,21,1.0750538178387121,-55.45053991808272,-55.526338853264946,-0.07579893518222747,-75.79893518222747,-47.37433448889217,False
NH3,22,1.0815970646498776,-55.448996404987355,-55.52590683422507,-0.07691042923771363,-76.91042923771363,-48.06901827357102,False
NH3,23,1.088140311461043,-55.44726216769813,-55.525299972634585,-0.07803780493645718,-78.03780493645718,-48.773628085285736,False
NH3,24,1.0946835582722085,-55.44534394577579,-55.52452522944412,-0.07918128366833344,-79.18128366833344,-49.4883022927084,False
NH3,25,1.1012268050833738,-55.44324826253324,-55.52358934963355,-0.08034108710031518,-80.34108710031518,-50.213179437696986,False
NH3,26,1.1077700518945393,-55.4409814332831,-55.52249887033097,-0.08151743704787151,-81.51743704787151,-50.948398154919694,False
NH3,27,1.1143132987057047,-55.43854957315885,-55.52126012849818,-0.08271055533932525,-82.71055533932525,-51.69409708707828,False
NH3,28,1.1208565455168702,-55.4359586045282,-55.5198792682065,-0.08392066367829898,-83.92066367829898,-52.45041479893686,False
NH3,29,1.1273997923280357,-55.43321426402575,-55.51836224752204,-0.0851479834962916,-85.1479834962916,-53.21748968518225,False
N2,0,1.0602971202446738,-107.47926667605111,-107.62503059905825,-0.14576392300713792,-145.76392300713792,-91.1024518794612,False
N2,1,1.0653698021239377,-107.48232136629704,-107.62952663643944,-0.14720527014239337,-147.20527014239337,-92.00329383899586,False
N2,2,1.0704424840032016,-107.48511120799563,-107.63376835972373,-0.14865715172810212,-148.65715172810212,-92.91071983006383,False
N2,3,1.0755151658824655,-107.48764418539537,-107.63776375824978,-0.15011957285440758,-150.11957285440758,-93.82473303400474,False
N2,4,1.0805878477617292,-107.48992806739469,-107.64152060455814,-0.15159253716345233,-151.59253716345233,-94.74533572715771,False
N2,5,1.0856605296409931,-107.49197041305658,-107.64504645995501,-0.15307604689843402,-153.07604689843402,-95.67252931152126,False
N2,6,1.090733211520257,-107.4937785769808,-107.64834867993184,-0.15457010295104112,-154.57010295104112,-96.6063143444007,False
N2,7,1.095805893399521,-107.4953597145375,-107.65143441944991,-0.15607470491241315,-156.07470491241315,-97.54669057025822,False
N2,8,1.1008785752787849,-107.49672078697107,-107.65431063808938,-0.15758985111831691,-157.58985111831691,-98.49365694894807,False
N2,9,1.1059512571580488,-107.49786856636872,-107.65698410506788,-0.1591155386991545,-159.1155386991545,-99.44721168697157,False
N2,10,1.1110239390373127,-107.49880964050536,-107.65946140413297,-0.16065176362761235,-160.65176362761235,-100.40735226725772,False
N2,11,1.1160966209165764,-107.49955041756465,-107.66174893832897,-0.16219852076432062,-162.19852076432062,-101.37407547770039,False
N2,12,1.1211693027958403,-107.50009713073806,-107.66385293464816,-0.16375580391010658,-163.75580391010658,-102.34737744381661,False
N2,13,1.1262419846751042,-107.50045584271204,-107.665779448561,-0.165323605848954,-165.323605848954,-103.32725365559625,False
N2,14,1.131314666554368,-107.50063245003729,-107.66753436843838,-0.16690191840109492,-166.90191840109492,-104.31369900068432,False
N2,15,1.136387348433632,-107.50063268738897,-107.66912341985616,-0.16849073246719115,-168.49073246719115,-105.30670779199447,False
N2,16,1.141460030312896,-107.50046213172013,-107.67055216980107,-0.17009003808094292,-170.09003808094292,-106.30627380058932,False
N2,17,1.1465327121921598,-107.50012620631114,-107.6718260307673,-0.17169982445616938,-171.69982445616938,-107.31239028510586,False
N2,18,1.1516053940714235,-107.49963018471493,-107.67295026475207,-0.1733200800371435,-173.3200800371435,-108.32505002321469,False
N2,19,1.1566780759506874,-107.49897919460615,-107.67392998715528,-0.17495079254912582,-174.95079254912582,-109.34424534320364,False
N2,20,1.1617507578299513,-107.49817822153258,-107.67477017058208,-0.17659194904949516,-176.59194904949516,-110.36996815593447,False
N2,21,1.1668234397092152,-107.49723211257434,-107.67547564855127,-0.17824353597693232,-178.24353597693232,-111.4022099855827,False
N2,22,1.1718961215884791,-107.49614557990935,-107.6760511191163,-0.17990553920694197,-179.90553920694197,-112.44096200433873,False
N2,23,1.176968803467743,-107.49492320429448,-107.67650114839586,-0.1815779441013774,-181.5779441013774,-113.48621506336087,False
N2,24,1.182041485347007,-107.4935694384564,-107.67683017401906,-0.18326073556265499,-183.260735562655,-114.53795972665937,False
N2,25,1.1871141672262708,-107.4920886104016,-107.6770425084905,-0.1849538980889065,-184.9538980889065,-115.59618630556656,False
N2,26,1.1921868491055345,-107.49048492664369,-107.67714234247075,-0.18665741582705664,-186.65741582705664,-116.6608848919104,False
N2,27,1.1972595309847984,-107.48876247535195,-107.67713374798082,-0.18837127262887066,-188.37127262887066,-117.73204539304416,False
N2,28,1.2023322128640623,-107.48692522942248,-107.67702068152889,-0.1900954521064051,-190.0954521064051,-118.80965756650319,False
N2,29,1.2074048947433262,-107.48497704947498,-107.676806987165,-0.19182993769001655,-191.82993769001655,-119.89371105626034,False
CO,0,1.0680981976887212,-111.20558784136324,-111.33145825693242,-0.12587041556918166,-125.87041556918166,-78.66900973073854,False
CO,1,1.0734349203277058,-111.20843337032042,-111.33539490343705,-0.12696153311662783,-126.96153311662783,-79.3509581978924,False
CO,2,1.0787716429666907,-111.2110301561716,-111.33908861706459,-0.1280584608929871,-128.0584608929871,-80.03653805811695,False
CO,3,1.0841083656056754,-111.21338604596569,-111.34254724614185,-0.1291612001761564,-129.1612001761564,-80.72575011009775,False
CO,4,1.0894450882446602,-111.21550865656897,-111.34577840699396,-0.13026975042498634,-130.26975042498634,-81.41859401561646,False
CO,5,1.094781810883645,-111.21740538198758,-111.3487894912573,-0.13138410926973165,-131.38410926973165,-82.11506829358228,False
CO,6,1.1001185335226296,-111.21908340041051,-111.35158767291148,-0.13250427250096664,-132.50427250096664,-82.81517031310415,False
CO,7,1.1054552561616144,-111.22054968097953,-111.35417991503999,-0.13363023406046182,-133.63023406046182,-83.51889628778864,False
CO,8,1.110791978800599,-111.22181099030658,-111.35657297633577,-0.13476198602918998,-134.76198602918998,-84.22624126824374,False
CO,9,1.1161287014395838,-111.22287389874302,-111.35877341735934,-0.135899518616327,-135.899518616327,-84.93719913520437,False
CO,10,1.1214654240785686,-111.2237447864152,-111.36078760656233,-0.13704282014712987,-137.04282014712987,-85.65176259195617,False
CO,11,1.1268021467175533,-111.22442984903658,-111.36262172608699,-0.13819187705040292,-138.19187705040292,-86.36992315650183,False
CO,12,1.1321388693565382,-111.22493510350722,-111.36428177735228,-0.13934667384505417,-139.34667384505417,-87.09167115315886,False
CO,13,1.1374755919955228,-111.22526639330833,-111.36577358643628,-0.14050719312794513,-140.50719312794513,-87.8169957049657,False
CO,14,1.1428123146345075,-111.22542939370388,-111.36710280926314,-0.14167341555926782,-141.67341555926782,-88.54588472454239,False
CO,15,1.1481490372734924,-111.2254296167568,-111.36827493660542,-0.14284531984861815,-142.84531984861815,-89.27832490538634,False
CO,16,1.153485759912477,-111.2252724161674,-111.36929529890793,-0.1440228827405292,-144.0228827405292,-90.01430171283076,False
CO,17,1.1588224825514617,-111.22496299194428,-111.3701690709442,-0.14520607899991944,-145.20607899991944,-90.75379937494965,False
CO,18,1.1641592051904466,-111.22450639491372,-111.37090127630943,-0.14639488139570744,-146.39488139570744,-91.49680087231715,False
CO,19,1.1694959278294312,-111.22390753107553,-111.37149679176288,-0.14758926068735434,-147.58926068735434,-92.24328792959646,False
CO,20,1.1748326504684161,-111.22317116581318,-111.37196035142048,-0.14878918560729915,-148.78918560729915,-92.99324100456197,False
CO,21,1.1801693731074008,-111.22230192796394,-111.37229655080849,-0.14999462284454523,-149.99462284454523,-93.74663927784077,False
CO,22,1.1855060957463854,-111.22130431375541,-111.37250985078512,-0.1512055370297105,-151.2055370297105,-94.50346064356907,False
CO,23,1.1908428183853703,-111.22018269061604,-111.37260458133233,-0.15242189071628331,-152.42189071628331,-95.26368169767707,False
CO,24,1.196179541024355,-111.21894130086403,-111.37258494522735,-0.15364364436331357,-153.64364436331357,-96.02727772707098,False
CO,25,1.2015162636633399,-111.21758426528072,-111.37245502159894,-0.15487075631821767,-154.87075631821767,-96.79422269888605,False
CO,26,1.2068529863023245,-111.2161155865738,-111.37221876937149,-0.1561031827976791,-156.1031827976791,-97.56448924854944,False
CO,27,1.2121897089413092,-111.21453915273601,-111.37188003060393,-0.15734087786792372,-157.34087786792372,-98.33804866745233,False
CO,28,1.217526431580294,-111.21285874030252,-111.37144253372787,-0.15858379342535045,-158.58379342535045,-99.11487089084403,False
CO,29,1.2228631542192787,-111.21107801751454,-111.37090989669002,-0.15983187917548491,-159.83187917548491,-99.89492448467807,False
HF,0,0.801790953348378,-98.5307719511332,-98.54893506412213,-0.018163112988929697,-18.163112988929697,-11.35194561808106,False
HF,1,0.8123890047457313,-98.53722266111241,-98.55600372938855,-0.0187810682761409,-18.7810682761409,-11.738167672588062,False
HF,2,0.8229870561430845,-98.54300636117621,-98.56242196028202,-0.019415599105812475,-19.415599105812475,-12.134749441132797,False
HF,3,0.8335851075404377,-98.54816362527447,-98.56823067523639,-0.020067049961923544,-20.067049961923544,-12.541906226202215,False
HF,4,0.844183158937791,-98.55273226906885,-98.57346803067931,-0.020735761610453096,-20.735761610453096,-12.959851006533185,False
HF,5,0.8547812103351442,-98.55674759073393,-98.57816966163804,-0.021422070904108637,-21.422070904108637,-13.388794315067898,False
HF,6,0.8653792617324975,-98.56024258873789,-98.58236889926542,-0.02212631052752556,-22.12631052752556,-13.828944079703476,False
HF,7,0.8759773131298507,-98.5632481583459,-98.58609696703014,-0.02284880868424466,-22.84880868424466,-14.280505427652912,False
HF,8,0.886575364527204,-98.56579326853112,-98.58938315725817,-0.02358988872704515,-23.58988872704515,-14.743680454403219,False
HF,9,0.8971734159245571,-98.56790512090173,-98.59225498964645,-0.024349868744721448,-24.349868744721448,-15.218667965450905,False
HF,10,0.9077714673219104,-98.56960929219986,-98.59473835330452,-0.025129061104664174,-25.129061104664174,-15.705663190415109,False
HF,11,0.9183695187192636,-98.57092986184449,-98.59685763381383,-0.025927771969335822,-25.927771969335822,-16.20485748083489,False
HF,12,0.9289675701166169,-98.57188952592935,-98.59863582671886,-0.02674630078951168,-26.74630078951168,-16.7164379934448,False
HF,13,0.9395656215139702,-98.57250969900664,-98.60009463879416,-0.027584939787516305,-27.584939787516305,-17.24058736719769,False
HF,14,0.9501636729113234,-98.57281060491054,-98.60125457835476,-0.02844397344421168,-28.44397344421168,-17.7774834026323,False
HF,15,0.9607617243086766,-98.57281135779867,-98.6021350357918,-0.0293236779931334,-29.3236779931334,-18.327298745708376,False
HF,16,0.9713597757060298,-98.57253003450964,-98.60275435544986,-0.03022432094022065,-30.22432094022065,-18.890200587637906,False
HF,17,0.9819578271033831,-98.57198373925344,-98.60312989986517,-0.03114616061172626,-31.14616061172626,-19.466350382328912,False
HF,18,0.9925558785007363,-98.57118866157383,-98.60327810731735,-0.032089445743523015,-32.089445743523015,-20.055903589701884,False
HF,19,1.0031539298980896,-98.57016012844346,-98.60321454355983,-0.03305441511636786,-33.05441511636786,-20.659009447729915,False
HF,20,1.0137519812954428,-98.56891265126995,-98.60295394851542,-0.034041297245465785,-34.041297245465785,-21.275810778416115,False
HF,21,1.0243500326927961,-98.56745996852575,-98.6025102786505,-0.035050310124745465,-35.050310124745465,-21.906443827965916,False
HF,22,1.0349480840901493,-98.56581508462875,-98.60189674566445,-0.03608166103569488,-36.08166103569488,-22.5510381473093,False
HF,23,1.0455461354875024,-98.56399030564549,-98.60112585205925,-0.03713554641376504,-37.13554641376504,-23.20971650860315,False
HF,24,1.0561441868848558,-98.56199727230678,-98.60020942408431,-0.0382121517775289,-38.2121517775289,-23.882594860955564,False
HF,25,1.066742238282209,-98.55984699077402,-98.59915864249157,-0.03931165171755424,-39.31165171755424,-24.5697823234714,False
HF,26,1.0773402896795623,-98.5575498615318,-98.59798407147,-0.040434209938197796,-40.434209938197796,-25.271381211373622,False
HF,27,1.0879383410769154,-98.55511570672488,-98.59669568607575,-0.0415799793508711,-41.5799793508711,-25.987487094294437,False
HF,28,1.0985363924742688,-98.55255379621205,-98.59530289842183,-0.042749102209782563,-42.74910220978256,-26.718188881114102,False
HF,29,1.109134443871622,-98.5498728725585,-98.59381458284007,-0.043941710281572455,-43.941710281572455,-27.463568925982784,False
H2S,0,1.2030701945616575,-394.2844812416463,-394.3176491376459,-0.03316789599961112,-33.16789599961112,-20.72993499975695,False
H2S,1,1.2117312755464458,-394.2884199154658,-394.3221033551646,-0.03368343969879106,-33.68343969879106,-21.052149811744414,False
H2S,2,1.220392356531234,-394.292002884842,-394.3262131937927,-0.03421030895066224,-34.21030895066224,-21.3814430941639,False
H2S,3,1.2290534375160223,-394.29524331095865,-394.3299919380525,-0.03474862709384752,-34.74862709384752,-21.7178919336547,False
H2S,4,1.2377145185008105,-394.29815388151144,-394.3334524009024,-0.03529851939094897,-35.29851939094897,-22.061574619343105,False
H2S,5,1.2463755994855987,-394.3007468281203,-394.3366069410724,-0.03586011295209346,-35.86011295209346,-22.412570595058412,False
H2S,6,1.255036680470387,-394.3030339430951,-394.33946747975983,-0.03643353666473104,-36.43353666473104,-22.770960415456898,False
H2S,7,1.2636977614551752,-394.3050265955801,-394.3420455166959,-0.03701892111581628,-37.01892111581628,-23.136825697385177,False
H2S,8,1.2723588424399637,-394.30673574710033,-394.34435214561995,-0.03761639851961718,-37.61639851961718,-23.510249074760736,False
H2S,9,1.281019923424752,-394.30817196654687,-394.3463980691869,-0.03822610264001014,-38.22610264001014,-23.891314150006338,False
H2S,10,1.2896810044095401,-394.3093454446059,-394.34819361331694,-0.03884816871101293,-38.84816871101293,-24.280105444383082,False
H2S,11,1.2983420853943284,-394.3102660076686,-394.3497487410276,-0.03948273335902286,-39.48273335902286,-24.676708349389287,False
H2S,12,1.3070031663791166,-394.3109431312353,-394.3510730657581,-0.04012993452278124,-40.12993452278124,-25.081209076738276,False
H2S,13,1.3156642473639049,-394.3113859528365,-394.3521758642066,-0.0407899113700978,-40.7899113700978,-25.493694606311124,False
H2S,14,1.324325328348693,-394.31160328448027,-394.35306608869945,-0.04146280421917936,-41.46280421917936,-25.9142526369871,False
H2S,15,1.3329864093334813,-394.3116036246654,-394.3537523791152,-0.04214875444978361,-42.14875444978361,-26.342971531114756,False
H2S,16,1.3416474903182696,-394.31139516994807,-394.35424307436733,-0.04284790441926134,-42.84790441926134,-26.779940262038338,False
H2S,17,1.3503085713030578,-394.3109858260998,-394.35454622347993,-0.04356039738013351,-43.56039738013351,-27.225248362583443,False
H2S,18,1.358969652287846,-394.31038321886393,-394.3546695962522,-0.04428637738828911,-44.28637738828911,-27.678985867680694,False
H2S,19,1.3676307332726343,-394.30959470432333,-394.3546206935374,-0.045025989214082074,-45.025989214082074,-28.141243258801296,False
H2S,20,1.3762918142574225,-394.3086273788948,-394.3544067571519,-0.04577937825706613,-45.77937825706613,-28.61211141066633,False
H2S,21,1.3849528952422108,-394.307488088968,-394.3540347794158,-0.04654669044782622,-46.54669044782622,-29.09168152989139,False
H2S,22,1.393613976226999,-394.3061834401876,-394.35351151235005,-0.04732807216242918,-47.32807216242918,-29.580045101518238,False
H2S,23,1.4022750572117875,-394.30471980640914,-394.3528434765343,-0.04812367012516461,-48.12367012516461,-30.07729382822788,False
H2S,24,1.4109361381965757,-394.3031033383253,-394.35203696963896,-0.04893363131367323,-48.93363131367323,-30.58351957104577,False
H2S,25,1.419597219181364,-394.3013399717787,-394.3510980746441,-0.049758102865382625,-49.758102865382625,-31.09881429086414,False
H2S,26,1.4282583001661522,-394.2994354357746,-394.35003266775306,-0.050597231978429136,-50.597231978429136,-31.62326998651821,False
H2S,27,1.4369193811509404,-394.2973952601987,-394.3488464260165,-0.0514511658178094,-51.4511658178094,-32.15697863613087,False
H2S,28,1.4455804621357287,-394.2952247832567,-394.3475448346659,-0.05232005140919682,-52.32005140919682,-32.70003213074801,False
H2S,29,1.454241543120517,-394.29292915863437,-394.34613319417804,-0.053204035543672035,-53.204035543672035,-33.25252221479502,False
H2O2,0,1.3066256994935583,-148.75320277726763,-148.8497351898372,-0.0965324125695588,-96.5324125695588,-60.33275785597425,False
H2O2,1,1.3128065877445254,-148.75487931290513,-148.85201119930827,-0.0971318864031332,-97.1318864031332,-60.707429001958246,False
H2O2,2,1.3189874759954923,-148.7564122090122,-148.85415390707945,-0.09774169806723876,-97.74169806723876,-61.088561292024224,False
H2O2,3,1.3251683642464593,-148.7578055467906,-148.85616741897823,-0.09836187218763826,-98.36187218763826,-61.47617011727391,False
H2O2,4,1.3313492524974264,-148.7590632951023,-148.85805572993257,-0.09899243483027931,-98.99243483027931,-61.87027176892457,False
H2O2,5,1.3375301407483933,-148.760189314886,-148.85982272827852,-0.09963341339252452,-99.63341339252452,-62.27088337032782,False
H2O2,6,1.3437110289993603,-148.76118736338313,-148.86147219987993,-0.10028483649679742,-100.28483649679742,-62.67802281049839,False
H2O2,7,1.3498919172503274,-148.76206109816977,-148.8630078320489,-0.10094673387914099,-100.946733879141,-63.09170867446312,False
H2O2,8,1.3560728055012943,-148.76281408100874,-148.86443321729246,-0.10161913628371622,-101.61913628371622,-63.511960177322635,False
H2O2,9,1.3622536937522614,-148.76344978152497,-148.8657518568778,-0.10230207535283853,-102.30207535283853,-63.93879709552408,False
H2O2,10,1.3684345820032284,-148.7639715807017,-148.8669671642191,-0.1029955835173837,-102.9955835173837,-64.37223969836481,False
H2O2,11,1.3746154702541953,-148.76438277421713,-148.8680824681015,-0.10369969388437994,-103.69969388437994,-64.81230867773746,False
H2O2,12,1.3807963585051624,-148.76468657561537,-148.86910101574028,-0.10441444012491274,-104.41444012491274,-65.25902507807047,False
H2O2,13,1.3869772467561292,-148.76488611931984,-148.87002597568005,-0.10513985636021062,-105.13985636021062,-65.71241022513163,False
H2O2,14,1.3931581350070963,-148.7649844635021,-148.87086044054294,-0.10587597704085283,-105.87597704085283,-66.17248565053302,False
H2O2,15,1.3993390232580634,-148.7649845927994,-148.87160742963027,-0.10662283683086571,-106.62283683086571,-66.63927301929107,False
H2O2,16,1.4055199115090304,-148.76488942089583,-148.87226989137764,-0.10738047048181443,-107.38047048181443,-67.11279405113402,False
H2O2,17,1.4117007997599973,-148.76470179296837,-148.87285070567702,-0.10814891270865701,-108.14891270865701,-67.59307044291063,False
H2O2,18,1.4178816880109644,-148.7644244880027,-148.87335268606412,-0.10892819806142029,-108.92819806142029,-68.08012378838768,False
H2O2,19,1.4240625762619312,-148.76406022098593,-148.87377858177808,-0.10971836079215791,-109.71836079215791,-68.5739754950987,False
H2O2,20,1.4302434645128983,-148.76361164498036,-148.87413107970158,-0.11051943472122616,-110.51943472122616,-69.07464670076635,False
H2O2,21,1.4364243527638654,-148.76308135308443,-148.87441280618108,-0.11133145309665338,-111.33145309665338,-69.58215818540836,False
H2O2,22,1.4426052410148322,-148.76247188028213,-148.874626328737,-0.11215444845487355,-112.15444845487355,-70.09653028429597,False
H2O2,23,1.4487861292657993,-148.7617857051916,-148.87477415766597,-0.11298845247435452,-112.98845247435452,-70.61778279647157,False
H2O2,24,1.4549670175167664,-148.76102525171365,-148.87485874754083,-0.11383349582717983,-113.83349582717983,-71.1459348919874,False
H2O2,25,1.4611479057677332,-148.76019289058587,-148.8748824986143,-0.11468960802844208,-114.68960802844208,-71.6810050177763,False
H2O2,26,1.4673287940187003,-148.75929094084802,-148.87484775812908,-0.11555681728106038,-115.55681728106038,-72.22301080066273,False
H2O2,27,1.4735096822696674,-148.75832167122314,-148.87475682154027,-0.11643515031713036,-116.43515031713036,-72.77196894820648,False
H2O2,28,1.4796905705206342,-148.75728730141557,-148.87461193365763,-0.11732463224205958,-117.32463224205958,-73.32789515128724,False
H2O2,29,1.4858714587716013,-148.75619000333708,-148.8744152897037,-0.11822528636662355,-118.22528636662355,-73.89080397913972,False
