molecule,E_re_Ha,k_Ha_per_Bohr2,mu_eff_amu,omega_rad_per_s,hbar_omega_Ha,E_n0_Ha,E_n1_Ha,E_total_n0_Ha,E_total_n1_Ha,n0_pass,n1_pass,selected_n,Delta_q_n0_A,Delta_q_n1_A,basis,coordinate,decision_criterion,energy_reference_status,energy_reference_warning,k_Ha_per_A2,k_N_per_m,mu_eff_kg,n0_max_A,n0_min_A,n1_max_A,n1_min_A,physical_vibrational_binding_established,r_e_A,reference_shift_Ha,selected_range_max_A,selected_range_min_A,validation_status
LiH,-7.863382128921103,0.11621039750120737,0.880161046803545,351840856677855.3,0.00851062334630725,0.004255311673153625,0.012765935019460876,-7.859126817247949,-7.850616193901642,YES,YES,1,0.14320537696450547,0.24803898881957717,sto-3g,q = r(Li-H) - r_e(Li-H),E_total_n < 0 Ha,UNVALIDATED_ZERO_REFERENCE,"E_re is unshifted absolute PySCF RHF total molecular energy, including nuclear repulsion. The workflow does not define 0 Ha as the physical threshold for allowed vibrational states. These pass flags report only the requested E_total_n < 0 sign test, not established vibrational binding.",0.414994862916199,180.92716312648525,1.461541780080527e-27,1.6540172299965055,1.3676064760674946,1.7588508418515771,1.262772864212423,NO,1.510811853032,0.0,1.7588508418515771,1.262772864212423,PASS
BeH2,-15.561352807782086,0.47324778063118805,2.015999999999556,469141527175702.75,0.011347990883160757,0.005673995441580378,0.017021986324741136,-15.555678812340506,-15.544330821457345,YES,YES,1,0.08194384327985485,0.1419308999281701,sto-3g,r(Be-H_i) = r_e(Be-H_i) + q for every H,E_total_n < 0 Ha,UNVALIDATED_ZERO_REFERENCE,"E_re is unshifted absolute PySCF RHF total molecular energy, including nuclear repulsion. The workflow does not define 0 Ha as the physical threshold for allowed vibrational states. These pass flags report only the requested E_total_n < 0 sign test, not established vibrational binding.",1.6899985033300902,736.796192480251,3.3476467055004255e-27,1.372482264277855,1.208594577718145,1.43246932092617,1.1486075210698299,NO,1.290538420998,0.0,1.43246932092617,1.1486075210698299,PASS
H2O,-74.96590119229926,1.2468939474477645,1.9228376826155318,779737271980277.9,0.018860942681756913,0.009430471340878457,0.02829141402263537,-74.95647072095838,-74.93760977827662,YES,YES,1,0.0650830762274857,0.1127271947388834,sto-3g,r(O-H_i) = r_e(O-H_i) + q for every H,E_total_n < 0 Ha,UNVALIDATED_ZERO_REFERENCE,"E_re is unshifted absolute PySCF RHF total molecular energy, including nuclear repulsion. The workflow does not define 0 Ha as the physical threshold for allowed vibrational states. These pass flags report only the requested E_total_n < 0 sign test, not established vibrational binding.",4.452739117313037,1941.2805521895316,3.192947040387587e-27,1.0544922526127356,0.9243261001577642,1.1021363711241332,0.8766819816463665,NO,0.9894091763852498,0.0,1.1021363711241332,0.8766819816463665,PASS
NH3,-55.45541977879945,1.6292477532464624,2.9326118905754153,721723951053823.0,0.017457667552951847,0.008728833776475924,0.02618650132942777,-55.44669094502298,-55.429233277470026,YES,YES,1,0.05477730696310762,0.09487707876189883,sto-3g,r(N-H_i) = r_e(N-H_i) + q for every H,E_total_n < 0 Ha,UNVALIDATED_ZERO_REFERENCE,"E_re is unshifted absolute PySCF RHF total molecular energy, including nuclear repulsion. The workflow does not define 0 Ha as the physical threshold for allowed vibrational states. These pass flags report only the requested E_total_n < 0 sign test, not established vibrational binding.",5.8181493442358825,2536.564544683015,4.869716534721392e-27,1.0873000205292445,0.9777454066030291,1.1273997923280357,0.9376456348042379,NO,1.0325227135661368,0.0,1.1273997923280357,0.9376456348042379,PASS
N2,-107.50065426275157,1.8886404537016717,7.003499999998458,502830862315110.56,0.012162896931498204,0.006081448465749102,0.018244345397247307,-107.49457281428582,-107.48240991735432,YES,YES,1,0.04246635660334191,0.07355388724932627,sto-3g,q = r(N-N) - r_e(N-N),E_total_n < 0 Ha,UNVALIDATED_ZERO_REFERENCE,"E_re is unshifted absolute PySCF RHF total molecular energy, including nuclear repulsion. The workflow does not define 0 Ha as the physical threshold for allowed vibrational states. These pass flags report only the requested E_total_n < 0 sign test, not established vibrational binding.",6.744457492917276,2940.4112437582125,1.1629585169629082e-26,1.1763173640973419,1.0913846508906582,1.2074048947433262,1.0602971202446738,NO,1.133851007494,0.0,1.2074048947433262,1.0602971202446738,PASS
CO,-111.22544951413585,1.5738288619576921,6.860549410923158,463771602567688.2,0.011218098618321478,0.005609049309160739,0.016827147927482217,-111.21984046482669,-111.20862236620836,YES,YES,1,0.04467679465701904,0.07738247826527873,sto-3g,q = r(C-O) - r_e(C-O),E_total_n < 0 Ha,UNVALIDATED_ZERO_REFERENCE,"E_re is unshifted absolute PySCF RHF total molecular energy, including nuclear repulsion. The workflow does not define 0 Ha as the physical threshold for allowed vibrational states. These pass flags report only the requested E_total_n < 0 sign test, not established vibrational binding.",5.620244890866191,2450.2832566047423,1.1392210135617488e-26,1.190157470611019,1.100803881296981,1.2228631542192787,1.0680981976887212,NO,1.145480675954,0.0,1.2228631542192787,1.0680981976887212,PASS
HF,-98.57284734716009,0.7252742018611432,0.9572130598523252,842852647653477.6,0.02038763061330405,0.010193815306652025,0.030581445919956075,-98.56265353185344,-98.54226590124014,YES,YES,1,0.08872242349363701,0.15367174526162192,sto-3g,q = r(H-F) - r_e(H-F),E_total_n < 0 Ha,UNVALIDATED_ZERO_REFERENCE,"E_re is unshifted absolute PySCF RHF total molecular energy, including nuclear repulsion. The workflow does not define 0 Ha as the physical threshold for allowed vibrational states. These pass flags report only the requested E_total_n < 0 sign test, not established vibrational binding.",2.5900011913726884,1129.1743824402554,1.5894896558915297e-27,1.0441851221036371,0.866740275116363,1.109134443871622,0.801790953348378,NO,0.95546269861,0.0,1.109134443871622,0.801790953348378,PASS
H2S,-394.3116300592765,0.7944999723451962,1.9589919275703847,616645360310388.0,0.01491593798799417,0.007457968993997085,0.022373906981991255,-394.3041720902825,-394.2892561522945,YES,YES,1,0.07250692285158937,0.12558567427942965,sto-3g,r(S-H_i) = r_e(S-H_i) + q for every H,E_total_n < 0 Ha,UNVALIDATED_ZERO_REFERENCE,"E_re is unshifted absolute PySCF RHF total molecular energy, including nuclear repulsion. The workflow does not define 0 Ha as the physical threshold for allowed vibrational states. These pass flags report only the requested E_total_n < 0 sign test, not established vibrational binding.",2.8372109053916024,1236.9515051266724,3.252982575612287e-27,1.4011627916926765,1.256148945989498,1.454241543120517,1.2030701945616575,NO,1.3286558688410872,0.0,1.454241543120517,1.2030701945616575,PASS
H2O2,-148.76499662127225,0.709124310058551,8.462311148572715,280298994797179.0,0.0067801084603756005,0.0033900542301878002,0.010170162690563402,-148.76160656704207,-148.75482645858168,YES,YES,1,0.05174379368513854,0.08962287963902157,sto-3g,"q = r(O-O) - r_e(O-O); both OH lengths, OOH angles and HOOH torsion fixed",E_total_n < 0 Ha,UNVALIDATED_ZERO_REFERENCE,"E_re is unshifted absolute PySCF RHF total molecular energy, including nuclear repulsion. The workflow does not define 0 Ha as the physical threshold for allowed vibrational states. These pass flags report only the requested E_total_n < 0 sign test, not established vibrational binding.",2.532328880814947,1104.0307277288746,1.4051998034447028e-26,1.4479923728177184,1.3445047854474412,1.4858714587716013,1.3066256994935583,NO,1.3962485791325798,0.0,1.4858714587716013,1.3066256994935583,PASS
